"target_dimension","held_out","method","log_predictive_density","weight_source_single","weight_source_all","weight_target_direct","weight_rotated_fitted","weight_fit_converged"
"1","0","equal_average","-0.842625121829947","0.25","0.25","0.25","0.25","1"
"1","0","hard_inner_selection","-0.851872261367886","0.0","1.0","0.0","0.0","1"
"1","0","pseudo_bma_plus","-0.8529343482406713","0.1618478920816626","0.3171889231742446","0.2968792684506514","0.2240839162934413","1"
"1","0","regularized_stacking","-0.8504880681477895","0.215425714122","0.2701005825067753","0.3145181057291749","0.1999555976420497","1"
"1","0","rotated_fitted","-0.8287928261728259","0.0","0.0","0.0","1.0","1"
"1","0","source_all","-0.851872261367886","0.0","1.0","0.0","0.0","1"
"1","0","source_single","-0.7777165255967489","1.0","0.0","0.0","0.0","1"
"1","0","target_direct","-0.917117417551288","0.0","0.0","1.0","0.0","1"
"1","1","equal_average","-1.331469022268903","0.25","0.25","0.25","0.25","1"
"1","1","hard_inner_selection","-1.3326347785559802","0.0","1.0","0.0","0.0","1"
"1","1","pseudo_bma_plus","-1.336675466821322","0.2355733556505914","0.4283573777909657","0.1846033097643786","0.1514659567940637","1"
"1","1","regularized_stacking","-1.3348717675088584","0.265012718255288","0.4009007065273655","0.2036713479933393","0.1304152272240072","1"
"1","1","rotated_fitted","-1.4171501367922712","0.0","0.0","0.0","1.0","1"
"1","1","source_all","-1.3326347785559802","0.0","1.0","0.0","0.0","1"
"1","1","source_single","-1.4936285577056942","1.0","0.0","0.0","0.0","1"
"1","1","target_direct","-1.12204097850218","0.0","0.0","1.0","0.0","1"
"1","2","equal_average","-1.1436670769512889","0.25","0.25","0.25","0.25","1"
"1","2","hard_inner_selection","-1.136186748460153","0.0","1.0","0.0","0.0","1"
"1","2","pseudo_bma_plus","-1.13231791242902","0.1192966418517568","0.3578809065676601","0.2836589971288831","0.2391634544517006","1"
"1","2","regularized_stacking","-1.13421842023301","0.1862180668759919","0.287771991763684","0.3107870430417178","0.2152228983186063","1"
"1","2","rotated_fitted","-1.167197484359662","0.0","0.0","0.0","1.0","1"
"1","2","source_all","-1.136186748460153","0.0","1.0","0.0","0.0","1"
"1","2","source_single","-1.2052836617603098","1.0","0.0","0.0","0.0","1"
"1","2","target_direct","-1.0708776613062538","0.0","0.0","1.0","0.0","1"
"1","3","equal_average","-0.4682211083837029","0.25","0.25","0.25","0.25","1"
"1","3","hard_inner_selection","-0.4934268516170067","0.0","1.0","0.0","0.0","1"
"1","3","pseudo_bma_plus","-0.4859310124199161","0.1443873308734974","0.2836196813231523","0.3311039406366844","0.2408890471666658","1"
"1","3","regularized_stacking","-0.4761689337595354","0.2234740330792379","0.2323150146387239","0.3441112655314711","0.2000996867505669","1"
"1","3","rotated_fitted","-0.4847612931055736","0.0","0.0","0.0","1.0","1"
"1","3","source_all","-0.4934268516170067","0.0","1.0","0.0","0.0","1"
"1","3","source_single","-0.3654207983240341","1.0","0.0","0.0","0.0","1"
"1","3","target_direct","-0.5375446047900857","0.0","0.0","1.0","0.0","1"
"1","4","equal_average","-0.7303245531488514","0.25","0.25","0.25","0.25","1"
"1","4","hard_inner_selection","-0.7478894649592149","0.0","1.0","0.0","0.0","1"
"1","4","pseudo_bma_plus","-0.7338473682280388","0.2094789878078899","0.4561801068202939","0.1384478836577612","0.1958930217140549","1"
"1","4","regularized_stacking","-0.7312025259581866","0.2500970592875278","0.4250584047392364","0.1531833608647469","0.1716611751084887","1"
"1","4","rotated_fitted","-0.7489637421944921","0.0","0.0","0.0","1.0","1"
"1","4","source_all","-0.7478894649592149","0.0","1.0","0.0","0.0","1"
"1","4","source_single","-0.6879255376965229","1.0","0.0","0.0","0.0","1"
"1","4","target_direct","-0.7377849036641677","0.0","0.0","1.0","0.0","1"
"1","5","equal_average","-0.9998161837799888","0.25","0.25","0.25","0.25","1"
"1","5","hard_inner_selection","-1.0107746189397728","0.0","1.0","0.0","0.0","1"
"1","5","pseudo_bma_plus","-1.0038521619422371","0.218508864138536","0.3622004297825622","0.2482813160354448","0.1710093900434567","1"
"1","5","regularized_stacking","-1.0012441464484372","0.274363516232225","0.3167827928101063","0.259310467288175","0.1495432236694937","1"
"1","5","rotated_fitted","-0.9850812418177156","0.0","0.0","0.0","1.0","1"
"1","5","source_all","-1.0107746189397728","0.0","1.0","0.0","0.0","1"
"1","5","source_single","-0.9462189906625684","1.0","0.0","0.0","0.0","1"
"1","5","target_direct","-1.0606335914859644","0.0","0.0","1.0","0.0","1"
"1","6","equal_average","-1.0040284478625692","0.25","0.25","0.25","0.25","1"
"1","6","hard_inner_selection","-1.017024214877805","0.0","1.0","0.0","0.0","1"
"1","6","pseudo_bma_plus","-1.0088046952901644","0.1903124356765076","0.386218850606851","0.2277979238097908","0.1956707899068505","1"
"1","6","regularized_stacking","-1.0075659784368969","0.2350195814859584","0.3434505691953716","0.2515880761539697","0.1699417731647003","1"
"1","6","rotated_fitted","-0.9872203527835028","0.0","0.0","0.0","1.0","1"
"1","6","source_all","-1.017024214877805","0.0","1.0","0.0","0.0","1"
"1","6","source_single","-0.9476314726758164","1.0","0.0","0.0","0.0","1"
"1","6","target_direct","-1.0680935518218906","0.0","0.0","1.0","0.0","1"
"1","7","equal_average","-1.85401374823262","0.25","0.25","0.25","0.25","1"
"1","7","hard_inner_selection","-1.8406754427208725","0.0","1.0","0.0","0.0","1"
"1","7","pseudo_bma_plus","-1.838996477965636","0.1828597973723221","0.4300298417394836","0.2262598069545146","0.1608505539336795","1"
"1","7","regularized_stacking","-1.843967090294875","0.2296865682264559","0.3774288777762986","0.2408146079851429","0.1520699460121026","1"
"1","7","rotated_fitted","-1.927282965495092","0.0","0.0","0.0","1.0","1"
"1","7","source_all","-1.8406754427208725","0.0","1.0","0.0","0.0","1"
"1","7","source_single","-2.051378268880848","1.0","0.0","0.0","0.0","1"
"1","7","target_direct","-1.64186611389639","0.0","0.0","1.0","0.0","1"
"1","8","equal_average","-0.5191185422509865","0.25","0.25","0.25","0.25","1"
"1","8","hard_inner_selection","-0.5516615993058309","0.0","1.0","0.0","0.0","1"
"1","8","pseudo_bma_plus","-0.5268524574747946","0.2003402983369222","0.3453133911232047","0.2341095958874779","0.2202367146523952","1"
"1","8","regularized_stacking","-0.5216148677772918","0.2474795826288445","0.3014898823002485","0.256282166358312","0.194748368712595","1"
"1","8","rotated_fitted","-0.5197120346058592","0.0","0.0","0.0","1.0","1"
"1","8","source_all","-0.5516615993058309","0.0","1.0","0.0","0.0","1"
"1","8","source_single","-0.4031667356396587","1.0","0.0","0.0","0.0","1"
"1","8","target_direct","-0.6137910528022311","0.0","0.0","1.0","0.0","1"
"1","9","equal_average","-7.25150086878904","0.25","0.25","0.25","0.25","1"
"1","9","hard_inner_selection","-6.989002156882836","0.0","1.0","0.0","0.0","1"
"1","9","pseudo_bma_plus","-7.088629203747927","0.1732386299660737","0.3932561706503548","0.286880537406997","0.1466246619765744","1"
"1","9","regularized_stacking","-7.091092502001401","0.1811014934426485","0.3891063954910565","0.2888524509854062","0.1409396600808888","1"
"1","9","rotated_fitted","-7.81802841020237","0.0","0.0","0.0","1.0","1"
"1","9","source_all","-6.989002156882836","0.0","1.0","0.0","0.0","1"
"1","9","source_single","-8.605286267975776","1.0","0.0","0.0","0.0","1"
"1","9","target_direct","-6.623387370376474","0.0","0.0","1.0","0.0","1"
"1","10","equal_average","-0.8834585215971413","0.25","0.25","0.25","0.25","1"
"1","10","hard_inner_selection","-0.9283768160512416","0.0","0.0","1.0","0.0","1"
"1","10","pseudo_bma_plus","-0.8965494041660821","0.1311409593412056","0.2683326825867189","0.4001815633960178","0.2003447946760572","1"
"1","10","regularized_stacking","-0.8930742712724546","0.201121203426152","0.2154453693190872","0.4127615969536535","0.1706718303011072","1"
"1","10","rotated_fitted","-0.8794999015351028","0.0","0.0","0.0","1.0","1"
"1","10","source_all","-0.8941768674221194","0.0","1.0","0.0","0.0","1"
"1","10","source_single","-0.8340789616646578","1.0","0.0","0.0","0.0","1"
"1","10","target_direct","-0.9283768160512416","0.0","0.0","1.0","0.0","1"
"1","11","equal_average","-0.6183160517753308","0.25","0.25","0.25","0.25","1"
"1","11","hard_inner_selection","-0.639504841446334","0.0","1.0","0.0","0.0","1"
"1","11","pseudo_bma_plus","-0.6361452542979558","0.1029112376479362","0.312112564830899","0.3242415852030481","0.2607346123181167","1"
"1","11","regularized_stacking","-0.6300636276367046","0.1755243437969831","0.2532793043084287","0.346775089292304","0.2244212626022841","1"
"1","11","rotated_fitted","-0.6214691885626522","0.0","0.0","0.0","1.0","1"
"1","11","source_all","-0.639504841446334","0.0","1.0","0.0","0.0","1"
"1","11","source_single","-0.5396036712266787","1.0","0.0","0.0","0.0","1"
"1","11","target_direct","-0.6778315279903542","0.0","0.0","1.0","0.0","1"
"1","12","equal_average","-0.6610946386482364","0.25","0.25","0.25","0.25","1"
"1","12","hard_inner_selection","-0.6727093424526951","0.0","1.0","0.0","0.0","1"
"1","12","pseudo_bma_plus","-0.6598754400903041","0.1934619116755355","0.52160685517096","0.1524023766066368","0.132528856546868","1"
"1","12","regularized_stacking","-0.6552266308471246","0.2391593476212606","0.4772601452219946","0.1651934992198144","0.1183870079369303","1"
"1","12","rotated_fitted","-0.6263607016237163","0.0","0.0","0.0","1.0","1"
"1","12","source_all","-0.6727093424526951","0.0","1.0","0.0","0.0","1"
"1","12","source_single","-0.520764874138345","1.0","0.0","0.0","0.0","1"
"1","12","target_direct","-0.8527999326223084","0.0","0.0","1.0","0.0","1"
"1","13","equal_average","-1.14958211288728","0.25","0.25","0.25","0.25","1"
"1","13","hard_inner_selection","-1.1266814070191322","0.0","1.0","0.0","0.0","1"
"1","13","pseudo_bma_plus","-1.1578029439820532","0.1630354557865939","0.2865033964349683","0.2907725515069291","0.2596885962715085","1"
"1","13","regularized_stacking","-1.1609077805968282","0.2264103911403297","0.2404446825764577","0.3094074963050425","0.22373742997817","1"
"1","13","rotated_fitted","-1.0844131777279695","0.0","0.0","0.0","1.0","1"
"1","13","source_all","-1.1266814070191322","0.0","1.0","0.0","0.0","1"
"1","13","source_single","-1.1037173233389637","1.0","0.0","0.0","0.0","1"
"1","13","target_direct","-1.2974293246313424","0.0","0.0","1.0","0.0","1"
"1","14","equal_average","-0.6244074064003649","0.25","0.25","0.25","0.25","1"
"1","14","hard_inner_selection","-0.6430369108909241","0.0","1.0","0.0","0.0","1"
"1","14","pseudo_bma_plus","-0.6272781893628092","0.1444912151574562","0.370771002742967","0.3031287874170429","0.1816089946825334","1"
"1","14","regularized_stacking","-0.6226239121082262","0.2239581848954774","0.3054800974138288","0.3115754707558999","0.1589862469347938","1"
"1","14","rotated_fitted","-0.6548925789141515","0.0","0.0","0.0","1.0","1"
"1","14","source_all","-0.6430369108909241","0.0","1.0","0.0","0.0","1"
"1","14","source_single","-0.5917461510184161","1.0","0.0","0.0","0.0","1"
"1","14","target_direct","-0.6092412513809069","0.0","0.0","1.0","0.0","1"
"1","15","equal_average","-2.290169430869634","0.25","0.25","0.25","0.25","1"
"1","15","hard_inner_selection","-2.2272144145496418","0.0","1.0","0.0","0.0","1"
"1","15","pseudo_bma_plus","-2.268273167651348","0.2772813711043374","0.47451403937222","0.1065096999744733","0.1416948895489692","1"
"1","15","regularized_stacking","-2.2713926210457043","0.2845088580435068","0.4601659747899308","0.1173944146214677","0.1379307525450944","1"
"1","15","rotated_fitted","-2.182348932074114","0.0","0.0","0.0","1.0","1"
"1","15","source_all","-2.2272144145496418","0.0","1.0","0.0","0.0","1"
"1","15","source_single","-2.324605111712473","1.0","0.0","0.0","0.0","1"
"1","15","target_direct","-2.446796576446962","0.0","0.0","1.0","0.0","1"
"1","16","equal_average","-0.9480479449928294","0.25","0.25","0.25","0.25","1"
"1","16","hard_inner_selection","-0.9394839392512592","0.0","1.0","0.0","0.0","1"
"1","16","pseudo_bma_plus","-0.940991433396134","0.186588722910719","0.5027595251887167","0.1975112932746842","0.1131404586258802","1"
"1","16","regularized_stacking","-0.9436506857846776","0.2505122230417315","0.443779142368664","0.2084939982811661","0.0972146363084384","1"
"1","16","rotated_fitted","-0.9938814854344804","0.0","0.0","0.0","1.0","1"
"1","16","source_all","-0.9394839392512592","0.0","1.0","0.0","0.0","1"
"1","16","source_single","-1.011971438930774","1.0","0.0","0.0","0.0","1"
"1","16","target_direct","-0.8544469508125625","0.0","0.0","1.0","0.0","1"
"1","17","equal_average","-0.8619909364014011","0.25","0.25","0.25","0.25","1"
"1","17","hard_inner_selection","-0.8745461545994462","0.0","1.0","0.0","0.0","1"
"1","17","pseudo_bma_plus","-0.8631699594514832","0.2392112332713329","0.4474905418852479","0.1856881204203254","0.1276101044230934","1"
"1","17","regularized_stacking","-0.8580705093886968","0.305182636934169","0.3960033082686578","0.1886421010102742","0.1101719537868989","1"
"1","17","rotated_fitted","-0.8217856672644864","0.0","0.0","0.0","1.0","1"
"1","17","source_all","-0.8745461545994462","0.0","1.0","0.0","0.0","1"
"1","17","source_single","-0.7817676977282095","1.0","0.0","0.0","0.0","1"
"1","17","target_direct","-0.9808607806442928","0.0","0.0","1.0","0.0","1"
"1","18","equal_average","-0.582444736757634","0.25","0.25","0.25","0.25","1"
"1","18","hard_inner_selection","-0.607816084548771","0.0","1.0","0.0","0.0","1"
"1","18","pseudo_bma_plus","-0.5930891111566932","0.1926673451608107","0.393931336872574","0.2486394433961072","0.1647618745705079","1"
"1","18","regularized_stacking","-0.5884784900114466","0.2461423824425162","0.3336295263512073","0.2785469475592093","0.1416811436470671","1"
"1","18","rotated_fitted","-0.5755253690132344","0.0","0.0","0.0","1.0","1"
"1","18","source_all","-0.607816084548771","0.0","1.0","0.0","0.0","1"
"1","18","source_single","-0.4747309102727411","1.0","0.0","0.0","0.0","1"
"1","18","target_direct","-0.6829505467085202","0.0","0.0","1.0","0.0","1"
"1","19","equal_average","-1.9722605105516768","0.25","0.25","0.25","0.25","1"
"1","19","hard_inner_selection","-1.903006623460912","0.0","1.0","0.0","0.0","1"
"1","19","pseudo_bma_plus","-1.9758654833251197","0.2246481310760321","0.5759504235195534","0.0777639489427884","0.121637496461626","1"
"1","19","regularized_stacking","-1.9987929716791315","0.290818649238636","0.5237667053026176","0.070758608895866","0.1146560365628803","1"
"1","19","rotated_fitted","-1.9835263209676532","0.0","0.0","0.0","1.0","1"
"1","19","source_all","-1.903006623460912","0.0","1.0","0.0","0.0","1"
"1","19","source_single","-2.279282065007028","1.0","0.0","0.0","0.0","1"
"1","19","target_direct","-1.7867278010519638","0.0","0.0","1.0","0.0","1"
"1","20","equal_average","-4.1194400968103375","0.25","0.25","0.25","0.25","1"
"1","20","hard_inner_selection","-3.906790017384973","0.0","1.0","0.0","0.0","1"
"1","20","pseudo_bma_plus","-4.072839125284751","0.1984548226934498","0.3908075063096398","0.2152390184450897","0.1954986525518204","1"
"1","20","regularized_stacking","-4.091108204511394","0.2344976487139164","0.3625347345128783","0.220516847956531","0.1824507688166742","1"
"1","20","rotated_fitted","-4.122544985152019","0.0","0.0","0.0","1.0","1"
"1","20","source_all","-3.906790017384973","0.0","1.0","0.0","0.0","1"
"1","20","source_single","-4.565643058974276","1.0","0.0","0.0","0.0","1"
"1","20","target_direct","-4.000684662659172","0.0","0.0","1.0","0.0","1"
"1","21","equal_average","-0.9531956399037822","0.25","0.25","0.25","0.25","1"
"1","21","hard_inner_selection","-1.0820975297863649","0.0","0.0","1.0","0.0","1"
"1","21","pseudo_bma_plus","-0.98589337633232","0.1055407307698007","0.3116986699032937","0.3940135682241429","0.1887470311027624","1"
"1","21","regularized_stacking","-0.9846878439775192","0.1434469035402297","0.2750526761914049","0.4050466456232707","0.1764537746450946","1"
"1","21","rotated_fitted","-0.899970523441662","0.0","0.0","0.0","1.0","1"
"1","21","source_all","-0.9621106956224714","0.0","1.0","0.0","0.0","1"
"1","21","source_single","-0.8807371393468735","1.0","0.0","0.0","0.0","1"
"1","21","target_direct","-1.0820975297863649","0.0","0.0","1.0","0.0","1"
"1","22","equal_average","-0.6359472080377222","0.25","0.25","0.25","0.25","1"
"1","22","hard_inner_selection","-0.6530031768655646","0.0","1.0","0.0","0.0","1"
"1","22","pseudo_bma_plus","-0.6288794477300451","0.2108214652623283","0.3966481329055063","0.1466799399189577","0.245850461913208","1"
"1","22","regularized_stacking","-0.6293626562075074","0.2488408334118383","0.3629643985974778","0.1762203650325929","0.211974402958091","1"
"1","22","rotated_fitted","-0.5968383076722416","0.0","0.0","0.0","1.0","1"
"1","22","source_all","-0.6530031768655646","0.0","1.0","0.0","0.0","1"
"1","22","source_single","-0.5272532248050128","1.0","0.0","0.0","0.0","1"
"1","22","target_direct","-0.784207716211122","0.0","0.0","1.0","0.0","1"
"1","23","equal_average","-0.6891268465183142","0.25","0.25","0.25","0.25","1"
"1","23","hard_inner_selection","-0.703829928191205","0.0","1.0","0.0","0.0","1"
"1","23","pseudo_bma_plus","-0.717858745322806","0.1199419961167081","0.3853763637045738","0.3163903845140493","0.1782912556646687","1"
"1","23","regularized_stacking","-0.7105478938153063","0.1840641616820324","0.3342972288597411","0.3184348532930303","0.1632037561651961","1"
"1","23","rotated_fitted","-0.6523360458202764","0.0","0.0","0.0","1.0","1"
"1","23","source_all","-0.703829928191205","0.0","1.0","0.0","0.0","1"
"1","23","source_single","-0.5823325676739748","1.0","0.0","0.0","0.0","1"
"1","23","target_direct","-0.8348300313312728","0.0","0.0","1.0","0.0","1"
"1","24","equal_average","-1.64081344212458","0.25","0.25","0.25","0.25","1"
"1","24","hard_inner_selection","-1.6466461251744575","0.0","1.0","0.0","0.0","1"
"1","24","pseudo_bma_plus","-1.64142277846955","0.2666273237706045","0.3965303511105583","0.2137729157791479","0.1230694093396894","1"
"1","24","regularized_stacking","-1.6405367898437744","0.3125528163494314","0.3454959200572675","0.2374510454056054","0.1045002181876957","1"
"1","24","rotated_fitted","-1.706945099454872","0.0","0.0","0.0","1.0","1"
"1","24","source_all","-1.6466461251744575","0.0","1.0","0.0","0.0","1"
"1","24","source_single","-1.747545104239852","1.0","0.0","0.0","0.0","1"
"1","24","target_direct","-1.4829201162492402","0.0","0.0","1.0","0.0","1"
"1","25","equal_average","-0.8416141080191921","0.25","0.25","0.25","0.25","1"
"1","25","hard_inner_selection","-0.8166450887179417","0.0","0.0","1.0","0.0","1"
"1","25","pseudo_bma_plus","-0.8363863191677043","0.1060197842887099","0.2820004733930779","0.4105341055288741","0.2014456367893378","1"
"1","25","regularized_stacking","-0.8362676587883872","0.1900860594403235","0.2327650053820744","0.3974156714302298","0.1797332637473722","1"
"1","25","rotated_fitted","-0.8631856689130946","0.0","0.0","0.0","1.0","1"
"1","25","source_all","-0.8440105660226241","0.0","1.0","0.0","0.0","1"
"1","25","source_single","-0.8431645177494806","1.0","0.0","0.0","0.0","1"
"1","25","target_direct","-0.8166450887179417","0.0","0.0","1.0","0.0","1"
"1","26","equal_average","-0.7822282034120094","0.25","0.25","0.25","0.25","1"
"1","26","hard_inner_selection","-0.7925907739682734","0.0","1.0","0.0","0.0","1"
"1","26","pseudo_bma_plus","-0.7889481825160907","0.1410327915595452","0.3161991396667731","0.3567732471988997","0.1859948215747819","1"
"1","26","regularized_stacking","-0.7845309240932079","0.2248610923232403","0.2507343321355637","0.3510476676339038","0.173356907907292","1"
"1","26","rotated_fitted","-0.7929247516255055","0.0","0.0","0.0","1.0","1"
"1","26","source_all","-0.7925907739682734","0.0","1.0","0.0","0.0","1"
"1","26","source_single","-0.7416574291105242","1.0","0.0","0.0","0.0","1"
"1","26","target_direct","-0.802896737710113","0.0","0.0","1.0","0.0","1"
"1","27","equal_average","-0.6663295591444667","0.25","0.25","0.25","0.25","1"
"1","27","hard_inner_selection","-0.6936403814253224","0.0","1.0","0.0","0.0","1"
"1","27","pseudo_bma_plus","-0.6840462353657049","0.1636055621615908","0.2840859132268447","0.3112727092491372","0.2410358153624276","1"
"1","27","regularized_stacking","-0.6775402446620258","0.2351743213645826","0.232447259862104","0.3289862658482703","0.2033921529250431","1"
"1","27","rotated_fitted","-0.6403949304441479","0.0","0.0","0.0","1.0","1"
"1","27","source_all","-0.6936403814253224","0.0","1.0","0.0","0.0","1"
"1","27","source_single","-0.5607237577844741","1.0","0.0","0.0","0.0","1"
"1","27","target_direct","-0.7836685172034281","0.0","0.0","1.0","0.0","1"
"1","28","equal_average","-1.4420945983108633","0.25","0.25","0.25","0.25","1"
"1","28","hard_inner_selection","-1.4216211385060775","0.0","1.0","0.0","0.0","1"
"1","28","pseudo_bma_plus","-1.4318918267050946","0.2596335080567373","0.2877391170448555","0.2750514059415965","0.1775759689568101","1"
"1","28","regularized_stacking","-1.4384096216050988","0.3209020825065108","0.2349807446505496","0.2914998009987123","0.1526173718442272","1"
"1","28","rotated_fitted","-1.5185895855448308","0.0","0.0","0.0","1.0","1"
"1","28","source_all","-1.4216211385060775","0.0","1.0","0.0","0.0","1"
"1","28","source_single","-1.643635714350848","1.0","0.0","0.0","0.0","1"
"1","28","target_direct","-1.2306285664810028","0.0","0.0","1.0","0.0","1"
"1","29","equal_average","-0.4684326054316137","0.25","0.25","0.25","0.25","1"
"1","29","hard_inner_selection","-0.504594950003023","0.0","1.0","0.0","0.0","1"
"1","29","pseudo_bma_plus","-0.4911442239442677","0.129688696867982","0.5334050680228566","0.216887998889226","0.1200182362199355","1"
"1","29","regularized_stacking","-0.4828350864931833","0.1827608533473442","0.4840347402300591","0.2226919977747585","0.1105124086478382","1"
"1","29","rotated_fitted","-0.4701732913330955","0.0","0.0","0.0","1.0","1"
"1","29","source_all","-0.504594950003023","0.0","1.0","0.0","0.0","1"
"1","29","source_single","-0.3457411371623813","1.0","0.0","0.0","0.0","1"
"1","29","target_direct","-0.5663542927210508","0.0","0.0","1.0","0.0","1"
"1","30","equal_average","-0.5736287336494286","0.25","0.25","0.25","0.25","1"
"1","30","hard_inner_selection","-0.5988603418111286","0.0","1.0","0.0","0.0","1"
"1","30","pseudo_bma_plus","-0.5875007340373943","0.1635432576215891","0.3483979856574518","0.3381482936556048","0.149910463065354","1"
"1","30","regularized_stacking","-0.5827634791055103","0.2111252660012576","0.300151150533857","0.3542650364283758","0.1344585470365095","1"
"1","30","rotated_fitted","-0.5834928122216588","0.0","0.0","0.0","1.0","1"
"1","30","source_all","-0.5988603418111286","0.0","1.0","0.0","0.0","1"
"1","30","source_single","-0.4892703796795171","1.0","0.0","0.0","0.0","1"
"1","30","target_direct","-0.6283882179340198","0.0","0.0","1.0","0.0","1"
"1","31","equal_average","-0.5150723164391067","0.25","0.25","0.25","0.25","1"
"1","31","hard_inner_selection","-0.5410722407451095","0.0","1.0","0.0","0.0","1"
"1","31","pseudo_bma_plus","-0.5057969200850624","0.2523450199709783","0.5775170858526183","0.0877159361820476","0.082421957994356","1"
"1","31","regularized_stacking","-0.5032640184772101","0.2763502977860725","0.5511302018872275","0.0979162906942224","0.0746032096324775","1"
"1","31","rotated_fitted","-0.5029260794723426","0.0","0.0","0.0","1.0","1"
"1","31","source_all","-0.5410722407451095","0.0","1.0","0.0","0.0","1"
"1","31","source_single","-0.3898911537280223","1.0","0.0","0.0","0.0","1"
"1","31","target_direct","-0.6428025356997628","0.0","0.0","1.0","0.0","1"
"1","32","equal_average","-0.5846724800496828","0.25","0.25","0.25","0.25","1"
"1","32","hard_inner_selection","-0.6098866477106311","0.0","1.0","0.0","0.0","1"
"1","32","pseudo_bma_plus","-0.592944468305258","0.1583565420768715","0.5291906101255757","0.1451441671223013","0.1673086806752515","1"
"1","32","regularized_stacking","-0.5887860442540718","0.1977676872820476","0.4876080249715374","0.156983617587541","0.1576406701588738","1"
"1","32","rotated_fitted","-0.5852432119019363","0.0","0.0","0.0","1.0","1"
"1","32","source_all","-0.6098866477106311","0.0","1.0","0.0","0.0","1"
"1","32","source_single","-0.4882695134421465","1.0","0.0","0.0","0.0","1"
"1","32","target_direct","-0.6634269931999878","0.0","0.0","1.0","0.0","1"
"1","33","equal_average","-0.7117502110708658","0.25","0.25","0.25","0.25","1"
"1","33","hard_inner_selection","-0.7302106723673997","0.0","1.0","0.0","0.0","1"
"1","33","pseudo_bma_plus","-0.713427554759003","0.2081452484318795","0.4392511234463585","0.1634205353191893","0.1891830928025729","1"
"1","33","regularized_stacking","-0.7103681201508947","0.2467762384746716","0.4065041586365408","0.1704703142417681","0.1762492886470194","1"
"1","33","rotated_fitted","-0.7104911657996938","0.0","0.0","0.0","1.0","1"
"1","33","source_all","-0.7302106723673997","0.0","1.0","0.0","0.0","1"
"1","33","source_single","-0.6397936006632208","1.0","0.0","0.0","0.0","1"
"1","33","target_direct","-0.7710517425319114","0.0","0.0","1.0","0.0","1"
"1","34","equal_average","-1.1430825808527958","0.25","0.25","0.25","0.25","1"
"1","34","hard_inner_selection","-1.1162492434745093","0.0","1.0","0.0","0.0","1"
"1","34","pseudo_bma_plus","-1.1373734294830602","0.1773515412352684","0.3385503098226357","0.2756624526420552","0.2084356963000404","1"
"1","34","regularized_stacking","-1.139653324219239","0.2234981316497002","0.2838231468882769","0.3117409289654833","0.1809377924965395","1"
"1","34","rotated_fitted","-1.151497862938618","0.0","0.0","0.0","1.0","1"
"1","34","source_all","-1.1162492434745093","0.0","1.0","0.0","0.0","1"
"1","34","source_single","-1.1788247000277083","1.0","0.0","0.0","0.0","1"
"1","34","target_direct","-1.1269196164546558","0.0","0.0","1.0","0.0","1"
"1","35","equal_average","-0.7838484121451674","0.25","0.25","0.25","0.25","1"
"1","35","hard_inner_selection","-0.7987233082987506","0.0","1.0","0.0","0.0","1"
"1","35","pseudo_bma_plus","-0.78576153660667","0.1821994399480837","0.773616064796359","0.0266919229736768","0.0174925722818803","1"
"1","35","regularized_stacking","-0.7821995377500581","0.2291946036778925","0.7100050798544315","0.0298568258683637","0.0309434905993124","1"
"1","35","rotated_fitted","-0.7833848513742803","0.0","0.0","0.0","1.0","1"
"1","35","source_all","-0.7987233082987506","0.0","1.0","0.0","0.0","1"
"1","35","source_single","-0.7268499641770163","1.0","0.0","0.0","0.0","1"
"1","35","target_direct","-0.8292151184140103","0.0","0.0","1.0","0.0","1"
"1","36","equal_average","-1.376627891091381","0.25","0.25","0.25","0.25","1"
"1","36","hard_inner_selection","-1.3563552170058002","0.0","1.0","0.0","0.0","1"
"1","36","pseudo_bma_plus","-1.373483703511182","0.2058018307654474","0.4588791228399262","0.1272321354751519","0.2080869109194744","1"
"1","36","regularized_stacking","-1.375694032357316","0.262222759659108","0.4043730991234502","0.1455984665462317","0.1878056746712101","1"
"1","36","rotated_fitted","-1.3901093340990531","0.0","0.0","0.0","1.0","1"
"1","36","source_all","-1.3563552170058002","0.0","1.0","0.0","0.0","1"
"1","36","source_single","-1.4097546961279237","1.0","0.0","0.0","0.0","1"
"1","36","target_direct","-1.3514519452505285","0.0","0.0","1.0","0.0","1"
"1","37","equal_average","-0.6043702252322298","0.25","0.25","0.25","0.25","1"
"1","37","hard_inner_selection","-0.6303691242000073","0.0","1.0","0.0","0.0","1"
"1","37","pseudo_bma_plus","-0.611389329791344","0.2109988630386356","0.4001556453392448","0.2491241669630447","0.1397213246590747","1"
"1","37","regularized_stacking","-0.6050137229434274","0.2712140945097511","0.3509079963761484","0.251451305805752","0.1264266033083483","1"
"1","37","rotated_fitted","-0.6059817842311299","0.0","0.0","0.0","1.0","1"
"1","37","source_all","-0.6303691242000073","0.0","1.0","0.0","0.0","1"
"1","37","source_single","-0.5214857369064203","1.0","0.0","0.0","0.0","1"
"1","37","target_direct","-0.6653335012164899","0.0","0.0","1.0","0.0","1"
"1","38","equal_average","-0.5733816692237681","0.25","0.25","0.25","0.25","1"
"1","38","hard_inner_selection","-0.5928620334563146","0.0","1.0","0.0","0.0","1"
"1","38","pseudo_bma_plus","-0.586544604327418","0.148539963762612","0.4539554575508994","0.2482093373002555","0.1492952413862323","1"
"1","38","regularized_stacking","-0.5811755701338277","0.2047756940230259","0.39074242216062","0.2667836759416001","0.137698207874754","1"
"1","38","rotated_fitted","-0.5777417604728882","0.0","0.0","0.0","1.0","1"
"1","38","source_all","-0.5928620334563146","0.0","1.0","0.0","0.0","1"
"1","38","source_single","-0.481993402989863","1.0","0.0","0.0","0.0","1"
"1","38","target_direct","-0.64816113929299","0.0","0.0","1.0","0.0","1"
"1","39","equal_average","-1.2874084706847952","0.25","0.25","0.25","0.25","1"
"1","39","hard_inner_selection","-1.232006990225737","0.0","1.0","0.0","0.0","1"
"1","39","pseudo_bma_plus","-1.2874805289802511","0.2302229413380195","0.3262463763120282","0.2621333879977706","0.1813972943521818","1"
"1","39","regularized_stacking","-1.2958650257265507","0.2772347868425573","0.2761465490854295","0.2944109509487601","0.1522077131232531","1"
"1","39","rotated_fitted","-1.2343975551305382","0.0","0.0","0.0","1.0","1"
"1","39","source_all","-1.232006990225737","0.0","1.0","0.0","0.0","1"
"1","39","source_single","-1.30866419427455","1.0","0.0","0.0","0.0","1"
"1","39","target_direct","-1.3821309077845765","0.0","0.0","1.0","0.0","1"
"1","40","equal_average","-0.6407398268143747","0.25","0.25","0.25","0.25","1"
"1","40","hard_inner_selection","-0.658813658398962","0.0","1.0","0.0","0.0","1"
"1","40","pseudo_bma_plus","-0.6489630094992094","0.1983580200430862","0.4276336988275061","0.2607730944569023","0.1132351866725052","1"
"1","40","regularized_stacking","-0.6437604281000535","0.2651640389927872","0.3538713780867186","0.2865170471287698","0.0944475357917242","1"
"1","40","rotated_fitted","-0.6405252527117123","0.0","0.0","0.0","1.0","1"
"1","40","source_all","-0.658813658398962","0.0","1.0","0.0","0.0","1"
"1","40","source_single","-0.5611730478663041","1.0","0.0","0.0","0.0","1"
"1","40","target_direct","-0.7080779797553115","0.0","0.0","1.0","0.0","1"
"1","41","equal_average","-3.381830428708718","0.25","0.25","0.25","0.25","1"
"1","41","hard_inner_selection","-3.217261021872973","0.0","1.0","0.0","0.0","1"
"1","41","pseudo_bma_plus","-3.467885317497835","0.344576506457687","0.4658363957782769","0.0583385749916907","0.1312485227723454","1"
"1","41","regularized_stacking","-3.490345746507912","0.3734918092892968","0.442370131726212","0.054246439013234","0.1298916199712569","1"
"1","41","rotated_fitted","-3.576060223558095","0.0","0.0","0.0","1.0","1"
"1","41","source_all","-3.217261021872973","0.0","1.0","0.0","0.0","1"
"1","41","source_single","-4.070527476925066","1.0","0.0","0.0","0.0","1"
"1","41","target_direct","-2.9794260448619","0.0","0.0","1.0","0.0","1"
"1","42","equal_average","-1.086074160709296","0.25","0.25","0.25","0.25","1"
"1","42","hard_inner_selection","-1.075662675944258","0.0","1.0","0.0","0.0","1"
"1","42","pseudo_bma_plus","-1.0866062962976382","0.2066477675957676","0.3352295408266315","0.2651198567309785","0.1930028348466226","1"
"1","42","regularized_stacking","-1.0873238603196391","0.2655142245678098","0.281049494956114","0.2844965657813476","0.1689397146947287","1"
"1","42","rotated_fitted","-1.0774088913812303","0.0","0.0","0.0","1.0","1"
"1","42","source_all","-1.075662675944258","0.0","1.0","0.0","0.0","1"
"1","42","source_single","-1.0752199667739883","1.0","0.0","0.0","0.0","1"
"1","42","target_direct","-1.116618019941463","0.0","0.0","1.0","0.0","1"
"1","43","equal_average","-0.7828445843158545","0.25","0.25","0.25","0.25","1"
"1","43","hard_inner_selection","-0.8074139293981968","0.0","0.0","1.0","0.0","1"
"1","43","pseudo_bma_plus","-0.7912782180285891","0.1512285787213498","0.2858828757748538","0.3744284798225974","0.1884600656811992","1"
"1","43","regularized_stacking","-0.7874378384022663","0.2105694718209367","0.2337837331808836","0.3937979061794518","0.1618488888187277","1"
"1","43","rotated_fitted","-0.7897266540593744","0.0","0.0","0.0","1.0","1"
"1","43","source_all","-0.8032949579572335","0.0","1.0","0.0","0.0","1"
"1","43","source_single","-0.7327494615140209","1.0","0.0","0.0","0.0","1"
"1","43","target_direct","-0.8074139293981968","0.0","0.0","1.0","0.0","1"
"1","44","equal_average","-0.55230581973246","0.25","0.25","0.25","0.25","1"
"1","44","hard_inner_selection","-0.581481569353382","0.0","1.0","0.0","0.0","1"
"1","44","pseudo_bma_plus","-0.5332470418875163","0.3703941217048384","0.5925886521652284","0.0144606728172309","0.022556553312702","1"
"1","44","regularized_stacking","-0.5336701920703985","0.3662614373349221","0.5883667660167508","0.0162679207092641","0.029103875939063","1"
"1","44","rotated_fitted","-0.5535443561287621","0.0","0.0","0.0","1.0","1"
"1","44","source_all","-0.581481569353382","0.0","1.0","0.0","0.0","1"
"1","44","source_single","-0.4562759836801275","1.0","0.0","0.0","0.0","1"
"1","44","target_direct","-0.6257369799268048","0.0","0.0","1.0","0.0","1"
"1","45","equal_average","-0.5226432462948984","0.25","0.25","0.25","0.25","1"
"1","45","hard_inner_selection","-0.5584103690788781","0.0","1.0","0.0","0.0","1"
"1","45","pseudo_bma_plus","-0.543519280953064","0.1332272401672307","0.5168760106672902","0.224580889726252","0.1253158594392273","1"
"1","45","regularized_stacking","-0.5306476352346192","0.2214529622479474","0.4421007949960951","0.2230743796720392","0.1133718630839181","1"
"1","45","rotated_fitted","-0.5217863774969623","0.0","0.0","0.0","1.0","1"
"1","45","source_all","-0.5584103690788781","0.0","1.0","0.0","0.0","1"
"1","45","source_single","-0.4157633594252964","1.0","0.0","0.0","0.0","1"
"1","45","target_direct","-0.6044204721766961","0.0","0.0","1.0","0.0","1"
"1","46","equal_average","-0.9082450417252148","0.25","0.25","0.25","0.25","1"
"1","46","hard_inner_selection","-0.9223485008089756","0.0","1.0","0.0","0.0","1"
"1","46","pseudo_bma_plus","-0.9136940326459622","0.1794937425144089","0.4312775761834574","0.2361729028748287","0.1530557784273049","1"
"1","46","regularized_stacking","-0.9110252102686264","0.2308188937088467","0.3778448382305063","0.2488395190785337","0.1424967489821132","1"
"1","46","rotated_fitted","-0.9068616474832512","0.0","0.0","0.0","1.0","1"
"1","46","source_all","-0.9223485008089756","0.0","1.0","0.0","0.0","1"
"1","46","source_single","-0.8636170152313484","1.0","0.0","0.0","0.0","1"
"1","46","target_direct","-0.9418211821948176","0.0","0.0","1.0","0.0","1"
"1","47","equal_average","-0.5478200059652802","0.25","0.25","0.25","0.25","1"
"1","47","hard_inner_selection","-0.5796222254129099","0.0","1.0","0.0","0.0","1"
"1","47","pseudo_bma_plus","-0.5711374709879902","0.1115712282801382","0.3152386434476524","0.2923591093527537","0.2808310189194559","1"
"1","47","regularized_stacking","-0.5630855207850567","0.181505455061926","0.2593941704303654","0.3257624004011448","0.2333379741065636","1"
"1","47","rotated_fitted","-0.5549595661572542","0.0","0.0","0.0","1.0","1"
"1","47","source_all","-0.5796222254129099","0.0","1.0","0.0","0.0","1"
"1","47","source_single","-0.4309466424793365","1.0","0.0","0.0","0.0","1"
"1","47","target_direct","-0.6372646349301223","0.0","0.0","1.0","0.0","1"
"1","48","equal_average","-0.504939253515317","0.25","0.25","0.25","0.25","1"
"1","48","hard_inner_selection","-0.5291676160256844","0.0","1.0","0.0","0.0","1"
"1","48","pseudo_bma_plus","-0.5188727250323901","0.1683148539112576","0.4106927809595741","0.2479180063390859","0.1730743587900818","1"
"1","48","regularized_stacking","-0.5119536574483758","0.2287155327502569","0.3489208227609721","0.2699384589906641","0.152425185498107","1"
"1","48","rotated_fitted","-0.5055551071012282","0.0","0.0","0.0","1.0","1"
"1","48","source_all","-0.5291676160256844","0.0","1.0","0.0","0.0","1"
"1","48","source_single","-0.3867525163160646","1.0","0.0","0.0","0.0","1"
"1","48","target_direct","-0.6113018044776319","0.0","0.0","1.0","0.0","1"
"1","49","equal_average","-0.9453795441648573","0.25","0.25","0.25","0.25","1"
"1","49","hard_inner_selection","-0.91428246062874","0.0","0.0","1.0","0.0","1"
"1","49","pseudo_bma_plus","-0.9391954157276008","0.1704112866638586","0.2438868079240333","0.4281668141702579","0.1575350912418497","1"
"1","49","regularized_stacking","-0.9368585534900588","0.2322962072814938","0.1955282401070403","0.4358020123573007","0.1363735402541651","1"
"1","49","rotated_fitted","-0.9567731061915712","0.0","0.0","0.0","1.0","1"
"1","49","source_all","-0.9741521659175812","0.0","1.0","0.0","0.0","1"
"1","49","source_single","-0.9373063367354286","1.0","0.0","0.0","0.0","1"
"1","49","target_direct","-0.91428246062874","0.0","0.0","1.0","0.0","1"
"1","50","equal_average","-1.549877995512709","0.25","0.25","0.25","0.25","1"
"1","50","hard_inner_selection","-1.4668699151729698","0.0","1.0","0.0","0.0","1"
"1","50","pseudo_bma_plus","-1.513638058080264","0.1023145350214458","0.5847776887665611","0.2047657464761027","0.1081420297358899","1"
"1","50","regularized_stacking","-1.5199769064525217","0.1488499011456815","0.5478966832598052","0.2027344112327317","0.1005190043617814","1"
"1","50","rotated_fitted","-1.5186042104152708","0.0","0.0","0.0","1.0","1"
"1","50","source_all","-1.4668699151729698","0.0","1.0","0.0","0.0","1"
"1","50","source_single","-1.621528706517059","1.0","0.0","0.0","0.0","1"
"1","50","target_direct","-1.6003027334179496","0.0","0.0","1.0","0.0","1"
"1","51","equal_average","-0.8919696235208583","0.25","0.25","0.25","0.25","1"
"1","51","hard_inner_selection","-0.9181971971986596","0.0","1.0","0.0","0.0","1"
"1","51","pseudo_bma_plus","-0.8972493958059217","0.1952213742570413","0.4391073585571872","0.2123075877392204","0.1533636794465511","1"
"1","51","regularized_stacking","-0.8935848605928816","0.2618413161877839","0.3852602819193077","0.2230375683768141","0.1298608335160943","1"
"1","51","rotated_fitted","-0.9095650470651468","0.0","0.0","0.0","1.0","1"
"1","51","source_all","-0.9181971971986596","0.0","1.0","0.0","0.0","1"
"1","51","source_single","-0.8675227845510644","1.0","0.0","0.0","0.0","1"
"1","51","target_direct","-0.8735600904346752","0.0","0.0","1.0","0.0","1"
"1","52","equal_average","-2.5498574040919637","0.25","0.25","0.25","0.25","1"
"1","52","hard_inner_selection","-2.466518469041964","0.0","1.0","0.0","0.0","1"
"1","52","pseudo_bma_plus","-2.5359371402990405","0.2546406666068275","0.5275539236114115","0.1250575211522211","0.0927478886295392","1"
"1","52","regularized_stacking","-2.544943452347788","0.2934157173052546","0.48869114290851","0.1231450110927096","0.0947481286935257","1"
"1","52","rotated_fitted","-2.501122843686243","0.0","0.0","0.0","1.0","1"
"1","52","source_all","-2.466518469041964","0.0","1.0","0.0","0.0","1"
"1","52","source_single","-2.711580876433173","1.0","0.0","0.0","0.0","1"
"1","52","target_direct","-2.5374627000971595","0.0","0.0","1.0","0.0","1"
"1","53","equal_average","-1.5877801543283507","0.25","0.25","0.25","0.25","1"
"1","53","hard_inner_selection","-1.5851498455488502","0.0","1.0","0.0","0.0","1"
"1","53","pseudo_bma_plus","-1.6048071770375598","0.3002310428029572","0.4535967240293644","0.1117210485188035","0.1344511846488744","1"
"1","53","regularized_stacking","-1.605709027459791","0.3209182771239971","0.4132669774565468","0.127645132488606","0.13816961293085","1"
"1","53","rotated_fitted","-1.5654393791542742","0.0","0.0","0.0","1.0","1"
"1","53","source_all","-1.5851498455488502","0.0","1.0","0.0","0.0","1"
"1","53","source_single","-1.6898796104264608","1.0","0.0","0.0","0.0","1"
"1","53","target_direct","-1.5184086880993182","0.0","0.0","1.0","0.0","1"
"1","54","equal_average","-0.8220285910935516","0.25","0.25","0.25","0.25","1"
"1","54","hard_inner_selection","-0.8035127642757036","0.0","1.0","0.0","0.0","1"
"1","54","pseudo_bma_plus","-0.809771553858769","0.2398600813501879","0.592265851818176","0.0788898376733306","0.0889842291583056","1"
"1","54","regularized_stacking","-0.8101008779030969","0.2878759128212111","0.5431721574973708","0.0834302581681977","0.0855216715132204","1"
"1","54","rotated_fitted","-0.8154720273581979","0.0","0.0","0.0","1.0","1"
"1","54","source_all","-0.8035127642757036","0.0","1.0","0.0","0.0","1"
"1","54","source_single","-0.8055659303974191","1.0","0.0","0.0","0.0","1"
"1","54","target_direct","-0.8647955275277109","0.0","0.0","1.0","0.0","1"
"1","55","equal_average","-0.6723486705211004","0.25","0.25","0.25","0.25","1"
"1","55","hard_inner_selection","-0.6938041082336085","0.0","0.0","1.0","0.0","1"
"1","55","pseudo_bma_plus","-0.6870262102160516","0.0944515973853133","0.2580112158110103","0.4613529772607673","0.1861842095429092","1"
"1","55","regularized_stacking","-0.6804777320947434","0.1595952340507193","0.2123062739177395","0.4496445152494141","0.178453976782127","1"
"1","55","rotated_fitted","-0.695641925341835","0.0","0.0","0.0","1.0","1"
"1","55","source_all","-0.7013171935865352","0.0","1.0","0.0","0.0","1"
"1","55","source_single","-0.6020729578498938","1.0","0.0","0.0","0.0","1"
"1","55","target_direct","-0.6938041082336085","0.0","0.0","1.0","0.0","1"
"1","56","equal_average","-0.6286684737440273","0.25","0.25","0.25","0.25","1"
"1","56","hard_inner_selection","-0.6323359891848279","0.0","1.0","0.0","0.0","1"
"1","56","pseudo_bma_plus","-0.617800646514715","0.2545562024375719","0.5342190288118611","0.1209697339304256","0.0902550348201412","1"
"1","56","regularized_stacking","-0.6161546380138583","0.2959772917101567","0.4680306234816003","0.1514096903606012","0.0845823944476416","1"
"1","56","rotated_fitted","-0.6373111151150792","0.0","0.0","0.0","1.0","1"
"1","56","source_all","-0.6323359891848279","0.0","1.0","0.0","0.0","1"
"1","56","source_single","-0.541441776229392","1.0","0.0","0.0","0.0","1"
"1","56","target_direct","-0.7108310563125246","0.0","0.0","1.0","0.0","1"
"1","57","equal_average","-0.6571823249496542","0.25","0.25","0.25","0.25","1"
"1","57","hard_inner_selection","-0.7372902951312944","0.0","0.0","1.0","0.0","1"
"1","57","pseudo_bma_plus","-0.68248903590037","0.105558879966883","0.2769759298132293","0.4271294445797997","0.1903357456400885","1"
"1","57","regularized_stacking","-0.6761456583435373","0.1791135054808364","0.2290323173484034","0.4211686506219692","0.1706855265487909","1"
"1","57","rotated_fitted","-0.6546965377000429","0.0","0.0","0.0","1.0","1"
"1","57","source_all","-0.6597794325626583","0.0","1.0","0.0","0.0","1"
"1","57","source_single","-0.582921058317173","1.0","0.0","0.0","0.0","1"
"1","57","target_direct","-0.7372902951312944","0.0","0.0","1.0","0.0","1"
"1","58","equal_average","-0.4956697475500162","0.25","0.25","0.25","0.25","1"
"1","58","hard_inner_selection","-0.5223668933369797","0.0","1.0","0.0","0.0","1"
"1","58","pseudo_bma_plus","-0.4988808657562846","0.219208792793684","0.4755457157744814","0.1904529900184527","0.1147925014133818","1"
"1","58","regularized_stacking","-0.4948526797686453","0.2537060828767999","0.4348707048551432","0.2061675069423959","0.1052557053256609","1"
"1","58","rotated_fitted","-0.5070618211451904","0.0","0.0","0.0","1.0","1"
"1","58","source_all","-0.5223668933369797","0.0","1.0","0.0","0.0","1"
"1","58","source_single","-0.3824417065823291","1.0","0.0","0.0","0.0","1"
"1","58","target_direct","-0.5814628782833389","0.0","0.0","1.0","0.0","1"
"1","59","equal_average","-0.4967093628256906","0.25","0.25","0.25","0.25","1"
"1","59","hard_inner_selection","-0.5202396332001774","0.0","1.0","0.0","0.0","1"
"1","59","pseudo_bma_plus","-0.505702333714232","0.1773415270058395","0.4929993454309798","0.1974993646700991","0.1321597628930809","1"
"1","59","regularized_stacking","-0.5012541546663222","0.2237061759306972","0.4295756758225997","0.2303264614214176","0.1163916868252854","1"
"1","59","rotated_fitted","-0.5052070779735828","0.0","0.0","0.0","1.0","1"
"1","59","source_all","-0.5202396332001774","0.0","1.0","0.0","0.0","1"
"1","59","source_single","-0.3739214392276445","1.0","0.0","0.0","0.0","1"
"1","59","target_direct","-0.6008787089402826","0.0","0.0","1.0","0.0","1"
"1","60","equal_average","-0.492513252213216","0.25","0.25","0.25","0.25","1"
"1","60","hard_inner_selection","-0.5184429056482117","0.0","1.0","0.0","0.0","1"
"1","60","pseudo_bma_plus","-0.4993350638298478","0.1892070528730156","0.5040107161605676","0.1760936574208562","0.1306885735455604","1"
"1","60","regularized_stacking","-0.4933615565831841","0.2412404799109841","0.4585716805364787","0.1884132443763338","0.1117745951762033","1"
"1","60","rotated_fitted","-0.4958863431609046","0.0","0.0","0.0","1.0","1"
"1","60","source_all","-0.5184429056482117","0.0","1.0","0.0","0.0","1"
"1","60","source_single","-0.3881863176634951","1.0","0.0","0.0","0.0","1"
"1","60","target_direct","-0.5769818708926766","0.0","0.0","1.0","0.0","1"
"1","61","equal_average","-0.8433434451084232","0.25","0.25","0.25","0.25","1"
"1","61","hard_inner_selection","-0.8663600365031592","0.0","1.0","0.0","0.0","1"
"1","61","pseudo_bma_plus","-0.8556401437196584","0.150242346324972","0.5014550106116052","0.2310754622538826","0.1172271808095399","1"
"1","61","regularized_stacking","-0.8508181751261883","0.212296136484981","0.4436684829689362","0.2364183379082116","0.1076170426378711","1"
"1","61","rotated_fitted","-0.8336886901461737","0.0","0.0","0.0","1.0","1"
"1","61","source_all","-0.8663600365031592","0.0","1.0","0.0","0.0","1"
"1","61","source_single","-0.7837359349688011","1.0","0.0","0.0","0.0","1"
"1","61","target_direct","-0.8929199513563999","0.0","0.0","1.0","0.0","1"
"1","62","equal_average","-0.8948109879578146","0.25","0.25","0.25","0.25","1"
"1","62","hard_inner_selection","-0.8947246730375484","0.0","1.0","0.0","0.0","1"
"1","62","pseudo_bma_plus","-0.8888612819019015","0.1318187514244597","0.3583371310720012","0.3430059917371773","0.1668381257663612","1"
"1","62","regularized_stacking","-0.8898329756605552","0.2021479623216207","0.289982916394656","0.3506920017653832","0.15717711951834","1"
"1","62","rotated_fitted","-0.906360320008736","0.0","0.0","0.0","1.0","1"
"1","62","source_all","-0.8947246730375484","0.0","1.0","0.0","0.0","1"
"1","62","source_single","-0.9136590867688554","1.0","0.0","0.0","0.0","1"
"1","62","target_direct","-0.8651860131380538","0.0","0.0","1.0","0.0","1"
"1","63","equal_average","-1.7372935179319375","0.25","0.25","0.25","0.25","1"
"1","63","hard_inner_selection","-1.750729558113507","0.0","1.0","0.0","0.0","1"
"1","63","pseudo_bma_plus","-1.743259023221312","0.1722397045489127","0.6225785691831687","0.0722268173922174","0.1329549088757011","1"
"1","63","regularized_stacking","-1.7440086073142858","0.2108739851618474","0.5949813203006704","0.074899612503516","0.1192450820339661","1"
"1","63","rotated_fitted","-1.694994657455513","0.0","0.0","0.0","1.0","1"
"1","63","source_all","-1.750729558113507","0.0","1.0","0.0","0.0","1"
"1","63","source_single","-1.7496325928935796","1.0","0.0","0.0","0.0","1"
"1","63","target_direct","-1.7550469466184633","0.0","0.0","1.0","0.0","1"
"1","64","equal_average","-1.7340106370468806","0.25","0.25","0.25","0.25","1"
"1","64","hard_inner_selection","-1.6917274660971489","0.0","1.0","0.0","0.0","1"
"1","64","pseudo_bma_plus","-1.719534582894481","0.1593163341758686","0.5568167323123098","0.1415129874631176","0.1423539460487041","1"
"1","64","regularized_stacking","-1.7303835711606406","0.2171359310352404","0.4990633701230787","0.1496046941206079","0.1341960047210729","1"
"1","64","rotated_fitted","-1.8046709273524604","0.0","0.0","0.0","1.0","1"
"1","64","source_all","-1.6917274660971489","0.0","1.0","0.0","0.0","1"
"1","64","source_single","-1.9388928893506605","1.0","0.0","0.0","0.0","1"
"1","64","target_direct","-1.5431518392603631","0.0","0.0","1.0","0.0","1"
"1","65","equal_average","-1.714303154918197","0.25","0.25","0.25","0.25","1"
"1","65","hard_inner_selection","-1.6596920271580349","0.0","1.0","0.0","0.0","1"
"1","65","pseudo_bma_plus","-1.716635328256919","0.338489411675666","0.4996172515417293","0.0743746175008786","0.087518719281726","1"
"1","65","regularized_stacking","-1.7205968391456503","0.3613492771808521","0.4811463140901067","0.0768015106494336","0.0807028980796076","1"
"1","65","rotated_fitted","-1.6442334625561528","0.0","0.0","0.0","1.0","1"
"1","65","source_all","-1.6596920271580349","0.0","1.0","0.0","0.0","1"
"1","65","source_single","-1.8227850814302795","1.0","0.0","0.0","0.0","1"
"1","65","target_direct","-1.7405525503758772","0.0","0.0","1.0","0.0","1"
"1","66","equal_average","-1.6850808913271946","0.25","0.25","0.25","0.25","1"
"1","66","hard_inner_selection","-1.642845203596934","0.0","1.0","0.0","0.0","1"
"1","66","pseudo_bma_plus","-1.692408846320193","0.2532232549863544","0.5385628495432523","0.1154818331903758","0.0927320622800179","1"
"1","66","regularized_stacking","-1.7037444110917574","0.3046647635582978","0.4848933652562878","0.1203147080808275","0.0901271631045867","1"
"1","66","rotated_fitted","-1.7604035973910377","0.0","0.0","0.0","1.0","1"
"1","66","source_all","-1.642845203596934","0.0","1.0","0.0","0.0","1"
"1","66","source_single","-1.905101722448793","1.0","0.0","0.0","0.0","1"
"1","66","target_direct","-1.4805792513967582","0.0","0.0","1.0","0.0","1"
"1","67","equal_average","-2.296383830195825","0.25","0.25","0.25","0.25","1"
"1","67","hard_inner_selection","-2.271414714915092","0.0","1.0","0.0","0.0","1"
"1","67","pseudo_bma_plus","-2.304099296151164","0.3036106443271871","0.3373431160566129","0.2199389449530509","0.1391072946631488","1"
"1","67","regularized_stacking","-2.305494471936648","0.3235114690449402","0.3189315216333063","0.2339684492989638","0.1235885600227896","1"
"1","67","rotated_fitted","-2.3041347796855645","0.0","0.0","0.0","1.0","1"
"1","67","source_all","-2.271414714915092","0.0","1.0","0.0","0.0","1"
"1","67","source_single","-2.441168971022451","1.0","0.0","0.0","0.0","1"
"1","67","target_direct","-2.1855319929224253","0.0","0.0","1.0","0.0","1"
"1","68","equal_average","-1.84282891797245","0.25","0.25","0.25","0.25","1"
"1","68","hard_inner_selection","-1.8184682641045893","0.0","1.0","0.0","0.0","1"
"1","68","pseudo_bma_plus","-1.8625360997099525","0.2617860473767906","0.6167277109322405","0.0301973111172828","0.0912889305736852","1"
"1","68","regularized_stacking","-1.866982298154572","0.286459294900318","0.5969382666155012","0.0302402371453048","0.0863622013388761","1"
"1","68","rotated_fitted","-1.8215166690181357","0.0","0.0","0.0","1.0","1"
"1","68","source_all","-1.8184682641045893","0.0","1.0","0.0","0.0","1"
"1","68","source_single","-2.0081745350401725","1.0","0.0","0.0","0.0","1"
"1","68","target_direct","-1.7418995408439606","0.0","0.0","1.0","0.0","1"
"1","69","equal_average","-0.6233889460835169","0.25","0.25","0.25","0.25","1"
"1","69","hard_inner_selection","-0.6444691002840264","0.0","1.0","0.0","0.0","1"
"1","69","pseudo_bma_plus","-0.6285135651005933","0.1657810253505905","0.6761406252040258","0.0803653000131037","0.0777130494322796","1"
"1","69","regularized_stacking","-0.6256308901180128","0.1981878743450291","0.6387611583440314","0.0915219575450386","0.0715290097659008","1"
"1","69","rotated_fitted","-0.6257599658319468","0.0","0.0","0.0","1.0","1"
"1","69","source_all","-0.6444691002840264","0.0","1.0","0.0","0.0","1"
"1","69","source_single","-0.5412754201034392","1.0","0.0","0.0","0.0","1"
"1","69","target_direct","-0.687768879647025","0.0","0.0","1.0","0.0","1"
"1","70","equal_average","-1.663150456650555","0.25","0.25","0.25","0.25","1"
"1","70","hard_inner_selection","-1.6626089721557458","0.0","1.0","0.0","0.0","1"
"1","70","pseudo_bma_plus","-1.6650818267656862","0.185675885744495","0.5654933449543644","0.1429257347370716","0.1059050345640689","1"
"1","70","regularized_stacking","-1.6664053761630877","0.2418362571302767","0.5131236487680477","0.1482544358851416","0.0967856582165341","1"
"1","70","rotated_fitted","-1.6208554535600534","0.0","0.0","0.0","1.0","1"
"1","70","source_all","-1.6626089721557458","0.0","1.0","0.0","0.0","1"
"1","70","source_single","-1.6763128427905063","1.0","0.0","0.0","0.0","1"
"1","70","target_direct","-1.6942982223792078","0.0","0.0","1.0","0.0","1"
"1","71","equal_average","-0.9570696735427672","0.25","0.25","0.25","0.25","1"
"1","71","hard_inner_selection","-0.9530431138174889","0.0","1.0","0.0","0.0","1"
"1","71","pseudo_bma_plus","-0.955329873316958","0.1924491341017108","0.4374857101239354","0.2132103461331176","0.1568548096412364","1"
"1","71","regularized_stacking","-0.9544171075936804","0.2571308443532881","0.3614604686707525","0.2379680819427981","0.1434406050331611","1"
"1","71","rotated_fitted","-0.97726535129903","0.0","0.0","0.0","1.0","1"
"1","71","source_all","-0.9530431138174889","0.0","1.0","0.0","0.0","1"
"1","71","source_single","-0.9431843597634066","1.0","0.0","0.0","0.0","1"
"1","71","target_direct","-0.9550953524883083","0.0","0.0","1.0","0.0","1"
"1","72","equal_average","-1.552441306661516","0.25","0.25","0.25","0.25","1"
"1","72","hard_inner_selection","-1.509673351360953","0.0","1.0","0.0","0.0","1"
"1","72","pseudo_bma_plus","-1.529352368063873","0.2072106147134781","0.3637466226287003","0.2668423760181593","0.1622003866396621","1"
"1","72","regularized_stacking","-1.53840738141999","0.2726085443219515","0.292904893650749","0.2882622729959452","0.1462242890313543","1"
"1","72","rotated_fitted","-1.6334020036453702","0.0","0.0","0.0","1.0","1"
"1","72","source_all","-1.509673351360953","0.0","1.0","0.0","0.0","1"
"1","72","source_single","-1.7560493487938018","1.0","0.0","0.0","0.0","1"
"1","72","target_direct","-1.3549911666427672","0.0","0.0","1.0","0.0","1"
"1","73","equal_average","-0.4981610364755082","0.25","0.25","0.25","0.25","1"
"1","73","hard_inner_selection","-0.5254659036035518","0.0","1.0","0.0","0.0","1"
"1","73","pseudo_bma_plus","-0.5013846692632419","0.2026689229107664","0.5122893373731937","0.1505998192094744","0.1344419205065654","1"
"1","73","regularized_stacking","-0.4953454372078996","0.2465014468548596","0.467204448699143","0.157412992564579","0.1288811118814184","1"
"1","73","rotated_fitted","-0.5002966903011739","0.0","0.0","0.0","1.0","1"
"1","73","source_all","-0.5254659036035518","0.0","1.0","0.0","0.0","1"
"1","73","source_single","-0.3807071571303242","1.0","0.0","0.0","0.0","1"
"1","73","target_direct","-0.5986013717130411","0.0","0.0","1.0","0.0","1"
"1","74","equal_average","-1.018591467938286","0.25","0.25","0.25","0.25","1"
"1","74","hard_inner_selection","-1.0307541039717631","0.0","1.0","0.0","0.0","1"
"1","74","pseudo_bma_plus","-1.0224459007194973","0.2132283904209068","0.3950811495432652","0.2357096206317655","0.1559808394040628","1"
"1","74","regularized_stacking","-1.0213015290167151","0.2574306102658686","0.3478704432118089","0.2604002115790185","0.1342987349433039","1"
"1","74","rotated_fitted","-1.0065905563383115","0.0","0.0","0.0","1.0","1"
"1","74","source_all","-1.0307541039717631","0.0","1.0","0.0","0.0","1"
"1","74","source_single","-0.9768698857855044","1.0","0.0","0.0","0.0","1"
"1","74","target_direct","-1.062113353958783","0.0","0.0","1.0","0.0","1"
"1","75","equal_average","-1.0673857040067465","0.25","0.25","0.25","0.25","1"
"1","75","hard_inner_selection","-1.0696259096869911","0.0","1.0","0.0","0.0","1"
"1","75","pseudo_bma_plus","-1.0594445710475682","0.2570744299869069","0.4742888579576647","0.0987586409007436","0.1698780711546846","1"
"1","75","regularized_stacking","-1.05870756362989","0.2872317583937961","0.4465420081619659","0.1035664994104395","0.1626597340337985","1"
"1","75","rotated_fitted","-1.036234975594211","0.0","0.0","0.0","1.0","1"
"1","75","source_all","-1.0696259096869911","0.0","1.0","0.0","0.0","1"
"1","75","source_single","-1.0267681400658952","1.0","0.0","0.0","0.0","1"
"1","75","target_direct","-1.1408783608555335","0.0","0.0","1.0","0.0","1"
"2","0","equal_average","-2.2403065818397323","0.25","0.25","0.25","0.25","1"
"2","0","hard_inner_selection","-2.326046640526792","0.0","1.0","0.0","0.0","1"
"2","0","pseudo_bma_plus","-2.2485479393043","0.2321338682823437","0.3407530620491077","0.2053093052932163","0.2218037643753319","1"
"2","0","regularized_stacking","-2.2422507943380565","0.2923750300719973","0.3262402244147889","0.1833145237912689","0.1980702217219448","1"
"2","0","rotated_fitted","-2.201372627135087","0.0","0.0","0.0","1.0","1"
"2","0","source_all","-2.326046640526792","0.0","1.0","0.0","0.0","1"
"2","0","source_single","-2.1591871705516623","1.0","0.0","0.0","0.0","1"
"2","0","target_direct","-2.2832506046718923","0.0","0.0","1.0","0.0","1"
"2","1","equal_average","-2.761715328094483","0.25","0.25","0.25","0.25","1"
"2","1","hard_inner_selection","-2.8280486290680065","0.0","1.0","0.0","0.0","1"
"2","1","pseudo_bma_plus","-2.786664260900486","0.2573495536935172","0.410280782354648","0.1484210318070885","0.1839486321447457","1"
"2","1","regularized_stacking","-2.794298226305523","0.307935062251481","0.4263117544958479","0.115627893883061","0.1501252893696099","1"
"2","1","rotated_fitted","-2.8243054335541755","0.0","0.0","0.0","1.0","1"
"2","1","source_all","-2.8280486290680065","0.0","1.0","0.0","0.0","1"
"2","1","source_single","-2.8152520326190515","1.0","0.0","0.0","0.0","1"
"2","1","target_direct","-2.5987621945368327","0.0","0.0","1.0","0.0","1"
"2","2","equal_average","-2.601983045986006","0.25","0.25","0.25","0.25","1"
"2","2","hard_inner_selection","-2.533651113067556","0.0","1.0","0.0","0.0","1"
"2","2","pseudo_bma_plus","-2.582086939830067","0.1658005141960002","0.4899492590213034","0.0912557885814624","0.2529944382012339","1"
"2","2","regularized_stacking","-2.5873215773091665","0.223405413048347","0.4487631240040344","0.0928494545266535","0.234982008420965","1"
"2","2","rotated_fitted","-2.6291757902152506","0.0","0.0","0.0","1.0","1"
"2","2","source_all","-2.533651113067556","0.0","1.0","0.0","0.0","1"
"2","2","source_single","-2.6537624588060647","1.0","0.0","0.0","0.0","1"
"2","2","target_direct","-2.595437123850772","0.0","0.0","1.0","0.0","1"
"2","3","equal_average","-3.0013275604608163","0.25","0.25","0.25","0.25","1"
"2","3","hard_inner_selection","-3.011770061935972","0.0","0.0","0.0","1.0","1"
"2","3","pseudo_bma_plus","-2.9941265614467283","0.2615379619494304","0.3386241214222018","0.1304947532417558","0.2693431633866114","1"
"2","3","regularized_stacking","-2.994642327955406","0.3082625668249376","0.3631825541315427","0.1099640175564869","0.2185908614870328","1"
"2","3","rotated_fitted","-3.011770061935972","0.0","0.0","0.0","1.0","1"
"2","3","source_all","-2.9192144815411845","0.0","1.0","0.0","0.0","1"
"2","3","source_single","-3.073644061396533","1.0","0.0","0.0","0.0","1"
"2","3","target_direct","-3.00676915874453","0.0","0.0","1.0","0.0","1"
"2","4","equal_average","-2.109545375150584","0.25","0.25","0.25","0.25","1"
"2","4","hard_inner_selection","-2.175135650840997","0.0","1.0","0.0","0.0","1"
"2","4","pseudo_bma_plus","-2.126221000832606","0.22134778668584","0.4424031688925515","0.0981442288318816","0.2381048155897269","1"
"2","4","regularized_stacking","-2.123901593313773","0.28687788477135","0.4438004560802993","0.073549820763791","0.1957718383845597","1"
"2","4","rotated_fitted","-2.1099080766100577","0.0","0.0","0.0","1.0","1"
"2","4","source_all","-2.175135650840997","0.0","1.0","0.0","0.0","1"
"2","4","source_single","-2.0668910806199983","1.0","0.0","0.0","0.0","1"
"2","4","target_direct","-2.089477023303788","0.0","0.0","1.0","0.0","1"
"2","5","equal_average","-2.5378748086205043","0.25","0.25","0.25","0.25","1"
"2","5","hard_inner_selection","-2.59368173384991","0.0","1.0","0.0","0.0","1"
"2","5","pseudo_bma_plus","-2.541950066151319","0.2764051889949044","0.3078493440384917","0.2450219929660706","0.1707234740005331","1"
"2","5","regularized_stacking","-2.538594772222412","0.3263161019437428","0.3264003964754739","0.2070160331849084","0.140267468395875","1"
"2","5","rotated_fitted","-2.500307331863839","0.0","0.0","0.0","1.0","1"
"2","5","source_all","-2.59368173384991","0.0","1.0","0.0","0.0","1"
"2","5","source_single","-2.470493974681798","1.0","0.0","0.0","0.0","1"
"2","5","target_direct","-2.5930773632989523","0.0","0.0","1.0","0.0","1"
"2","6","equal_average","-2.466449954327434","0.25","0.25","0.25","0.25","1"
"2","6","hard_inner_selection","-2.533028385716056","0.0","1.0","0.0","0.0","1"
"2","6","pseudo_bma_plus","-2.470353787677539","0.2528899131252312","0.3983536193033152","0.1312424698472256","0.2175139977242275","1"
"2","6","regularized_stacking","-2.466632296862222","0.3045380500810342","0.4078923463776932","0.1025056636074373","0.1850639399338353","1"
"2","6","rotated_fitted","-2.424285057467912","0.0","0.0","0.0","1.0","1"
"2","6","source_all","-2.533028385716056","0.0","1.0","0.0","0.0","1"
"2","6","source_single","-2.3905449992827386","1.0","0.0","0.0","0.0","1"
"2","6","target_direct","-2.5256863172384008","0.0","0.0","1.0","0.0","1"
"2","7","equal_average","-3.2744246346995687","0.25","0.25","0.25","0.25","1"
"2","7","hard_inner_selection","-3.209231855924748","0.0","1.0","0.0","0.0","1"
"2","7","pseudo_bma_plus","-3.2782228405733957","0.2413062309729849","0.4505464812432966","0.1401296482666227","0.1680176395170952","1"
"2","7","regularized_stacking","-3.299058465945198","0.3089244516410327","0.4332125818995497","0.1090410153872333","0.1488219510721842","1"
"2","7","rotated_fitted","-3.462901963798033","0.0","0.0","0.0","1.0","1"
"2","7","source_all","-3.209231855924748","0.0","1.0","0.0","0.0","1"
"2","7","source_single","-3.493576036958645","1.0","0.0","0.0","0.0","1"
"2","7","target_direct","-3.011125539757226","0.0","0.0","1.0","0.0","1"
"2","8","equal_average","-1.885965746259212","0.25","0.25","0.25","0.25","1"
"2","8","hard_inner_selection","-1.984963401308576","0.0","1.0","0.0","0.0","1"
"2","8","pseudo_bma_plus","-1.899736582322867","0.2209803911847763","0.3894510579308969","0.1836685834023252","0.2058999674820018","1"
"2","8","regularized_stacking","-1.889884216064624","0.2885223221497964","0.3936135460789575","0.1426993859275887","0.1751647458436574","1"
"2","8","rotated_fitted","-1.839043352449388","0.0","0.0","0.0","1.0","1"
"2","8","source_all","-1.984963401308576","0.0","1.0","0.0","0.0","1"
"2","8","source_single","-1.7684776079049458","1.0","0.0","0.0","0.0","1"
"2","8","target_direct","-1.9676681060089611","0.0","0.0","1.0","0.0","1"
"2","9","equal_average","-8.839659716484077","0.25","0.25","0.25","0.25","1"
"2","9","hard_inner_selection","-9.57175581233739","0.0","0.0","0.0","1.0","1"
"2","9","pseudo_bma_plus","-8.839201995678822","0.2337113472303965","0.2480640483614516","0.2518567276046259","0.2663678768035261","1"
"2","9","regularized_stacking","-8.815561839060816","0.2445864795693846","0.2747184610112205","0.2325807202968643","0.2481143391225305","1"
"2","9","rotated_fitted","-9.57175581233739","0.0","0.0","0.0","1.0","1"
"2","9","source_all","-8.170613949050678","0.0","1.0","0.0","0.0","1"
"2","9","source_single","-9.859715215792075","1.0","0.0","0.0","0.0","1"
"2","9","target_direct","-8.652224806624027","0.0","0.0","1.0","0.0","1"
"2","10","equal_average","-2.428412140825833","0.25","0.25","0.25","0.25","1"
"2","10","hard_inner_selection","-2.4889283796958246","0.0","1.0","0.0","0.0","1"
"2","10","pseudo_bma_plus","-2.438563055327412","0.216590359928532","0.333817278471072","0.2852562728767204","0.1643360887236757","1"
"2","10","regularized_stacking","-2.4355612377919327","0.2688927519024519","0.3439896053793315","0.2464156695941316","0.1407019731240847","1"
"2","10","rotated_fitted","-2.40281965059963","0.0","0.0","0.0","1.0","1"
"2","10","source_all","-2.4889283796958246","0.0","1.0","0.0","0.0","1"
"2","10","source_single","-2.370233244817825","1.0","0.0","0.0","0.0","1"
"2","10","target_direct","-2.4558921459667085","0.0","0.0","1.0","0.0","1"
"2","11","equal_average","-1.8213154005369607","0.25","0.25","0.25","0.25","1"
"2","11","hard_inner_selection","-1.9228899566499411","0.0","1.0","0.0","0.0","1"
"2","11","pseudo_bma_plus","-1.842818456869064","0.1910170467896836","0.4339413299501138","0.1629231732671092","0.2121184499930931","1"
"2","11","regularized_stacking","-1.8323123053316444","0.2627682557851854","0.4048519416392267","0.1476058958117398","0.1847739067638481","1"
"2","11","rotated_fitted","-1.7843812651883673","0.0","0.0","0.0","1.0","1"
"2","11","source_all","-1.9228899566499411","0.0","1.0","0.0","0.0","1"
"2","11","source_single","-1.7181807397698932","1.0","0.0","0.0","0.0","1"
"2","11","target_direct","-1.8722710540773928","0.0","0.0","1.0","0.0","1"
"2","12","equal_average","-1.8985193577476929","0.25","0.25","0.25","0.25","1"
"2","12","hard_inner_selection","-2.0143908894763145","0.0","1.0","0.0","0.0","1"
"2","12","pseudo_bma_plus","-1.9136174767478156","0.248929175542407","0.4565008263786879","0.1441537949600443","0.1504162031188612","1"
"2","12","regularized_stacking","-1.8964170282947448","0.3121442369687895","0.4340843042466362","0.1153123619831387","0.1384590968014355","1"
"2","12","rotated_fitted","-1.819788836485212","0.0","0.0","0.0","1.0","1"
"2","12","source_all","-2.0143908894763145","0.0","1.0","0.0","0.0","1"
"2","12","source_single","-1.7344881931382408","1.0","0.0","0.0","0.0","1"
"2","12","target_direct","-2.0619250250095265","0.0","0.0","1.0","0.0","1"
"2","13","equal_average","-2.7212065350005963","0.25","0.25","0.25","0.25","1"
"2","13","hard_inner_selection","-2.7035235158077686","0.0","0.0","0.0","1.0","1"
"2","13","pseudo_bma_plus","-2.6985524603955704","0.2628191929009249","0.3285540887304866","0.1567193567569661","0.2519073616116218","1"
"2","13","regularized_stacking","-2.6921120861388843","0.3171749529152513","0.3411254549390975","0.1224748124890545","0.2192247796565966","1"
"2","13","rotated_fitted","-2.7035235158077686","0.0","0.0","0.0","1.0","1"
"2","13","source_all","-2.6122016505608623","0.0","1.0","0.0","0.0","1"
"2","13","source_single","-2.707868736514188","1.0","0.0","0.0","0.0","1"
"2","13","target_direct","-2.8795403875892074","0.0","0.0","1.0","0.0","1"
"2","14","equal_average","-1.6633290359173","0.25","0.25","0.25","0.25","1"
"2","14","hard_inner_selection","-1.7878859680711916","0.0","1.0","0.0","0.0","1"
"2","14","pseudo_bma_plus","-1.694011650928144","0.1964581373923103","0.4541925623617676","0.1420869627375758","0.2072623375083457","1"
"2","14","regularized_stacking","-1.6840541060166097","0.2728871088511733","0.4321497412780213","0.1137329635467655","0.1812301863240398","1"
"2","14","rotated_fitted","-1.6491222432993426","0.0","0.0","0.0","1.0","1"
"2","14","source_all","-1.7878859680711916","0.0","1.0","0.0","0.0","1"
"2","14","source_single","-1.5686046930692656","1.0","0.0","0.0","0.0","1"
"2","14","target_direct","-1.6598869187978846","0.0","0.0","1.0","0.0","1"
"2","15","equal_average","-4.315427772996195","0.25","0.25","0.25","0.25","1"
"2","15","hard_inner_selection","-4.334242110339693","0.0","1.0","0.0","0.0","1"
"2","15","pseudo_bma_plus","-4.316847926589833","0.2210059758983621","0.4988609982216306","0.1159632550549355","0.1641697708250716","1"
"2","15","regularized_stacking","-4.316079585821111","0.2654868402583572","0.4871061534437189","0.099172211533781","0.148234794764143","1"
"2","15","rotated_fitted","-4.228579080960492","0.0","0.0","0.0","1.0","1"
"2","15","source_all","-4.334242110339693","0.0","1.0","0.0","0.0","1"
"2","15","source_single","-4.302717712973833","1.0","0.0","0.0","0.0","1"
"2","15","target_direct","-4.404132606170593","0.0","0.0","1.0","0.0","1"
"2","16","equal_average","-5.913176149298424","0.25","0.25","0.25","0.25","1"
"2","16","hard_inner_selection","-5.50313112380225","0.0","1.0","0.0","0.0","1"
"2","16","pseudo_bma_plus","-5.840471953621961","0.2994360157615832","0.4089914635350819","0.1537928454184218","0.137779675284913","1"
"2","16","regularized_stacking","-5.8557749949910445","0.3452998153742078","0.4096472097598297","0.1248781567502983","0.1201748181156642","1"
"2","16","rotated_fitted","-6.118397473272009","0.0","0.0","0.0","1.0","1"
"2","16","source_all","-5.50313112380225","0.0","1.0","0.0","0.0","1"
"2","16","source_single","-6.408759499519692","1.0","0.0","0.0","0.0","1"
"2","16","target_direct","-5.846048562289578","0.0","0.0","1.0","0.0","1"
"2","17","equal_average","-2.3772542625764777","0.25","0.25","0.25","0.25","1"
"2","17","hard_inner_selection","-2.3342735225982976","0.0","1.0","0.0","0.0","1"
"2","17","pseudo_bma_plus","-2.359272533770008","0.3318634061410445","0.3678810984056768","0.1483368729976197","0.1519186224556587","1"
"2","17","regularized_stacking","-2.352525180907658","0.3976026907707067","0.368141951004677","0.1092903791391814","0.1249649790854348","1"
"2","17","rotated_fitted","-2.3466590106925027","0.0","0.0","0.0","1.0","1"
"2","17","source_all","-2.3342735225982976","0.0","1.0","0.0","0.0","1"
"2","17","source_single","-2.332546715485296","1.0","0.0","0.0","0.0","1"
"2","17","target_direct","-2.5058923624235527","0.0","0.0","1.0","0.0","1"
"2","18","equal_average","-3.3972428442509357","0.25","0.25","0.25","0.25","1"
"2","18","hard_inner_selection","-3.2342002616446752","0.0","1.0","0.0","0.0","1"
"2","18","pseudo_bma_plus","-3.386012535225529","0.2652641810649149","0.3082413896175416","0.2302123074734631","0.1962821218440797","1"
"2","18","regularized_stacking","-3.3883764677800867","0.306442236764713","0.3460841492682799","0.1787504407003684","0.1687231732666386","1"
"2","18","rotated_fitted","-3.50429760232428","0.0","0.0","0.0","1.0","1"
"2","18","source_all","-3.2342002616446752","0.0","1.0","0.0","0.0","1"
"2","18","source_single","-3.5839234044073587","1.0","0.0","0.0","0.0","1"
"2","18","target_direct","-3.3067369327888105","0.0","0.0","1.0","0.0","1"
"2","19","equal_average","-3.13734522700675","0.25","0.25","0.25","0.25","1"
"2","19","hard_inner_selection","-3.01048260030249","0.0","1.0","0.0","0.0","1"
"2","19","pseudo_bma_plus","-3.116839550160564","0.334359347991688","0.4994609039903302","0.0636828016967282","0.1024969463212534","1"
"2","19","regularized_stacking","-3.1335570325593105","0.4167030290389324","0.4570456800874992","0.0416955062799522","0.0845557845936161","1"
"2","19","rotated_fitted","-3.1914961724113637","0.0","0.0","0.0","1.0","1"
"2","19","source_all","-3.01048260030249","0.0","1.0","0.0","0.0","1"
"2","19","source_single","-3.28083111045469","1.0","0.0","0.0","0.0","1"
"2","19","target_direct","-3.087491998590319","0.0","0.0","1.0","0.0","1"
"2","20","equal_average","-6.732385928322487","0.25","0.25","0.25","0.25","1"
"2","20","hard_inner_selection","-7.162145978786528","0.0","0.0","0.0","1.0","1"
"2","20","pseudo_bma_plus","-6.6684114870270506","0.2357577764430635","0.2998839084389604","0.2176133022076271","0.2467450129103489","1"
"2","20","regularized_stacking","-6.649181332681184","0.2600957830588373","0.3193163380187895","0.1918068475390547","0.2287810313833184","1"
"2","20","rotated_fitted","-7.162145978786528","0.0","0.0","0.0","1.0","1"
"2","20","source_all","-6.025228672886502","0.0","1.0","0.0","0.0","1"
"2","20","source_single","-7.348953371039074","1.0","0.0","0.0","0.0","1"
"2","20","target_direct","-6.979152173974513","0.0","0.0","1.0","0.0","1"
"2","21","equal_average","-2.113165835358396","0.25","0.25","0.25","0.25","1"
"2","21","hard_inner_selection","-2.1900036899224093","0.0","1.0","0.0","0.0","1"
"2","21","pseudo_bma_plus","-2.14835211063553","0.1622615277922421","0.4737631849354031","0.2313681371627712","0.1326071501095837","1"
"2","21","regularized_stacking","-2.136440664497389","0.2219206869177143","0.4445116962457945","0.2117956762373557","0.1217719405991352","1"
"2","21","rotated_fitted","-2.0373229166834856","0.0","0.0","0.0","1.0","1"
"2","21","source_all","-2.1900036899224093","0.0","1.0","0.0","0.0","1"
"2","21","source_single","-1.9924687168244064","1.0","0.0","0.0","0.0","1"
"2","21","target_direct","-2.256016197009437","0.0","0.0","1.0","0.0","1"
"2","22","equal_average","-2.078485439732076","0.25","0.25","0.25","0.25","1"
"2","22","hard_inner_selection","-2.23275681570888","0.0","1.0","0.0","0.0","1"
"2","22","pseudo_bma_plus","-2.122732944364711","0.3030631750584083","0.5561828731787073","0.0198957890256237","0.1208581627372604","1"
"2","22","regularized_stacking","-2.112213109387142","0.3622515924650804","0.5186314332278379","0.0146983883871178","0.1044185859199638","1"
"2","22","rotated_fitted","-2.0189263603205534","0.0","0.0","0.0","1.0","1"
"2","22","source_all","-2.23275681570888","0.0","1.0","0.0","0.0","1"
"2","22","source_single","-1.9868018841619035","1.0","0.0","0.0","0.0","1"
"2","22","target_direct","-2.093016315525407","0.0","0.0","1.0","0.0","1"
"2","23","equal_average","-3.3985971575871017","0.25","0.25","0.25","0.25","1"
"2","23","hard_inner_selection","-3.16515429377722","0.0","1.0","0.0","0.0","1"
"2","23","pseudo_bma_plus","-3.3469842390143087","0.2598915847477833","0.3965544836508315","0.1486883336605323","0.1948655979408525","1"
"2","23","regularized_stacking","-3.346619256823427","0.3255314058389205","0.3992005606958076","0.1123301135263186","0.1629379199389532","1"
"2","23","rotated_fitted","-3.4341379741802003","0.0","0.0","0.0","1.0","1"
"2","23","source_all","-3.16515429377722","0.0","1.0","0.0","0.0","1"
"2","23","source_single","-3.4987091400153005","1.0","0.0","0.0","0.0","1"
"2","23","target_direct","-3.541036803760824","0.0","0.0","1.0","0.0","1"
"2","24","equal_average","-4.914677621420052","0.25","0.25","0.25","0.25","1"
"2","24","hard_inner_selection","-4.737999520986227","0.0","1.0","0.0","0.0","1"
"2","24","pseudo_bma_plus","-4.932745990681766","0.341181164297837","0.2802613368006945","0.1607680936555357","0.2177894052459321","1"
"2","24","regularized_stacking","-4.9249710894249805","0.3651319806220945","0.3375752712688304","0.1239584753538072","0.1733342727552677","1"
"2","24","rotated_fitted","-5.045133285462073","0.0","0.0","0.0","1.0","1"
"2","24","source_all","-4.737999520986227","0.0","1.0","0.0","0.0","1"
"2","24","source_single","-5.1236577002070245","1.0","0.0","0.0","0.0","1"
"2","24","target_direct","-4.80345269296348","0.0","0.0","1.0","0.0","1"
"2","25","equal_average","-2.374128270589445","0.25","0.25","0.25","0.25","1"
"2","25","hard_inner_selection","-2.3645468450748304","0.0","1.0","0.0","0.0","1"
"2","25","pseudo_bma_plus","-2.371871672404974","0.1706118126979959","0.3817701892898582","0.2512216277347756","0.1963963702773699","1"
"2","25","regularized_stacking","-2.372131194947636","0.25480392446988","0.3855934225255457","0.1906103939397284","0.168992259064846","1"
"2","25","rotated_fitted","-2.3883228707736173","0.0","0.0","0.0","1.0","1"
"2","25","source_all","-2.3645468450748304","0.0","1.0","0.0","0.0","1"
"2","25","source_single","-2.376980223996119","1.0","0.0","0.0","0.0","1"
"2","25","target_direct","-2.366840145653996","0.0","0.0","1.0","0.0","1"
"2","26","equal_average","-2.151056790273368","0.25","0.25","0.25","0.25","1"
"2","26","hard_inner_selection","-2.2210686936641846","0.0","1.0","0.0","0.0","1"
"2","26","pseudo_bma_plus","-2.161116833917605","0.1847117596144727","0.3438838556126581","0.2211521371585976","0.2502522476142719","1"
"2","26","regularized_stacking","-2.1558185539521397","0.2637096071237498","0.3253999073571603","0.1884347972334523","0.2224556882856376","1"
"2","26","rotated_fitted","-2.1407343460589594","0.0","0.0","0.0","1.0","1"
"2","26","source_all","-2.2210686936641846","0.0","1.0","0.0","0.0","1"
"2","26","source_single","-2.0972937786604686","1.0","0.0","0.0","0.0","1"
"2","26","target_direct","-2.1490519213200314","0.0","0.0","1.0","0.0","1"
"2","27","equal_average","-1.968455094696816","0.25","0.25","0.25","0.25","1"
"2","27","hard_inner_selection","-1.90237818924246","0.0","0.0","0.0","1.0","1"
"2","27","pseudo_bma_plus","-1.942521363710849","0.2985791896990895","0.2737228340741206","0.1280353771396766","0.299662599087113","1"
"2","27","regularized_stacking","-1.93730928737796","0.3492791402691222","0.3029965354321589","0.1015995257932821","0.2461247985054365","1"
"2","27","rotated_fitted","-1.90237818924246","0.0","0.0","0.0","1.0","1"
"2","27","source_all","-2.032705628604578","0.0","1.0","0.0","0.0","1"
"2","27","source_single","-1.83876881480593","1.0","0.0","0.0","0.0","1"
"2","27","target_direct","-2.124582804198681","0.0","0.0","1.0","0.0","1"
"2","28","equal_average","-4.001746428446596","0.25","0.25","0.25","0.25","1"
"2","28","hard_inner_selection","-4.304049648438875","1.0","0.0","0.0","0.0","1"
"2","28","pseudo_bma_plus","-4.030936255021844","0.4181046907235719","0.2693727566830066","0.1466691656682251","0.1658533869251968","1"
"2","28","regularized_stacking","-4.0202962337842525","0.4359850937705317","0.3054377357742505","0.1146187092863207","0.1439584611688969","1"
"2","28","rotated_fitted","-4.165943330354557","0.0","0.0","0.0","1.0","1"
"2","28","source_all","-3.6896133551992536","0.0","1.0","0.0","0.0","1"
"2","28","source_single","-4.304049648438875","1.0","0.0","0.0","0.0","1"
"2","28","target_direct","-3.956797288688456","0.0","0.0","1.0","0.0","1"
"2","29","equal_average","-1.636650495906717","0.25","0.25","0.25","0.25","1"
"2","29","hard_inner_selection","-1.780444880064019","0.0","1.0","0.0","0.0","1"
"2","29","pseudo_bma_plus","-1.6740047809714371","0.2097015798483695","0.5470642239117343","0.0909669388542864","0.15226725738561","1"
"2","29","regularized_stacking","-1.6542236473215357","0.2842180158145386","0.5039854853444514","0.073895482605764","0.1379010162352459","1"
"2","29","rotated_fitted","-1.5699302946861056","0.0","0.0","0.0","1.0","1"
"2","29","source_all","-1.780444880064019","0.0","1.0","0.0","0.0","1"
"2","29","source_single","-1.479593367851179","1.0","0.0","0.0","0.0","1"
"2","29","target_direct","-1.7477212779754914","0.0","0.0","1.0","0.0","1"
"2","30","equal_average","-1.7205098373070675","0.25","0.25","0.25","0.25","1"
"2","30","hard_inner_selection","-1.8353336700571825","0.0","1.0","0.0","0.0","1"
"2","30","pseudo_bma_plus","-1.734180393448291","0.2508615650217142","0.3918586879772464","0.1730210666574677","0.1842586803435717","1"
"2","30","regularized_stacking","-1.729047590001534","0.2895626288775025","0.3946501054916226","0.1502098626771719","0.1655774029537028","1"
"2","30","rotated_fitted","-1.684055552829487","0.0","0.0","0.0","1.0","1"
"2","30","source_all","-1.8353336700571825","0.0","1.0","0.0","0.0","1"
"2","30","source_single","-1.6025670656909763","1.0","0.0","0.0","0.0","1"
"2","30","target_direct","-1.775842642391488","0.0","0.0","1.0","0.0","1"
"2","31","equal_average","-1.947919475305633","0.25","0.25","0.25","0.25","1"
"2","31","hard_inner_selection","-1.9913069196926223","0.0","1.0","0.0","0.0","1"
"2","31","pseudo_bma_plus","-1.9450258550208548","0.299258969899704","0.5124453148634608","0.0831931946606389","0.1051025205761961","1"
"2","31","regularized_stacking","-1.939354483854653","0.3411023809947425","0.4922486806721656","0.0695456632466803","0.0971032750864114","1"
"2","31","rotated_fitted","-1.910900956398771","0.0","0.0","0.0","1.0","1"
"2","31","source_all","-1.9913069196926223","0.0","1.0","0.0","0.0","1"
"2","31","source_single","-1.8581325685618637","1.0","0.0","0.0","0.0","1"
"2","31","target_direct","-2.041344514001552","0.0","0.0","1.0","0.0","1"
"2","32","equal_average","-1.8182799036422417","0.25","0.25","0.25","0.25","1"
"2","32","hard_inner_selection","-1.9351112225847744","0.0","1.0","0.0","0.0","1"
"2","32","pseudo_bma_plus","-1.8353518106093225","0.1965930008739733","0.3995526826920181","0.151203814824835","0.2526505016091734","1"
"2","32","regularized_stacking","-1.826599428602834","0.2544919243983664","0.3905411405833731","0.1276031991548608","0.2273637358633996","1"
"2","32","rotated_fitted","-1.7729469420318391","0.0","0.0","0.0","1.0","1"
"2","32","source_all","-1.9351112225847744","0.0","1.0","0.0","0.0","1"
"2","32","source_single","-1.6989557495408911","1.0","0.0","0.0","0.0","1"
"2","32","target_direct","-1.8831881591611392","0.0","0.0","1.0","0.0","1"
"2","33","equal_average","-2.080973873330328","0.25","0.25","0.25","0.25","1"
"2","33","hard_inner_selection","-2.047107798553029","0.0","0.0","0.0","1.0","1"
"2","33","pseudo_bma_plus","-2.0785303668172066","0.2878940540266598","0.3611652072472399","0.0908891666121069","0.2600515721139935","1"
"2","33","regularized_stacking","-2.0748097619469363","0.3393416376805553","0.3682116193004724","0.0696143684828892","0.2228323745360831","1"
"2","33","rotated_fitted","-2.047107798553029","0.0","0.0","0.0","1.0","1"
"2","33","source_all","-2.1615885287433536","0.0","1.0","0.0","0.0","1"
"2","33","source_single","-1.9956245496065408","1.0","0.0","0.0","0.0","1"
"2","33","target_direct","-2.1281625811060296","0.0","0.0","1.0","0.0","1"
"2","34","equal_average","-2.23640084278054","0.25","0.25","0.25","0.25","1"
"2","34","hard_inner_selection","-2.278433895098838","0.0","1.0","0.0","0.0","1"
"2","34","pseudo_bma_plus","-2.2470757580797365","0.21453168987545","0.4715903989018294","0.1724485260663018","0.1414293851564184","1"
"2","34","regularized_stacking","-2.243155085125756","0.2620803711967838","0.4715672797149668","0.1395905978584531","0.1267617512297961","1"
"2","34","rotated_fitted","-2.210915190805749","0.0","0.0","0.0","1.0","1"
"2","34","source_all","-2.278433895098838","0.0","1.0","0.0","0.0","1"
"2","34","source_single","-2.178786202494086","1.0","0.0","0.0","0.0","1"
"2","34","target_direct","-2.281354254568876","0.0","0.0","1.0","0.0","1"
"2","35","equal_average","-2.3483179677684283","0.25","0.25","0.25","0.25","1"
"2","35","hard_inner_selection","-2.410592880967871","0.0","1.0","0.0","0.0","1"
"2","35","pseudo_bma_plus","-2.368027495214774","0.23431239685763","0.5677712869956097","0.1127811993207912","0.0851351168259692","1"
"2","35","regularized_stacking","-2.3585370740640794","0.2924226752799878","0.5064486610285879","0.0982443860269961","0.1028842776644282","1"
"2","35","rotated_fitted","-2.312691259408977","0.0","0.0","0.0","1.0","1"
"2","35","source_all","-2.410592880967871","0.0","1.0","0.0","0.0","1"
"2","35","source_single","-2.277211033812617","1.0","0.0","0.0","0.0","1"
"2","35","target_direct","-2.399179265095793","0.0","0.0","1.0","0.0","1"
"2","36","equal_average","-2.780217910625097","0.25","0.25","0.25","0.25","1"
"2","36","hard_inner_selection","-2.8034081106441904","0.0","1.0","0.0","0.0","1"
"2","36","pseudo_bma_plus","-2.783514109701845","0.3475158640399585","0.4240004502596699","0.0506174559306513","0.1778662297697203","1"
"2","36","regularized_stacking","-2.7822393058625745","0.3983850274059107","0.3984476988842901","0.044754862959138","0.1584124107506611","1"
"2","36","rotated_fitted","-2.7753061451819425","0.0","0.0","0.0","1.0","1"
"2","36","source_all","-2.8034081106441904","0.0","1.0","0.0","0.0","1"
"2","36","source_single","-2.764704325071873","1.0","0.0","0.0","0.0","1"
"2","36","target_direct","-2.777855722753632","0.0","0.0","1.0","0.0","1"
"2","37","equal_average","-1.983182120339271","0.25","0.25","0.25","0.25","1"
"2","37","hard_inner_selection","-2.080581316916047","0.0","1.0","0.0","0.0","1"
"2","37","pseudo_bma_plus","-1.9981889021800177","0.3286698474261795","0.493633551133772","0.0866192834074396","0.0910773180326084","1"
"2","37","regularized_stacking","-1.9892356740129065","0.3910601399919582","0.4696468080297226","0.0572245288942932","0.0820685230840256","1"
"2","37","rotated_fitted","-1.947155608574688","0.0","0.0","0.0","1.0","1"
"2","37","source_all","-2.080581316916047","0.0","1.0","0.0","0.0","1"
"2","37","source_single","-1.8934833289306807","1.0","0.0","0.0","0.0","1"
"2","37","target_direct","-2.021633878442316","0.0","0.0","1.0","0.0","1"
"2","38","equal_average","-1.7151083085582095","0.25","0.25","0.25","0.25","1"
"2","38","hard_inner_selection","-1.810322733294155","0.0","1.0","0.0","0.0","1"
"2","38","pseudo_bma_plus","-1.7434363884545658","0.1825656842806757","0.4789362457952291","0.1823150105734975","0.1561830593505977","1"
"2","38","regularized_stacking","-1.7278952295197212","0.2598205584599963","0.4521652091177666","0.1505975300805522","0.1374167023416849","1"
"2","38","rotated_fitted","-1.6766066132538184","0.0","0.0","0.0","1.0","1"
"2","38","source_all","-1.810322733294155","0.0","1.0","0.0","0.0","1"
"2","38","source_single","-1.5848060778607116","1.0","0.0","0.0","0.0","1"
"2","38","target_direct","-1.8067884703991293","0.0","0.0","1.0","0.0","1"
"2","39","equal_average","-2.400077752062456","0.25","0.25","0.25","0.25","1"
"2","39","hard_inner_selection","-2.412145310305063","0.0","1.0","0.0","0.0","1"
"2","39","pseudo_bma_plus","-2.396463934642065","0.2254778650462856","0.3529250380193574","0.1923383773922365","0.2292587195421203","1"
"2","39","regularized_stacking","-2.392479660644771","0.2704228970680324","0.37061080888198","0.1701231754765371","0.1888431185734504","1"
"2","39","rotated_fitted","-2.329972665771433","0.0","0.0","0.0","1.0","1"
"2","39","source_all","-2.412145310305063","0.0","1.0","0.0","0.0","1"
"2","39","source_single","-2.317148331765997","1.0","0.0","0.0","0.0","1"
"2","39","target_direct","-2.5591801472332816","0.0","0.0","1.0","0.0","1"
"2","40","equal_average","-2.159527781413172","0.25","0.25","0.25","0.25","1"
"2","40","hard_inner_selection","-2.1948901327614747","0.0","0.0","1.0","0.0","1"
"2","40","pseudo_bma_plus","-2.1668540636464635","0.2557382521193817","0.2951928821934407","0.2771138480472985","0.1719550176398794","1"
"2","40","regularized_stacking","-2.1630024038003017","0.3092464020086261","0.3048364689810019","0.2386489416682499","0.147268187342122","1"
"2","40","rotated_fitted","-2.1214265876002214","0.0","0.0","0.0","1.0","1"
"2","40","source_all","-2.246956950697863","0.0","1.0","0.0","0.0","1"
"2","40","source_single","-2.082914683186562","1.0","0.0","0.0","0.0","1"
"2","40","target_direct","-2.1948901327614747","0.0","0.0","1.0","0.0","1"
"2","41","equal_average","-4.857656187787816","0.25","0.25","0.25","0.25","1"
"2","41","hard_inner_selection","-5.445241857293141","1.0","0.0","0.0","0.0","1"
"2","41","pseudo_bma_plus","-4.904951112918872","0.416219307963782","0.3415311822679523","0.0632332219062594","0.1790162878620065","1"
"2","41","regularized_stacking","-4.911733843040526","0.4362986803090765","0.3449358255138867","0.0508185020366477","0.1679469921403889","1"
"2","41","rotated_fitted","-5.250495657855131","0.0","0.0","0.0","1.0","1"
"2","41","source_all","-4.430593332212359","0.0","1.0","0.0","0.0","1"
"2","41","source_single","-5.445241857293141","1.0","0.0","0.0","0.0","1"
"2","41","target_direct","-4.6454145267223605","0.0","0.0","1.0","0.0","1"
"2","42","equal_average","-2.7238094647754822","0.25","0.25","0.25","0.25","1"
"2","42","hard_inner_selection","-2.838145041139676","0.0","1.0","0.0","0.0","1"
"2","42","pseudo_bma_plus","-2.7384111900140544","0.2544779460552723","0.3577861321932856","0.18887650112249","0.1988594206289522","1"
"2","42","regularized_stacking","-2.737750698390051","0.30947159544211","0.3631032109551168","0.1552872864291442","0.1721379071736289","1"
"2","42","rotated_fitted","-2.691968882722502","0.0","0.0","0.0","1.0","1"
"2","42","source_all","-2.838145041139676","0.0","1.0","0.0","0.0","1"
"2","42","source_single","-2.6728360538539238","1.0","0.0","0.0","0.0","1"
"2","42","target_direct","-2.7006853161166724","0.0","0.0","1.0","0.0","1"
"2","43","equal_average","-2.964945557431479","0.25","0.25","0.25","0.25","1"
"2","43","hard_inner_selection","-2.9372712857778303","0.0","1.0","0.0","0.0","1"
"2","43","pseudo_bma_plus","-2.961842827226259","0.2641553227011505","0.2869552743040495","0.2676080679910042","0.1812813350037959","1"
"2","43","regularized_stacking","-2.962074775245748","0.2960000022959665","0.2944304972127037","0.2600296563568884","0.1495398441344413","1"
"2","43","rotated_fitted","-2.9937042677172148","0.0","0.0","0.0","1.0","1"
"2","43","source_all","-2.9372712857778303","0.0","1.0","0.0","0.0","1"
"2","43","source_single","-2.9995284700456875","1.0","0.0","0.0","0.0","1"
"2","43","target_direct","-2.9312399176368373","0.0","0.0","1.0","0.0","1"
"2","44","equal_average","-2.149736108575076","0.25","0.25","0.25","0.25","1"
"2","44","hard_inner_selection","-2.2382792118437576","0.0","1.0","0.0","0.0","1"
"2","44","pseudo_bma_plus","-2.150660574585517","0.4510286139717437","0.4377529651490836","0.042221546421365","0.0689968744578076","1"
"2","44","regularized_stacking","-2.1507084630834714","0.4517917206020844","0.4425513571798146","0.0349495364125368","0.070707385805564","1"
"2","44","rotated_fitted","-2.110957279103583","0.0","0.0","0.0","1.0","1"
"2","44","source_all","-2.2382792118437576","0.0","1.0","0.0","0.0","1"
"2","44","source_single","-2.075431819295129","1.0","0.0","0.0","0.0","1"
"2","44","target_direct","-2.182195994064209","0.0","0.0","1.0","0.0","1"
"2","45","equal_average","-1.7379809927686636","0.25","0.25","0.25","0.25","1"
"2","45","hard_inner_selection","-1.898986806828924","0.0","1.0","0.0","0.0","1"
"2","45","pseudo_bma_plus","-1.8002798475584818","0.1377887949879029","0.565451753681913","0.1263385550683385","0.1704208962618454","1"
"2","45","regularized_stacking","-1.7697676570858245","0.2498613487723199","0.507531296327151","0.0879488501327244","0.1546585047678047","1"
"2","45","rotated_fitted","-1.6715528858615705","0.0","0.0","0.0","1.0","1"
"2","45","source_all","-1.898986806828924","0.0","1.0","0.0","0.0","1"
"2","45","source_single","-1.586251355035687","1.0","0.0","0.0","0.0","1"
"2","45","target_direct","-1.8255199117267824","0.0","0.0","1.0","0.0","1"
"2","46","equal_average","-2.461286535692089","0.25","0.25","0.25","0.25","1"
"2","46","hard_inner_selection","-2.518950586794391","0.0","1.0","0.0","0.0","1"
"2","46","pseudo_bma_plus","-2.4635360649018776","0.3695776439343994","0.4275874189268255","0.0772622446061974","0.1255726925325777","1"
"2","46","regularized_stacking","-2.4604092228990817","0.412481332832031","0.4180107492562614","0.0560967240301885","0.1134111938815191","1"
"2","46","rotated_fitted","-2.438902730618975","0.0","0.0","0.0","1.0","1"
"2","46","source_all","-2.518950586794391","0.0","1.0","0.0","0.0","1"
"2","46","source_single","-2.4070590528279414","1.0","0.0","0.0","0.0","1"
"2","46","target_direct","-2.483867533291776","0.0","0.0","1.0","0.0","1"
"2","47","equal_average","-1.9612354131853","0.25","0.25","0.25","0.25","1"
"2","47","hard_inner_selection","-2.0672197310769858","0.0","1.0","0.0","0.0","1"
"2","47","pseudo_bma_plus","-1.981186131939122","0.2254608279724287","0.4315222224274745","0.1760274799544817","0.1669894696456149","1"
"2","47","regularized_stacking","-1.9712842520329303","0.2921237284777891","0.4268910013820863","0.1457479323368381","0.1352373378032864","1"
"2","47","rotated_fitted","-1.9199353785679945","0.0","0.0","0.0","1.0","1"
"2","47","source_all","-2.0672197310769858","0.0","1.0","0.0","0.0","1"
"2","47","source_single","-1.8409064344749653","1.0","0.0","0.0","0.0","1"
"2","47","target_direct","-2.0332378075993613","0.0","0.0","1.0","0.0","1"
"2","48","equal_average","-2.230443130162016","0.25","0.25","0.25","0.25","1"
"2","48","hard_inner_selection","-2.249036591031439","0.0","1.0","0.0","0.0","1"
"2","48","pseudo_bma_plus","-2.222265637507319","0.2624884280452241","0.4419687477388236","0.1380729466969321","0.1574698775190204","1"
"2","48","regularized_stacking","-2.2160524980488803","0.3118061812318782","0.4276627696825921","0.1218885161066116","0.138642532978918","1"
"2","48","rotated_fitted","-2.15899701706846","0.0","0.0","0.0","1.0","1"
"2","48","source_all","-2.249036591031439","0.0","1.0","0.0","0.0","1"
"2","48","source_single","-2.135635810215881","1.0","0.0","0.0","0.0","1"
"2","48","target_direct","-2.398963083612524","0.0","0.0","1.0","0.0","1"
"2","49","equal_average","-2.147717742987151","0.25","0.25","0.25","0.25","1"
"2","49","hard_inner_selection","-2.1391490530403923","0.0","0.0","1.0","0.0","1"
"2","49","pseudo_bma_plus","-2.166229393761836","0.1742650117646358","0.3514782004213126","0.346024123748272","0.1282326640657791","1"
"2","49","regularized_stacking","-2.1599575896706997","0.2423855847621145","0.3332759378657151","0.3000368985491931","0.1243015788229773","1"
"2","49","rotated_fitted","-2.121638545456722","0.0","0.0","0.0","1.0","1"
"2","49","source_all","-2.2586226614949667","0.0","1.0","0.0","0.0","1"
"2","49","source_single","-2.080107307542934","1.0","0.0","0.0","0.0","1"
"2","49","target_direct","-2.1391490530403923","0.0","0.0","1.0","0.0","1"
"2","50","equal_average","-2.8322178931470265","0.25","0.25","0.25","0.25","1"
"2","50","hard_inner_selection","-2.7117814059850094","0.0","1.0","0.0","0.0","1"
"2","50","pseudo_bma_plus","-2.779074219771964","0.1907778969950357","0.5183440969471724","0.1211656767458384","0.1697123293119538","1"
"2","50","regularized_stacking","-2.7747592137256785","0.2644872268698335","0.4978230674970199","0.0903421743304857","0.1473475313026608","1"
"2","50","rotated_fitted","-2.7958851782679184","0.0","0.0","0.0","1.0","1"
"2","50","source_all","-2.7117814059850094","0.0","1.0","0.0","0.0","1"
"2","50","source_single","-2.804585478195932","1.0","0.0","0.0","0.0","1"
"2","50","target_direct","-3.046658974306813","0.0","0.0","1.0","0.0","1"
"2","51","equal_average","-2.2782565828056653","0.25","0.25","0.25","0.25","1"
"2","51","hard_inner_selection","-2.381451203242701","0.0","1.0","0.0","0.0","1"
"2","51","pseudo_bma_plus","-2.3013750969263325","0.259048764772795","0.4628043201214205","0.1145552452166499","0.1635916698891336","1"
"2","51","regularized_stacking","-2.297787182674502","0.3226787568077002","0.4628991877610968","0.0802948071058521","0.1341272483253508","1"
"2","51","rotated_fitted","-2.2515513658833","0.0","0.0","0.0","1.0","1"
"2","51","source_all","-2.381451203242701","0.0","1.0","0.0","0.0","1"
"2","51","source_single","-2.211566774137862","1.0","0.0","0.0","0.0","1"
"2","51","target_direct","-2.276238878138474","0.0","0.0","1.0","0.0","1"
"2","52","equal_average","-3.7642585478919344","0.25","0.25","0.25","0.25","1"
"2","52","hard_inner_selection","-3.672540322288331","0.0","1.0","0.0","0.0","1"
"2","52","pseudo_bma_plus","-3.745777592380648","0.2426451596996128","0.3994584903915986","0.1792773288289181","0.1786190210798703","1"
"2","52","regularized_stacking","-3.745977771817423","0.2792508600355601","0.3898134229694535","0.1480534991508934","0.182882217844093","1"
"2","52","rotated_fitted","-3.7533743575060456","0.0","0.0","0.0","1.0","1"
"2","52","source_all","-3.672540322288331","0.0","1.0","0.0","0.0","1"
"2","52","source_single","-3.804341173262742","1.0","0.0","0.0","0.0","1"
"2","52","target_direct","-3.8343695087636434","0.0","0.0","1.0","0.0","1"
"2","53","equal_average","-3.3224573202392165","0.25","0.25","0.25","0.25","1"
"2","53","hard_inner_selection","-3.47661493884312","0.0","1.0","0.0","0.0","1"
"2","53","pseudo_bma_plus","-3.353797743828886","0.2420373509449271","0.4065516467147035","0.10663283597632","0.2447781663640493","1"
"2","53","regularized_stacking","-3.349305672455772","0.2694646110832075","0.3806968786307777","0.1019761776890946","0.2478623325969201","1"
"2","53","rotated_fitted","-3.263912159720966","0.0","0.0","0.0","1.0","1"
"2","53","source_all","-3.47661493884312","0.0","1.0","0.0","0.0","1"
"2","53","source_single","-3.295759120544542","1.0","0.0","0.0","0.0","1"
"2","53","target_direct","-3.268430952996929","0.0","0.0","1.0","0.0","1"
"2","54","equal_average","-2.543957584115057","0.25","0.25","0.25","0.25","1"
"2","54","hard_inner_selection","-2.437943820770849","0.0","1.0","0.0","0.0","1"
"2","54","pseudo_bma_plus","-2.487402627790541","0.246830776587263","0.5983964484594161","0.0464123372635359","0.1083604376897847","1"
"2","54","regularized_stacking","-2.4968111110851128","0.3395959672130013","0.5157771016514514","0.0352696998480734","0.1093572312874736","1"
"2","54","rotated_fitted","-2.5401499259818854","0.0","0.0","0.0","1.0","1"
"2","54","source_all","-2.437943820770849","0.0","1.0","0.0","0.0","1"
"2","54","source_single","-2.5630181142906165","1.0","0.0","0.0","0.0","1"
"2","54","target_direct","-2.645737925754429","0.0","0.0","1.0","0.0","1"
"2","55","equal_average","-1.936839647815248","0.25","0.25","0.25","0.25","1"
"2","55","hard_inner_selection","-2.073626133803803","0.0","1.0","0.0","0.0","1"
"2","55","pseudo_bma_plus","-1.9763488647476115","0.1393392964264592","0.4203428220051923","0.2822853743383829","0.1580325072299651","1"
"2","55","regularized_stacking","-1.9630812809953135","0.2151755199963337","0.3944988997891729","0.2443480115855974","0.145977568628896","1"
"2","55","rotated_fitted","-1.9044893949592203","0.0","0.0","0.0","1.0","1"
"2","55","source_all","-2.073626133803803","0.0","1.0","0.0","0.0","1"
"2","55","source_single","-1.8244465519752304","1.0","0.0","0.0","0.0","1"
"2","55","target_direct","-1.961120316428441","0.0","0.0","1.0","0.0","1"
"2","56","equal_average","-6.309193079595582","0.25","0.25","0.25","0.25","1"
"2","56","hard_inner_selection","-6.053166601726898","0.0","1.0","0.0","0.0","1"
"2","56","pseudo_bma_plus","-6.30150391616468","0.3459382612913784","0.5085649362206339","0.056986565812819","0.0885102366751682","1"
"2","56","regularized_stacking","-6.337993447801566","0.3995132730456527","0.4610798166134517","0.0536226269605987","0.0857842833802965","1"
"2","56","rotated_fitted","-6.553755875159902","0.0","0.0","0.0","1.0","1"
"2","56","source_all","-6.053166601726898","0.0","1.0","0.0","0.0","1"
"2","56","source_single","-6.829441847845145","1.0","0.0","0.0","0.0","1"
"2","56","target_direct","-6.023417634654812","0.0","0.0","1.0","0.0","1"
"2","57","equal_average","-3.2958468988138274","0.25","0.25","0.25","0.25","1"
"2","57","hard_inner_selection","-3.309409622042192","0.0","1.0","0.0","0.0","1"
"2","57","pseudo_bma_plus","-3.290958034846432","0.1786535277494815","0.4605934461801788","0.227741156351428","0.133011869718912","1"
"2","57","regularized_stacking","-3.3026554493713807","0.2455386942221751","0.4446419443636445","0.1820915232687058","0.1277278381454745","1"
"2","57","rotated_fitted","-3.3370704082214706","0.0","0.0","0.0","1.0","1"
"2","57","source_all","-3.309409622042192","0.0","1.0","0.0","0.0","1"
"2","57","source_single","-3.385557911337047","1.0","0.0","0.0","0.0","1"
"2","57","target_direct","-3.165115871181852","0.0","0.0","1.0","0.0","1"
"2","58","equal_average","-1.901722597934932","0.25","0.25","0.25","0.25","1"
"2","58","hard_inner_selection","-1.9786100585503248","0.0","1.0","0.0","0.0","1"
"2","58","pseudo_bma_plus","-1.9099349267204373","0.2413045890246376","0.3492405771990736","0.2072474775367072","0.2022073562395819","1"
"2","58","regularized_stacking","-1.9086918898698464","0.2856357398012804","0.3707115297842847","0.173217094371338","0.170435636043097","1"
"2","58","rotated_fitted","-1.903106062686725","0.0","0.0","0.0","1.0","1"
"2","58","source_all","-1.9786100585503248","0.0","1.0","0.0","0.0","1"
"2","58","source_single","-1.8357484261090555","1.0","0.0","0.0","0.0","1"
"2","58","target_direct","-1.8945589954299216","0.0","0.0","1.0","0.0","1"
"2","59","equal_average","-2.046737834618253","0.25","0.25","0.25","0.25","1"
"2","59","hard_inner_selection","-2.1610174575773344","0.0","1.0","0.0","0.0","1"
"2","59","pseudo_bma_plus","-2.07223049142502","0.1905373155199199","0.4926513155999458","0.124970606078958","0.191840762801176","1"
"2","59","regularized_stacking","-2.060323256184433","0.2534310351121775","0.4592689998560544","0.1168056990462513","0.1704942659855166","1"
"2","59","rotated_fitted","-1.9703433753605288","0.0","0.0","0.0","1.0","1"
"2","59","source_all","-2.1610174575773344","0.0","1.0","0.0","0.0","1"
"2","59","source_single","-1.915069135271788","1.0","0.0","0.0","0.0","1"
"2","59","target_direct","-2.165664502237142","0.0","0.0","1.0","0.0","1"
"2","60","equal_average","-1.7215132202186565","0.25","0.25","0.25","0.25","1"
"2","60","hard_inner_selection","-1.8442060925836965","0.0","1.0","0.0","0.0","1"
"2","60","pseudo_bma_plus","-1.7397529148921012","0.2808243733656433","0.4454411755605727","0.1114805748169958","0.162253876256788","1"
"2","60","regularized_stacking","-1.7336326657789485","0.3353720885288463","0.4429597967930258","0.0917917729862037","0.1298763416919241","1"
"2","60","rotated_fitted","-1.6942509533162384","0.0","0.0","0.0","1.0","1"
"2","60","source_all","-1.8442060925836965","0.0","1.0","0.0","0.0","1"
"2","60","source_single","-1.6147342083078993","1.0","0.0","0.0","0.0","1"
"2","60","target_direct","-1.7466883770315416","0.0","0.0","1.0","0.0","1"
"2","61","equal_average","-2.3324306147125387","0.25","0.25","0.25","0.25","1"
"2","61","hard_inner_selection","-2.4099681871197065","0.0","1.0","0.0","0.0","1"
"2","61","pseudo_bma_plus","-2.3547132487250613","0.2208059007163215","0.5717073056261841","0.0587313752049289","0.1487554184525654","1"
"2","61","regularized_stacking","-2.342678973177547","0.3139202354252844","0.5062048758803589","0.051777614006493","0.1280972746878636","1"
"2","61","rotated_fitted","-2.296256408134965","0.0","0.0","0.0","1.0","1"
"2","61","source_all","-2.4099681871197065","0.0","1.0","0.0","0.0","1"
"2","61","source_single","-2.255734466275895","1.0","0.0","0.0","0.0","1"
"2","61","target_direct","-2.375278266564952","0.0","0.0","1.0","0.0","1"
"2","62","equal_average","-2.184097164860403","0.25","0.25","0.25","0.25","1"
"2","62","hard_inner_selection","-2.1953094586837767","0.0","1.0","0.0","0.0","1"
"2","62","pseudo_bma_plus","-2.1883299866852965","0.1588403462706447","0.4602886029958151","0.1964723478310569","0.1843987029024834","1"
"2","62","regularized_stacking","-2.184695032891606","0.2357112457780106","0.4488787527065307","0.1573520835500624","0.1580579179653962","1"
"2","62","rotated_fitted","-2.183378662341029","0.0","0.0","0.0","1.0","1"
"2","62","source_all","-2.1953094586837767","0.0","1.0","0.0","0.0","1"
"2","62","source_single","-2.150810282135348","1.0","0.0","0.0","0.0","1"
"2","62","target_direct","-2.207791859984475","0.0","0.0","1.0","0.0","1"
"2","63","equal_average","-3.157304087939419","0.25","0.25","0.25","0.25","1"
"2","63","hard_inner_selection","-3.159389971391616","0.0","1.0","0.0","0.0","1"
"2","63","pseudo_bma_plus","-3.1533679055241626","0.1856758092211601","0.5580808241744002","0.0662691926504261","0.1899741739540137","1"
"2","63","regularized_stacking","-3.1515802894564158","0.2477671526518995","0.5292026048520285","0.0478285393053708","0.175201703190701","1"
"2","63","rotated_fitted","-3.1377312321819604","0.0","0.0","0.0","1.0","1"
"2","63","source_all","-3.159389971391616","0.0","1.0","0.0","0.0","1"
"2","63","source_single","-3.136389641801343","1.0","0.0","0.0","0.0","1"
"2","63","target_direct","-3.1968941710837546","0.0","0.0","1.0","0.0","1"
"2","64","equal_average","-3.273264550475169","0.25","0.25","0.25","0.25","1"
"2","64","hard_inner_selection","-3.356382157313305","0.0","1.0","0.0","0.0","1"
"2","64","pseudo_bma_plus","-3.3266363336815035","0.1672046623277498","0.6301320496739322","0.0747941794628229","0.1278691085354937","1"
"2","64","regularized_stacking","-3.3306778758981688","0.2648007504161223","0.5495006838589398","0.0543507325666554","0.1313478331582825","1"
"2","64","rotated_fitted","-3.300676114184657","0.0","0.0","0.0","1.0","1"
"2","64","source_all","-3.356382157313305","0.0","1.0","0.0","0.0","1"
"2","64","source_single","-3.34323850776774","1.0","0.0","0.0","0.0","1"
"2","64","target_direct","-3.1125256834032493","0.0","0.0","1.0","0.0","1"
"2","65","equal_average","-3.1281548572682323","0.25","0.25","0.25","0.25","1"
"2","65","hard_inner_selection","-2.972748764169801","0.0","1.0","0.0","0.0","1"
"2","65","pseudo_bma_plus","-3.093896490337487","0.3203888032191932","0.335832324758109","0.1410509868148807","0.2027278852078166","1"
"2","65","regularized_stacking","-3.084311606775686","0.3451690796639892","0.3634044820743826","0.1102226593789041","0.181203778882724","1"
"2","65","rotated_fitted","-3.078063146767435","0.0","0.0","0.0","1.0","1"
"2","65","source_all","-2.972748764169801","0.0","1.0","0.0","0.0","1"
"2","65","source_single","-3.134112570893705","1.0","0.0","0.0","0.0","1"
"2","65","target_direct","-3.3683933822982923","0.0","0.0","1.0","0.0","1"
"2","66","equal_average","-3.26860985865482","0.25","0.25","0.25","0.25","1"
"2","66","hard_inner_selection","-3.2949059073172577","0.0","1.0","0.0","0.0","1"
"2","66","pseudo_bma_plus","-3.3014305271283297","0.3152453020322875","0.3993037136026142","0.1032426305409259","0.1822083538241717","1"
"2","66","regularized_stacking","-3.3092171861786013","0.3562799644062275","0.3989595807102024","0.0785660841302292","0.1661943707533409","1"
"2","66","rotated_fitted","-3.3173125364422664","0.0","0.0","0.0","1.0","1"
"2","66","source_all","-3.2949059073172577","0.0","1.0","0.0","0.0","1"
"2","66","source_single","-3.372138675660631","1.0","0.0","0.0","0.0","1"
"2","66","target_direct","-3.110035546906084","0.0","0.0","1.0","0.0","1"
"2","67","equal_average","-3.824566230605549","0.25","0.25","0.25","0.25","1"
"2","67","hard_inner_selection","-3.837359063787582","0.0","1.0","0.0","0.0","1"
"2","67","pseudo_bma_plus","-3.82994633934188","0.3331297390882931","0.3043180281285821","0.2045640309565312","0.1579882018265938","1"
"2","67","regularized_stacking","-3.833461754515854","0.3602281904412028","0.3461272127179341","0.1591684486059809","0.1344761482348821","1"
"2","67","rotated_fitted","-3.826050095467701","0.0","0.0","0.0","1.0","1"
"2","67","source_all","-3.837359063787582","0.0","1.0","0.0","0.0","1"
"2","67","source_single","-3.857512261993322","1.0","0.0","0.0","0.0","1"
"2","67","target_direct","-3.779016224861004","0.0","0.0","1.0","0.0","1"
"2","68","equal_average","-3.730602092907096","0.25","0.25","0.25","0.25","1"
"2","68","hard_inner_selection","-3.8583714637581","0.0","1.0","0.0","0.0","1"
"2","68","pseudo_bma_plus","-3.811475667052312","0.2438707646406424","0.4847721323398122","0.0493975548039551","0.2219595482155902","1"
"2","68","regularized_stacking","-3.818829529127915","0.2975319307589588","0.4776161432750261","0.0392645126149232","0.1855874133510919","1"
"2","68","rotated_fitted","-3.754473887036812","0.0","0.0","0.0","1.0","1"
"2","68","source_all","-3.8583714637581","0.0","1.0","0.0","0.0","1"
"2","68","source_single","-3.8471743081465424","1.0","0.0","0.0","0.0","1"
"2","68","target_direct","-3.5046090303360424","0.0","0.0","1.0","0.0","1"
"2","69","equal_average","-1.846948324999464","0.25","0.25","0.25","0.25","1"
"2","69","hard_inner_selection","-1.9410526875301195","0.0","1.0","0.0","0.0","1"
"2","69","pseudo_bma_plus","-1.868130489814808","0.2270445235012995","0.5411249303274088","0.0701481230989052","0.1616824230723858","1"
"2","69","regularized_stacking","-1.8605097870505207","0.2792487556881043","0.5210150973509262","0.0599153902420844","0.139820756718885","1"
"2","69","rotated_fitted","-1.8083742157497324","0.0","0.0","0.0","1.0","1"
"2","69","source_all","-1.9410526875301195","0.0","1.0","0.0","0.0","1"
"2","69","source_single","-1.7398265565386362","1.0","0.0","0.0","0.0","1"
"2","69","target_direct","-1.9115778370613064","0.0","0.0","1.0","0.0","1"
"2","70","equal_average","-2.967827342098769","0.25","0.25","0.25","0.25","1"
"2","70","hard_inner_selection","-3.0039551009880405","0.0","1.0","0.0","0.0","1"
"2","70","pseudo_bma_plus","-2.976265069161357","0.1971658003359676","0.4868887324395014","0.1511070692964216","0.1648383979281094","1"
"2","70","regularized_stacking","-2.9695365803561424","0.2599181696003811","0.4536708472312176","0.1258742313313074","0.1605367518370938","1"
"2","70","rotated_fitted","-2.913057184836437","0.0","0.0","0.0","1.0","1"
"2","70","source_all","-3.0039551009880405","0.0","1.0","0.0","0.0","1"
"2","70","source_single","-2.910055795166715","1.0","0.0","0.0","0.0","1"
"2","70","target_direct","-3.0515218180149457","0.0","0.0","1.0","0.0","1"
"2","71","equal_average","-2.412678778492756","0.25","0.25","0.25","0.25","1"
"2","71","hard_inner_selection","-2.514140980574475","0.0","1.0","0.0","0.0","1"
"2","71","pseudo_bma_plus","-2.437475784482596","0.2296071035379899","0.4286785147759608","0.1565346209096177","0.1851797607764323","1"
"2","71","regularized_stacking","-2.4359991401209946","0.3086417814371251","0.4065944017291077","0.1203773673311857","0.1643864495025814","1"
"2","71","rotated_fitted","-2.413217221198363","0.0","0.0","0.0","1.0","1"
"2","71","source_all","-2.514140980574475","0.0","1.0","0.0","0.0","1"
"2","71","source_single","-2.388597364824465","1.0","0.0","0.0","0.0","1"
"2","71","target_direct","-2.3425472503335407","0.0","0.0","1.0","0.0","1"
"2","72","equal_average","-2.6916808231677978","0.25","0.25","0.25","0.25","1"
"2","72","hard_inner_selection","-2.657885597205417","0.0","1.0","0.0","0.0","1"
"2","72","pseudo_bma_plus","-2.6942237892651457","0.2521282962296621","0.4441667459290888","0.1538625236929502","0.1498424341482989","1"
"2","72","regularized_stacking","-2.707038835676672","0.3122480887091637","0.4321191890930875","0.1240022459275326","0.131630476270216","1"
"2","72","rotated_fitted","-2.820324156083404","0.0","0.0","0.0","1.0","1"
"2","72","source_all","-2.657885597205417","0.0","1.0","0.0","0.0","1"
"2","72","source_single","-2.8336253681140797","1.0","0.0","0.0","0.0","1"
"2","72","target_direct","-2.4939204495196314","0.0","0.0","1.0","0.0","1"
"2","73","equal_average","-1.7233246685814243","0.25","0.25","0.25","0.25","1"
"2","73","hard_inner_selection","-1.845759542752901","0.0","1.0","0.0","0.0","1"
"2","73","pseudo_bma_plus","-1.7356792543624606","0.313188731581465","0.4332635354409361","0.1062116553890214","0.1473360775885769","1"
"2","73","regularized_stacking","-1.7259877636886518","0.3732525560711991","0.4139481140852508","0.0798584200966099","0.1329409097469402","1"
"2","73","rotated_fitted","-1.6895539984999497","0.0","0.0","0.0","1.0","1"
"2","73","source_all","-1.845759542752901","0.0","1.0","0.0","0.0","1"
"2","73","source_single","-1.6136263276499","1.0","0.0","0.0","0.0","1"
"2","73","target_direct","-1.7590060265454617","0.0","0.0","1.0","0.0","1"
"2","74","equal_average","-2.606454027612686","0.25","0.25","0.25","0.25","1"
"2","74","hard_inner_selection","-2.652300232507557","0.0","1.0","0.0","0.0","1"
"2","74","pseudo_bma_plus","-2.606830335007856","0.3261892320876116","0.4218561194421242","0.1220365806445468","0.1299180678257175","1"
"2","74","regularized_stacking","-2.603260573022964","0.3724714870290184","0.4179923143938603","0.0993934993462615","0.1101426992308598","1"
"2","74","rotated_fitted","-2.5714172570997333","0.0","0.0","0.0","1.0","1"
"2","74","source_all","-2.652300232507557","0.0","1.0","0.0","0.0","1"
"2","74","source_single","-2.54574438275332","1.0","0.0","0.0","0.0","1"
"2","74","target_direct","-2.661371761147646","0.0","0.0","1.0","0.0","1"
"2","75","equal_average","-2.8117484182334938","0.25","0.25","0.25","0.25","1"
"2","75","hard_inner_selection","-2.895255105349382","0.0","1.0","0.0","0.0","1"
"2","75","pseudo_bma_plus","-2.829712621598072","0.3141621916405912","0.4792532257018591","0.0590364054086319","0.1475481772489177","1"
"2","75","regularized_stacking","-2.8256710854365203","0.367918467454299","0.4552365698669315","0.0421072768911914","0.1347376857875778","1"
"2","75","rotated_fitted","-2.764607780581928","0.0","0.0","0.0","1.0","1"
"2","75","source_all","-2.895255105349382","0.0","1.0","0.0","0.0","1"
"2","75","source_single","-2.7673234635267256","1.0","0.0","0.0","0.0","1"
"2","75","target_direct","-2.825422361493953","0.0","0.0","1.0","0.0","1"
