dataset,target,specification,coordinate_system,coordinate_dimension,row_index,column_index,row_name,column_name,value
FacesData,rOFA_to_rFFA_unfamiliar_immediate_minus_long,rotated_all,rotated_target_complement,18,1,1,"target_1","target_1",0.00570952506969213
FacesData,rOFA_to_rFFA_unfamiliar_immediate_minus_long,rotated_all,rotated_target_complement,18,1,2,"target_1","complement_1",-5.55897380581123e-19
FacesData,rOFA_to_rFFA_unfamiliar_immediate_minus_long,rotated_all,rotated_target_complement,18,1,3,"target_1","complement_2",4.57539120597022e-17
FacesData,rOFA_to_rFFA_unfamiliar_immediate_minus_long,rotated_all,rotated_target_complement,18,1,4,"target_1","complement_3",4.74617309366769e-17
FacesData,rOFA_to_rFFA_unfamiliar_immediate_minus_long,rotated_all,rotated_target_complement,18,1,5,"target_1","complement_4",-8.54150799286451e-15
FacesData,rOFA_to_rFFA_unfamiliar_immediate_minus_long,rotated_all,rotated_target_complement,18,1,6,"target_1","complement_5",-2.06731943225909e-18
FacesData,rOFA_to_rFFA_unfamiliar_immediate_minus_long,rotated_all,rotated_target_complement,18,1,7,"target_1","complement_6",-2.2282593497808e-15
FacesData,rOFA_to_rFFA_unfamiliar_immediate_minus_long,rotated_all,rotated_target_complement,18,1,8,"target_1","complement_7",-3.31510653556103e-16
FacesData,rOFA_to_rFFA_unfamiliar_immediate_minus_long,rotated_all,rotated_target_complement,18,1,9,"target_1","complement_8",1.70956006010673e-17
FacesData,rOFA_to_rFFA_unfamiliar_immediate_minus_long,rotated_all,rotated_target_complement,18,1,10,"target_1","complement_9",-1.72155964498088e-17
FacesData,rOFA_to_rFFA_unfamiliar_immediate_minus_long,rotated_all,rotated_target_complement,18,1,11,"target_1","complement_10",5.61748200823311e-19
FacesData,rOFA_to_rFFA_unfamiliar_immediate_minus_long,rotated_all,rotated_target_complement,18,1,12,"target_1","complement_11",-7.43938363593307e-19
FacesData,rOFA_to_rFFA_unfamiliar_immediate_minus_long,rotated_all,rotated_target_complement,18,2,1,"complement_1","target_1",-5.55897380581123e-19
FacesData,rOFA_to_rFFA_unfamiliar_immediate_minus_long,rotated_all,rotated_target_complement,18,2,2,"complement_1","complement_1",0.00556918454214195
FacesData,rOFA_to_rFFA_unfamiliar_immediate_minus_long,rotated_all,rotated_target_complement,18,2,3,"complement_1","complement_2",1.17886820511181e-15
FacesData,rOFA_to_rFFA_unfamiliar_immediate_minus_long,rotated_all,rotated_target_complement,18,2,4,"complement_1","complement_3",-1.02424073304207e-15
FacesData,rOFA_to_rFFA_unfamiliar_immediate_minus_long,rotated_all,rotated_target_complement,18,2,5,"complement_1","complement_4",1.48499751503381e-16
FacesData,rOFA_to_rFFA_unfamiliar_immediate_minus_long,rotated_all,rotated_target_complement,18,2,6,"complement_1","complement_5",-2.15488730285361e-29
FacesData,rOFA_to_rFFA_unfamiliar_immediate_minus_long,rotated_all,rotated_target_complement,18,2,7,"complement_1","complement_6",1.10573515186589e-26
FacesData,rOFA_to_rFFA_unfamiliar_immediate_minus_long,rotated_all,rotated_target_complement,18,2,8,"complement_1","complement_7",5.11504046789421e-18
FacesData,rOFA_to_rFFA_unfamiliar_immediate_minus_long,rotated_all,rotated_target_complement,18,2,9,"complement_1","complement_8",-3.30158885239753e-19
FacesData,rOFA_to_rFFA_unfamiliar_immediate_minus_long,rotated_all,rotated_target_complement,18,2,10,"complement_1","complement_9",3.37703526435642e-15
FacesData,rOFA_to_rFFA_unfamiliar_immediate_minus_long,rotated_all,rotated_target_complement,18,2,11,"complement_1","complement_10",1.8941482635126e-15
FacesData,rOFA_to_rFFA_unfamiliar_immediate_minus_long,rotated_all,rotated_target_complement,18,2,12,"complement_1","complement_11",-3.07361876103239e-15
FacesData,rOFA_to_rFFA_unfamiliar_immediate_minus_long,rotated_all,rotated_target_complement,18,3,1,"complement_2","target_1",4.57539120597022e-17
FacesData,rOFA_to_rFFA_unfamiliar_immediate_minus_long,rotated_all,rotated_target_complement,18,3,2,"complement_2","complement_1",1.17886820511181e-15
FacesData,rOFA_to_rFFA_unfamiliar_immediate_minus_long,rotated_all,rotated_target_complement,18,3,3,"complement_2","complement_2",0.00495692326223818
FacesData,rOFA_to_rFFA_unfamiliar_immediate_minus_long,rotated_all,rotated_target_complement,18,3,4,"complement_2","complement_3",3.68321964727083e-16
FacesData,rOFA_to_rFFA_unfamiliar_immediate_minus_long,rotated_all,rotated_target_complement,18,3,5,"complement_2","complement_4",2.82989979533383e-15
FacesData,rOFA_to_rFFA_unfamiliar_immediate_minus_long,rotated_all,rotated_target_complement,18,3,6,"complement_2","complement_5",-2.63977305306105e-22
FacesData,rOFA_to_rFFA_unfamiliar_immediate_minus_long,rotated_all,rotated_target_complement,18,3,7,"complement_2","complement_6",-1.69986367957161e-18
FacesData,rOFA_to_rFFA_unfamiliar_immediate_minus_long,rotated_all,rotated_target_complement,18,3,8,"complement_2","complement_7",-2.8652354232036e-16
FacesData,rOFA_to_rFFA_unfamiliar_immediate_minus_long,rotated_all,rotated_target_complement,18,3,9,"complement_2","complement_8",-1.9537897780461e-15
FacesData,rOFA_to_rFFA_unfamiliar_immediate_minus_long,rotated_all,rotated_target_complement,18,3,10,"complement_2","complement_9",1.15017371366021e-14
FacesData,rOFA_to_rFFA_unfamiliar_immediate_minus_long,rotated_all,rotated_target_complement,18,3,11,"complement_2","complement_10",-3.83956021908898e-17
FacesData,rOFA_to_rFFA_unfamiliar_immediate_minus_long,rotated_all,rotated_target_complement,18,3,12,"complement_2","complement_11",1.24681286125915e-15
FacesData,rOFA_to_rFFA_unfamiliar_immediate_minus_long,rotated_all,rotated_target_complement,18,4,1,"complement_3","target_1",4.74617309366769e-17
FacesData,rOFA_to_rFFA_unfamiliar_immediate_minus_long,rotated_all,rotated_target_complement,18,4,2,"complement_3","complement_1",-1.02424073304207e-15
FacesData,rOFA_to_rFFA_unfamiliar_immediate_minus_long,rotated_all,rotated_target_complement,18,4,3,"complement_3","complement_2",3.68321964727083e-16
FacesData,rOFA_to_rFFA_unfamiliar_immediate_minus_long,rotated_all,rotated_target_complement,18,4,4,"complement_3","complement_3",0.00668312593895415
FacesData,rOFA_to_rFFA_unfamiliar_immediate_minus_long,rotated_all,rotated_target_complement,18,4,5,"complement_3","complement_4",8.80382152801588e-16
FacesData,rOFA_to_rFFA_unfamiliar_immediate_minus_long,rotated_all,rotated_target_complement,18,4,6,"complement_3","complement_5",-6.13608362086013e-21
FacesData,rOFA_to_rFFA_unfamiliar_immediate_minus_long,rotated_all,rotated_target_complement,18,4,7,"complement_3","complement_6",-4.10967221474722e-17
FacesData,rOFA_to_rFFA_unfamiliar_immediate_minus_long,rotated_all,rotated_target_complement,18,4,8,"complement_3","complement_7",-7.98699332064253e-16
FacesData,rOFA_to_rFFA_unfamiliar_immediate_minus_long,rotated_all,rotated_target_complement,18,4,9,"complement_3","complement_8",4.71399028937972e-17
FacesData,rOFA_to_rFFA_unfamiliar_immediate_minus_long,rotated_all,rotated_target_complement,18,4,10,"complement_3","complement_9",6.92533565012762e-15
FacesData,rOFA_to_rFFA_unfamiliar_immediate_minus_long,rotated_all,rotated_target_complement,18,4,11,"complement_3","complement_10",8.39135165659628e-18
FacesData,rOFA_to_rFFA_unfamiliar_immediate_minus_long,rotated_all,rotated_target_complement,18,4,12,"complement_3","complement_11",3.31262340138097e-15
FacesData,rOFA_to_rFFA_unfamiliar_immediate_minus_long,rotated_all,rotated_target_complement,18,5,1,"complement_4","target_1",-8.54150799286451e-15
FacesData,rOFA_to_rFFA_unfamiliar_immediate_minus_long,rotated_all,rotated_target_complement,18,5,2,"complement_4","complement_1",1.48499751503381e-16
FacesData,rOFA_to_rFFA_unfamiliar_immediate_minus_long,rotated_all,rotated_target_complement,18,5,3,"complement_4","complement_2",2.82989979533383e-15
FacesData,rOFA_to_rFFA_unfamiliar_immediate_minus_long,rotated_all,rotated_target_complement,18,5,4,"complement_4","complement_3",8.80382152801588e-16
FacesData,rOFA_to_rFFA_unfamiliar_immediate_minus_long,rotated_all,rotated_target_complement,18,5,5,"complement_4","complement_4",0.00459654900695483
FacesData,rOFA_to_rFFA_unfamiliar_immediate_minus_long,rotated_all,rotated_target_complement,18,5,6,"complement_4","complement_5",-1.6296080202632e-16
FacesData,rOFA_to_rFFA_unfamiliar_immediate_minus_long,rotated_all,rotated_target_complement,18,5,7,"complement_4","complement_6",2.7902959458815e-17
FacesData,rOFA_to_rFFA_unfamiliar_immediate_minus_long,rotated_all,rotated_target_complement,18,5,8,"complement_4","complement_7",4.91061320206074e-16
FacesData,rOFA_to_rFFA_unfamiliar_immediate_minus_long,rotated_all,rotated_target_complement,18,5,9,"complement_4","complement_8",-8.38442464684852e-19
FacesData,rOFA_to_rFFA_unfamiliar_immediate_minus_long,rotated_all,rotated_target_complement,18,5,10,"complement_4","complement_9",-5.78675048879243e-16
FacesData,rOFA_to_rFFA_unfamiliar_immediate_minus_long,rotated_all,rotated_target_complement,18,5,11,"complement_4","complement_10",3.6743693632706e-19
FacesData,rOFA_to_rFFA_unfamiliar_immediate_minus_long,rotated_all,rotated_target_complement,18,5,12,"complement_4","complement_11",-5.83062889469255e-16
FacesData,rOFA_to_rFFA_unfamiliar_immediate_minus_long,rotated_all,rotated_target_complement,18,6,1,"complement_5","target_1",-2.06731943225909e-18
FacesData,rOFA_to_rFFA_unfamiliar_immediate_minus_long,rotated_all,rotated_target_complement,18,6,2,"complement_5","complement_1",-2.15488730285361e-29
FacesData,rOFA_to_rFFA_unfamiliar_immediate_minus_long,rotated_all,rotated_target_complement,18,6,3,"complement_5","complement_2",-2.63977305306105e-22
FacesData,rOFA_to_rFFA_unfamiliar_immediate_minus_long,rotated_all,rotated_target_complement,18,6,4,"complement_5","complement_3",-6.13608362086013e-21
FacesData,rOFA_to_rFFA_unfamiliar_immediate_minus_long,rotated_all,rotated_target_complement,18,6,5,"complement_5","complement_4",-1.6296080202632e-16
FacesData,rOFA_to_rFFA_unfamiliar_immediate_minus_long,rotated_all,rotated_target_complement,18,6,6,"complement_5","complement_5",0.0077926259111667
FacesData,rOFA_to_rFFA_unfamiliar_immediate_minus_long,rotated_all,rotated_target_complement,18,6,7,"complement_5","complement_6",1.38000130716898e-15
FacesData,rOFA_to_rFFA_unfamiliar_immediate_minus_long,rotated_all,rotated_target_complement,18,6,8,"complement_5","complement_7",4.94783740995283e-16
FacesData,rOFA_to_rFFA_unfamiliar_immediate_minus_long,rotated_all,rotated_target_complement,18,6,9,"complement_5","complement_8",-5.46715634378352e-16
FacesData,rOFA_to_rFFA_unfamiliar_immediate_minus_long,rotated_all,rotated_target_complement,18,6,10,"complement_5","complement_9",-1.60145058389588e-19
FacesData,rOFA_to_rFFA_unfamiliar_immediate_minus_long,rotated_all,rotated_target_complement,18,6,11,"complement_5","complement_10",-8.50439110702203e-16
FacesData,rOFA_to_rFFA_unfamiliar_immediate_minus_long,rotated_all,rotated_target_complement,18,6,12,"complement_5","complement_11",-7.35879058687327e-32
FacesData,rOFA_to_rFFA_unfamiliar_immediate_minus_long,rotated_all,rotated_target_complement,18,7,1,"complement_6","target_1",-2.2282593497808e-15
FacesData,rOFA_to_rFFA_unfamiliar_immediate_minus_long,rotated_all,rotated_target_complement,18,7,2,"complement_6","complement_1",1.10573515186589e-26
FacesData,rOFA_to_rFFA_unfamiliar_immediate_minus_long,rotated_all,rotated_target_complement,18,7,3,"complement_6","complement_2",-1.69986367957161e-18
FacesData,rOFA_to_rFFA_unfamiliar_immediate_minus_long,rotated_all,rotated_target_complement,18,7,4,"complement_6","complement_3",-4.10967221474722e-17
FacesData,rOFA_to_rFFA_unfamiliar_immediate_minus_long,rotated_all,rotated_target_complement,18,7,5,"complement_6","complement_4",2.7902959458815e-17
FacesData,rOFA_to_rFFA_unfamiliar_immediate_minus_long,rotated_all,rotated_target_complement,18,7,6,"complement_6","complement_5",1.38000130716898e-15
FacesData,rOFA_to_rFFA_unfamiliar_immediate_minus_long,rotated_all,rotated_target_complement,18,7,7,"complement_6","complement_6",0.00428513672752295
FacesData,rOFA_to_rFFA_unfamiliar_immediate_minus_long,rotated_all,rotated_target_complement,18,7,8,"complement_6","complement_7",2.25199233380455e-16
FacesData,rOFA_to_rFFA_unfamiliar_immediate_minus_long,rotated_all,rotated_target_complement,18,7,9,"complement_6","complement_8",7.41846018502443e-17
FacesData,rOFA_to_rFFA_unfamiliar_immediate_minus_long,rotated_all,rotated_target_complement,18,7,10,"complement_6","complement_9",5.13483162692226e-18
FacesData,rOFA_to_rFFA_unfamiliar_immediate_minus_long,rotated_all,rotated_target_complement,18,7,11,"complement_6","complement_10",-2.89339785343791e-17
FacesData,rOFA_to_rFFA_unfamiliar_immediate_minus_long,rotated_all,rotated_target_complement,18,7,12,"complement_6","complement_11",2.02219346504796e-32
FacesData,rOFA_to_rFFA_unfamiliar_immediate_minus_long,rotated_all,rotated_target_complement,18,8,1,"complement_7","target_1",-3.31510653556103e-16
FacesData,rOFA_to_rFFA_unfamiliar_immediate_minus_long,rotated_all,rotated_target_complement,18,8,2,"complement_7","complement_1",5.11504046789421e-18
FacesData,rOFA_to_rFFA_unfamiliar_immediate_minus_long,rotated_all,rotated_target_complement,18,8,3,"complement_7","complement_2",-2.8652354232036e-16
FacesData,rOFA_to_rFFA_unfamiliar_immediate_minus_long,rotated_all,rotated_target_complement,18,8,4,"complement_7","complement_3",-7.98699332064253e-16
FacesData,rOFA_to_rFFA_unfamiliar_immediate_minus_long,rotated_all,rotated_target_complement,18,8,5,"complement_7","complement_4",4.91061320206074e-16
FacesData,rOFA_to_rFFA_unfamiliar_immediate_minus_long,rotated_all,rotated_target_complement,18,8,6,"complement_7","complement_5",4.94783740995283e-16
FacesData,rOFA_to_rFFA_unfamiliar_immediate_minus_long,rotated_all,rotated_target_complement,18,8,7,"complement_7","complement_6",2.25199233380455e-16
FacesData,rOFA_to_rFFA_unfamiliar_immediate_minus_long,rotated_all,rotated_target_complement,18,8,8,"complement_7","complement_7",0.00589253393450662
FacesData,rOFA_to_rFFA_unfamiliar_immediate_minus_long,rotated_all,rotated_target_complement,18,8,9,"complement_7","complement_8",2.73610408495342e-16
FacesData,rOFA_to_rFFA_unfamiliar_immediate_minus_long,rotated_all,rotated_target_complement,18,8,10,"complement_7","complement_9",1.11140872520423e-16
FacesData,rOFA_to_rFFA_unfamiliar_immediate_minus_long,rotated_all,rotated_target_complement,18,8,11,"complement_7","complement_10",-2.6392285508824e-17
FacesData,rOFA_to_rFFA_unfamiliar_immediate_minus_long,rotated_all,rotated_target_complement,18,8,12,"complement_7","complement_11",9.4590376528436e-22
FacesData,rOFA_to_rFFA_unfamiliar_immediate_minus_long,rotated_all,rotated_target_complement,18,9,1,"complement_8","target_1",1.70956006010673e-17
FacesData,rOFA_to_rFFA_unfamiliar_immediate_minus_long,rotated_all,rotated_target_complement,18,9,2,"complement_8","complement_1",-3.30158885239753e-19
FacesData,rOFA_to_rFFA_unfamiliar_immediate_minus_long,rotated_all,rotated_target_complement,18,9,3,"complement_8","complement_2",-1.9537897780461e-15
FacesData,rOFA_to_rFFA_unfamiliar_immediate_minus_long,rotated_all,rotated_target_complement,18,9,4,"complement_8","complement_3",4.71399028937972e-17
FacesData,rOFA_to_rFFA_unfamiliar_immediate_minus_long,rotated_all,rotated_target_complement,18,9,5,"complement_8","complement_4",-8.38442464684852e-19
FacesData,rOFA_to_rFFA_unfamiliar_immediate_minus_long,rotated_all,rotated_target_complement,18,9,6,"complement_8","complement_5",-5.46715634378352e-16
FacesData,rOFA_to_rFFA_unfamiliar_immediate_minus_long,rotated_all,rotated_target_complement,18,9,7,"complement_8","complement_6",7.41846018502443e-17
FacesData,rOFA_to_rFFA_unfamiliar_immediate_minus_long,rotated_all,rotated_target_complement,18,9,8,"complement_8","complement_7",2.73610408495342e-16
FacesData,rOFA_to_rFFA_unfamiliar_immediate_minus_long,rotated_all,rotated_target_complement,18,9,9,"complement_8","complement_8",0.00469721088747477
FacesData,rOFA_to_rFFA_unfamiliar_immediate_minus_long,rotated_all,rotated_target_complement,18,9,10,"complement_8","complement_9",-1.85033533442017e-16
FacesData,rOFA_to_rFFA_unfamiliar_immediate_minus_long,rotated_all,rotated_target_complement,18,9,11,"complement_8","complement_10",3.17964423598299e-15
FacesData,rOFA_to_rFFA_unfamiliar_immediate_minus_long,rotated_all,rotated_target_complement,18,9,12,"complement_8","complement_11",-5.03269149488745e-31
FacesData,rOFA_to_rFFA_unfamiliar_immediate_minus_long,rotated_all,rotated_target_complement,18,10,1,"complement_9","target_1",-1.72155964498088e-17
FacesData,rOFA_to_rFFA_unfamiliar_immediate_minus_long,rotated_all,rotated_target_complement,18,10,2,"complement_9","complement_1",3.37703526435642e-15
FacesData,rOFA_to_rFFA_unfamiliar_immediate_minus_long,rotated_all,rotated_target_complement,18,10,3,"complement_9","complement_2",1.15017371366021e-14
FacesData,rOFA_to_rFFA_unfamiliar_immediate_minus_long,rotated_all,rotated_target_complement,18,10,4,"complement_9","complement_3",6.92533565012762e-15
FacesData,rOFA_to_rFFA_unfamiliar_immediate_minus_long,rotated_all,rotated_target_complement,18,10,5,"complement_9","complement_4",-5.78675048879243e-16
FacesData,rOFA_to_rFFA_unfamiliar_immediate_minus_long,rotated_all,rotated_target_complement,18,10,6,"complement_9","complement_5",-1.60145058389588e-19
FacesData,rOFA_to_rFFA_unfamiliar_immediate_minus_long,rotated_all,rotated_target_complement,18,10,7,"complement_9","complement_6",5.13483162692226e-18
FacesData,rOFA_to_rFFA_unfamiliar_immediate_minus_long,rotated_all,rotated_target_complement,18,10,8,"complement_9","complement_7",1.11140872520423e-16
FacesData,rOFA_to_rFFA_unfamiliar_immediate_minus_long,rotated_all,rotated_target_complement,18,10,9,"complement_9","complement_8",-1.85033533442017e-16
FacesData,rOFA_to_rFFA_unfamiliar_immediate_minus_long,rotated_all,rotated_target_complement,18,10,10,"complement_9","complement_9",0.00494361718883418
FacesData,rOFA_to_rFFA_unfamiliar_immediate_minus_long,rotated_all,rotated_target_complement,18,10,11,"complement_9","complement_10",1.44594508551398e-15
FacesData,rOFA_to_rFFA_unfamiliar_immediate_minus_long,rotated_all,rotated_target_complement,18,10,12,"complement_9","complement_11",2.97885047046027e-15
FacesData,rOFA_to_rFFA_unfamiliar_immediate_minus_long,rotated_all,rotated_target_complement,18,11,1,"complement_10","target_1",5.61748200823311e-19
FacesData,rOFA_to_rFFA_unfamiliar_immediate_minus_long,rotated_all,rotated_target_complement,18,11,2,"complement_10","complement_1",1.8941482635126e-15
FacesData,rOFA_to_rFFA_unfamiliar_immediate_minus_long,rotated_all,rotated_target_complement,18,11,3,"complement_10","complement_2",-3.83956021908898e-17
FacesData,rOFA_to_rFFA_unfamiliar_immediate_minus_long,rotated_all,rotated_target_complement,18,11,4,"complement_10","complement_3",8.39135165659628e-18
FacesData,rOFA_to_rFFA_unfamiliar_immediate_minus_long,rotated_all,rotated_target_complement,18,11,5,"complement_10","complement_4",3.6743693632706e-19
FacesData,rOFA_to_rFFA_unfamiliar_immediate_minus_long,rotated_all,rotated_target_complement,18,11,6,"complement_10","complement_5",-8.50439110702203e-16
FacesData,rOFA_to_rFFA_unfamiliar_immediate_minus_long,rotated_all,rotated_target_complement,18,11,7,"complement_10","complement_6",-2.89339785343791e-17
FacesData,rOFA_to_rFFA_unfamiliar_immediate_minus_long,rotated_all,rotated_target_complement,18,11,8,"complement_10","complement_7",-2.6392285508824e-17
FacesData,rOFA_to_rFFA_unfamiliar_immediate_minus_long,rotated_all,rotated_target_complement,18,11,9,"complement_10","complement_8",3.17964423598299e-15
FacesData,rOFA_to_rFFA_unfamiliar_immediate_minus_long,rotated_all,rotated_target_complement,18,11,10,"complement_10","complement_9",1.44594508551398e-15
FacesData,rOFA_to_rFFA_unfamiliar_immediate_minus_long,rotated_all,rotated_target_complement,18,11,11,"complement_10","complement_10",0.00422713167349009
FacesData,rOFA_to_rFFA_unfamiliar_immediate_minus_long,rotated_all,rotated_target_complement,18,11,12,"complement_10","complement_11",-3.59239037871586e-30
FacesData,rOFA_to_rFFA_unfamiliar_immediate_minus_long,rotated_all,rotated_target_complement,18,12,1,"complement_11","target_1",-7.43938363593307e-19
FacesData,rOFA_to_rFFA_unfamiliar_immediate_minus_long,rotated_all,rotated_target_complement,18,12,2,"complement_11","complement_1",-3.07361876103239e-15
FacesData,rOFA_to_rFFA_unfamiliar_immediate_minus_long,rotated_all,rotated_target_complement,18,12,3,"complement_11","complement_2",1.24681286125915e-15
FacesData,rOFA_to_rFFA_unfamiliar_immediate_minus_long,rotated_all,rotated_target_complement,18,12,4,"complement_11","complement_3",3.31262340138097e-15
FacesData,rOFA_to_rFFA_unfamiliar_immediate_minus_long,rotated_all,rotated_target_complement,18,12,5,"complement_11","complement_4",-5.83062889469255e-16
FacesData,rOFA_to_rFFA_unfamiliar_immediate_minus_long,rotated_all,rotated_target_complement,18,12,6,"complement_11","complement_5",-7.35879058687327e-32
FacesData,rOFA_to_rFFA_unfamiliar_immediate_minus_long,rotated_all,rotated_target_complement,18,12,7,"complement_11","complement_6",2.02219346504796e-32
FacesData,rOFA_to_rFFA_unfamiliar_immediate_minus_long,rotated_all,rotated_target_complement,18,12,8,"complement_11","complement_7",9.4590376528436e-22
FacesData,rOFA_to_rFFA_unfamiliar_immediate_minus_long,rotated_all,rotated_target_complement,18,12,9,"complement_11","complement_8",-5.03269149488745e-31
FacesData,rOFA_to_rFFA_unfamiliar_immediate_minus_long,rotated_all,rotated_target_complement,18,12,10,"complement_11","complement_9",2.97885047046027e-15
FacesData,rOFA_to_rFFA_unfamiliar_immediate_minus_long,rotated_all,rotated_target_complement,18,12,11,"complement_11","complement_10",-3.59239037871586e-30
FacesData,rOFA_to_rFFA_unfamiliar_immediate_minus_long,rotated_all,rotated_target_complement,18,12,12,"complement_11","complement_11",0.00448054243734397
FacesData,rOFA_to_rFFA_unfamiliar_immediate_minus_long,rotated_all,rotated_target_complement,18,13,13,"complement_12","complement_12",0.00464549036802886
FacesData,rOFA_to_rFFA_unfamiliar_immediate_minus_long,rotated_all,rotated_target_complement,18,14,14,"complement_13","complement_13",0.00814269184572947
FacesData,rOFA_to_rFFA_unfamiliar_immediate_minus_long,rotated_all,rotated_target_complement,18,15,15,"complement_14","complement_14",0.00465851917885374
FacesData,rOFA_to_rFFA_unfamiliar_immediate_minus_long,rotated_all,rotated_target_complement,18,16,16,"complement_15","complement_15",0.00629693589547564
FacesData,rOFA_to_rFFA_unfamiliar_immediate_minus_long,rotated_all,rotated_target_complement,18,17,17,"complement_16","complement_16",0.00512287850150628
FacesData,rOFA_to_rFFA_unfamiliar_immediate_minus_long,rotated_all,rotated_target_complement,18,18,18,"complement_17","complement_17",0.00633470786039503
FacesData,rOFA_to_rFFA_unfamiliar_immediate_minus_long,rotated_targetwise_plus_nuisance,rotated_target_complement,18,1,1,"target_1","target_1",0.00538239638142102
FacesData,rOFA_to_rFFA_unfamiliar_immediate_minus_long,rotated_targetwise_plus_nuisance,rotated_target_complement,18,1,2,"target_1","complement_1",7.06950888913972e-17
FacesData,rOFA_to_rFFA_unfamiliar_immediate_minus_long,rotated_targetwise_plus_nuisance,rotated_target_complement,18,1,3,"target_1","complement_2",-4.71338995058096e-17
FacesData,rOFA_to_rFFA_unfamiliar_immediate_minus_long,rotated_targetwise_plus_nuisance,rotated_target_complement,18,1,4,"target_1","complement_3",1.67690020978376e-17
FacesData,rOFA_to_rFFA_unfamiliar_immediate_minus_long,rotated_targetwise_plus_nuisance,rotated_target_complement,18,1,5,"target_1","complement_4",-2.33226218300106e-17
FacesData,rOFA_to_rFFA_unfamiliar_immediate_minus_long,rotated_targetwise_plus_nuisance,rotated_target_complement,18,1,6,"target_1","complement_5",1.91799347113364e-17
FacesData,rOFA_to_rFFA_unfamiliar_immediate_minus_long,rotated_targetwise_plus_nuisance,rotated_target_complement,18,1,7,"target_1","complement_6",4.24694496903734e-17
FacesData,rOFA_to_rFFA_unfamiliar_immediate_minus_long,rotated_targetwise_plus_nuisance,rotated_target_complement,18,1,8,"target_1","complement_7",1.86073751759446e-17
FacesData,rOFA_to_rFFA_unfamiliar_immediate_minus_long,rotated_targetwise_plus_nuisance,rotated_target_complement,18,1,9,"target_1","complement_8",8.15557369445963e-17
FacesData,rOFA_to_rFFA_unfamiliar_immediate_minus_long,rotated_targetwise_plus_nuisance,rotated_target_complement,18,1,10,"target_1","complement_9",-4.14905308162358e-18
FacesData,rOFA_to_rFFA_unfamiliar_immediate_minus_long,rotated_targetwise_plus_nuisance,rotated_target_complement,18,1,11,"target_1","complement_10",2.8894478749377e-16
FacesData,rOFA_to_rFFA_unfamiliar_immediate_minus_long,rotated_targetwise_plus_nuisance,rotated_target_complement,18,1,12,"target_1","complement_11",-1.68389395468824e-17
FacesData,rOFA_to_rFFA_unfamiliar_immediate_minus_long,rotated_targetwise_plus_nuisance,rotated_target_complement,18,2,1,"complement_1","target_1",7.06950888913972e-17
FacesData,rOFA_to_rFFA_unfamiliar_immediate_minus_long,rotated_targetwise_plus_nuisance,rotated_target_complement,18,2,2,"complement_1","complement_1",0.00536841947436306
FacesData,rOFA_to_rFFA_unfamiliar_immediate_minus_long,rotated_targetwise_plus_nuisance,rotated_target_complement,18,2,3,"complement_1","complement_2",4.32844084417822e-17
FacesData,rOFA_to_rFFA_unfamiliar_immediate_minus_long,rotated_targetwise_plus_nuisance,rotated_target_complement,18,2,4,"complement_1","complement_3",-1.67182513107415e-16
FacesData,rOFA_to_rFFA_unfamiliar_immediate_minus_long,rotated_targetwise_plus_nuisance,rotated_target_complement,18,2,5,"complement_1","complement_4",1.92360673371799e-17
FacesData,rOFA_to_rFFA_unfamiliar_immediate_minus_long,rotated_targetwise_plus_nuisance,rotated_target_complement,18,2,6,"complement_1","complement_5",9.80154139576098e-17
FacesData,rOFA_to_rFFA_unfamiliar_immediate_minus_long,rotated_targetwise_plus_nuisance,rotated_target_complement,18,2,7,"complement_1","complement_6",-1.79529018630899e-16
FacesData,rOFA_to_rFFA_unfamiliar_immediate_minus_long,rotated_targetwise_plus_nuisance,rotated_target_complement,18,2,8,"complement_1","complement_7",2.14959304662173e-17
FacesData,rOFA_to_rFFA_unfamiliar_immediate_minus_long,rotated_targetwise_plus_nuisance,rotated_target_complement,18,2,9,"complement_1","complement_8",9.84447153747997e-17
FacesData,rOFA_to_rFFA_unfamiliar_immediate_minus_long,rotated_targetwise_plus_nuisance,rotated_target_complement,18,2,10,"complement_1","complement_9",5.30962593081865e-16
FacesData,rOFA_to_rFFA_unfamiliar_immediate_minus_long,rotated_targetwise_plus_nuisance,rotated_target_complement,18,2,11,"complement_1","complement_10",4.12116101228262e-18
FacesData,rOFA_to_rFFA_unfamiliar_immediate_minus_long,rotated_targetwise_plus_nuisance,rotated_target_complement,18,2,12,"complement_1","complement_11",-3.962557179123e-16
FacesData,rOFA_to_rFFA_unfamiliar_immediate_minus_long,rotated_targetwise_plus_nuisance,rotated_target_complement,18,3,1,"complement_2","target_1",-4.71338995058096e-17
FacesData,rOFA_to_rFFA_unfamiliar_immediate_minus_long,rotated_targetwise_plus_nuisance,rotated_target_complement,18,3,2,"complement_2","complement_1",4.32844084417822e-17
FacesData,rOFA_to_rFFA_unfamiliar_immediate_minus_long,rotated_targetwise_plus_nuisance,rotated_target_complement,18,3,3,"complement_2","complement_2",0.00536841947436373
FacesData,rOFA_to_rFFA_unfamiliar_immediate_minus_long,rotated_targetwise_plus_nuisance,rotated_target_complement,18,3,4,"complement_2","complement_3",4.16050902038099e-16
FacesData,rOFA_to_rFFA_unfamiliar_immediate_minus_long,rotated_targetwise_plus_nuisance,rotated_target_complement,18,3,5,"complement_2","complement_4",2.05233255003464e-16
FacesData,rOFA_to_rFFA_unfamiliar_immediate_minus_long,rotated_targetwise_plus_nuisance,rotated_target_complement,18,3,6,"complement_2","complement_5",-1.57612027680442e-17
FacesData,rOFA_to_rFFA_unfamiliar_immediate_minus_long,rotated_targetwise_plus_nuisance,rotated_target_complement,18,3,7,"complement_2","complement_6",-1.53369237799897e-16
FacesData,rOFA_to_rFFA_unfamiliar_immediate_minus_long,rotated_targetwise_plus_nuisance,rotated_target_complement,18,3,8,"complement_2","complement_7",-1.34926733906306e-17
FacesData,rOFA_to_rFFA_unfamiliar_immediate_minus_long,rotated_targetwise_plus_nuisance,rotated_target_complement,18,3,9,"complement_2","complement_8",-2.79167871042657e-16
FacesData,rOFA_to_rFFA_unfamiliar_immediate_minus_long,rotated_targetwise_plus_nuisance,rotated_target_complement,18,3,10,"complement_2","complement_9",-8.64042949109006e-17
FacesData,rOFA_to_rFFA_unfamiliar_immediate_minus_long,rotated_targetwise_plus_nuisance,rotated_target_complement,18,3,11,"complement_2","complement_10",3.00996843277685e-16
FacesData,rOFA_to_rFFA_unfamiliar_immediate_minus_long,rotated_targetwise_plus_nuisance,rotated_target_complement,18,3,12,"complement_2","complement_11",3.09213790882408e-17
FacesData,rOFA_to_rFFA_unfamiliar_immediate_minus_long,rotated_targetwise_plus_nuisance,rotated_target_complement,18,4,1,"complement_3","target_1",1.67690020978376e-17
FacesData,rOFA_to_rFFA_unfamiliar_immediate_minus_long,rotated_targetwise_plus_nuisance,rotated_target_complement,18,4,2,"complement_3","complement_1",-1.67182513107415e-16
FacesData,rOFA_to_rFFA_unfamiliar_immediate_minus_long,rotated_targetwise_plus_nuisance,rotated_target_complement,18,4,3,"complement_3","complement_2",4.16050902038099e-16
FacesData,rOFA_to_rFFA_unfamiliar_immediate_minus_long,rotated_targetwise_plus_nuisance,rotated_target_complement,18,4,4,"complement_3","complement_3",0.00536841947436395
FacesData,rOFA_to_rFFA_unfamiliar_immediate_minus_long,rotated_targetwise_plus_nuisance,rotated_target_complement,18,4,5,"complement_3","complement_4",-1.71274051529094e-16
FacesData,rOFA_to_rFFA_unfamiliar_immediate_minus_long,rotated_targetwise_plus_nuisance,rotated_target_complement,18,4,6,"complement_3","complement_5",-3.34813322266997e-17
FacesData,rOFA_to_rFFA_unfamiliar_immediate_minus_long,rotated_targetwise_plus_nuisance,rotated_target_complement,18,4,7,"complement_3","complement_6",-6.31694617149834e-17
FacesData,rOFA_to_rFFA_unfamiliar_immediate_minus_long,rotated_targetwise_plus_nuisance,rotated_target_complement,18,4,8,"complement_3","complement_7",-1.20452725098874e-16
FacesData,rOFA_to_rFFA_unfamiliar_immediate_minus_long,rotated_targetwise_plus_nuisance,rotated_target_complement,18,4,9,"complement_3","complement_8",-2.33377729115011e-16
FacesData,rOFA_to_rFFA_unfamiliar_immediate_minus_long,rotated_targetwise_plus_nuisance,rotated_target_complement,18,4,10,"complement_3","complement_9",1.68567577175243e-16
FacesData,rOFA_to_rFFA_unfamiliar_immediate_minus_long,rotated_targetwise_plus_nuisance,rotated_target_complement,18,4,11,"complement_3","complement_10",3.25845449641315e-16
FacesData,rOFA_to_rFFA_unfamiliar_immediate_minus_long,rotated_targetwise_plus_nuisance,rotated_target_complement,18,4,12,"complement_3","complement_11",2.33963466806188e-16
FacesData,rOFA_to_rFFA_unfamiliar_immediate_minus_long,rotated_targetwise_plus_nuisance,rotated_target_complement,18,5,1,"complement_4","target_1",-2.33226218300106e-17
FacesData,rOFA_to_rFFA_unfamiliar_immediate_minus_long,rotated_targetwise_plus_nuisance,rotated_target_complement,18,5,2,"complement_4","complement_1",1.92360673371799e-17
FacesData,rOFA_to_rFFA_unfamiliar_immediate_minus_long,rotated_targetwise_plus_nuisance,rotated_target_complement,18,5,3,"complement_4","complement_2",2.05233255003464e-16
FacesData,rOFA_to_rFFA_unfamiliar_immediate_minus_long,rotated_targetwise_plus_nuisance,rotated_target_complement,18,5,4,"complement_4","complement_3",-1.71274051529094e-16
FacesData,rOFA_to_rFFA_unfamiliar_immediate_minus_long,rotated_targetwise_plus_nuisance,rotated_target_complement,18,5,5,"complement_4","complement_4",0.00536841947436417
FacesData,rOFA_to_rFFA_unfamiliar_immediate_minus_long,rotated_targetwise_plus_nuisance,rotated_target_complement,18,5,6,"complement_4","complement_5",-1.87482147306032e-16
FacesData,rOFA_to_rFFA_unfamiliar_immediate_minus_long,rotated_targetwise_plus_nuisance,rotated_target_complement,18,5,7,"complement_4","complement_6",1.40712579326896e-17
FacesData,rOFA_to_rFFA_unfamiliar_immediate_minus_long,rotated_targetwise_plus_nuisance,rotated_target_complement,18,5,8,"complement_4","complement_7",6.36924431508376e-17
FacesData,rOFA_to_rFFA_unfamiliar_immediate_minus_long,rotated_targetwise_plus_nuisance,rotated_target_complement,18,5,9,"complement_4","complement_8",4.13754000060378e-17
FacesData,rOFA_to_rFFA_unfamiliar_immediate_minus_long,rotated_targetwise_plus_nuisance,rotated_target_complement,18,5,10,"complement_4","complement_9",-7.28275153140297e-17
FacesData,rOFA_to_rFFA_unfamiliar_immediate_minus_long,rotated_targetwise_plus_nuisance,rotated_target_complement,18,5,11,"complement_4","complement_10",-1.05236771445735e-16
FacesData,rOFA_to_rFFA_unfamiliar_immediate_minus_long,rotated_targetwise_plus_nuisance,rotated_target_complement,18,5,12,"complement_4","complement_11",-7.05202360798289e-17
FacesData,rOFA_to_rFFA_unfamiliar_immediate_minus_long,rotated_targetwise_plus_nuisance,rotated_target_complement,18,6,1,"complement_5","target_1",1.91799347113364e-17
FacesData,rOFA_to_rFFA_unfamiliar_immediate_minus_long,rotated_targetwise_plus_nuisance,rotated_target_complement,18,6,2,"complement_5","complement_1",9.80154139576098e-17
FacesData,rOFA_to_rFFA_unfamiliar_immediate_minus_long,rotated_targetwise_plus_nuisance,rotated_target_complement,18,6,3,"complement_5","complement_2",-1.57612027680442e-17
FacesData,rOFA_to_rFFA_unfamiliar_immediate_minus_long,rotated_targetwise_plus_nuisance,rotated_target_complement,18,6,4,"complement_5","complement_3",-3.34813322266997e-17
FacesData,rOFA_to_rFFA_unfamiliar_immediate_minus_long,rotated_targetwise_plus_nuisance,rotated_target_complement,18,6,5,"complement_5","complement_4",-1.87482147306032e-16
FacesData,rOFA_to_rFFA_unfamiliar_immediate_minus_long,rotated_targetwise_plus_nuisance,rotated_target_complement,18,6,6,"complement_5","complement_5",0.00536841947436351
FacesData,rOFA_to_rFFA_unfamiliar_immediate_minus_long,rotated_targetwise_plus_nuisance,rotated_target_complement,18,6,7,"complement_5","complement_6",1.55941867041509e-17
FacesData,rOFA_to_rFFA_unfamiliar_immediate_minus_long,rotated_targetwise_plus_nuisance,rotated_target_complement,18,6,8,"complement_5","complement_7",-9.34750695437137e-17
FacesData,rOFA_to_rFFA_unfamiliar_immediate_minus_long,rotated_targetwise_plus_nuisance,rotated_target_complement,18,6,9,"complement_5","complement_8",-1.56001636031143e-16
FacesData,rOFA_to_rFFA_unfamiliar_immediate_minus_long,rotated_targetwise_plus_nuisance,rotated_target_complement,18,6,10,"complement_5","complement_9",-1.33736107217803e-17
FacesData,rOFA_to_rFFA_unfamiliar_immediate_minus_long,rotated_targetwise_plus_nuisance,rotated_target_complement,18,6,11,"complement_5","complement_10",7.37691216485739e-17
FacesData,rOFA_to_rFFA_unfamiliar_immediate_minus_long,rotated_targetwise_plus_nuisance,rotated_target_complement,18,6,12,"complement_5","complement_11",-1.32211573159759e-17
FacesData,rOFA_to_rFFA_unfamiliar_immediate_minus_long,rotated_targetwise_plus_nuisance,rotated_target_complement,18,7,1,"complement_6","target_1",4.24694496903734e-17
FacesData,rOFA_to_rFFA_unfamiliar_immediate_minus_long,rotated_targetwise_plus_nuisance,rotated_target_complement,18,7,2,"complement_6","complement_1",-1.79529018630899e-16
FacesData,rOFA_to_rFFA_unfamiliar_immediate_minus_long,rotated_targetwise_plus_nuisance,rotated_target_complement,18,7,3,"complement_6","complement_2",-1.53369237799897e-16
FacesData,rOFA_to_rFFA_unfamiliar_immediate_minus_long,rotated_targetwise_plus_nuisance,rotated_target_complement,18,7,4,"complement_6","complement_3",-6.31694617149834e-17
FacesData,rOFA_to_rFFA_unfamiliar_immediate_minus_long,rotated_targetwise_plus_nuisance,rotated_target_complement,18,7,5,"complement_6","complement_4",1.40712579326896e-17
FacesData,rOFA_to_rFFA_unfamiliar_immediate_minus_long,rotated_targetwise_plus_nuisance,rotated_target_complement,18,7,6,"complement_6","complement_5",1.55941867041509e-17
FacesData,rOFA_to_rFFA_unfamiliar_immediate_minus_long,rotated_targetwise_plus_nuisance,rotated_target_complement,18,7,7,"complement_6","complement_6",0.00536841947436306
FacesData,rOFA_to_rFFA_unfamiliar_immediate_minus_long,rotated_targetwise_plus_nuisance,rotated_target_complement,18,7,8,"complement_6","complement_7",3.96102562360584e-16
FacesData,rOFA_to_rFFA_unfamiliar_immediate_minus_long,rotated_targetwise_plus_nuisance,rotated_target_complement,18,7,9,"complement_6","complement_8",2.07371287044543e-16
FacesData,rOFA_to_rFFA_unfamiliar_immediate_minus_long,rotated_targetwise_plus_nuisance,rotated_target_complement,18,7,10,"complement_6","complement_9",1.72303185821395e-17
FacesData,rOFA_to_rFFA_unfamiliar_immediate_minus_long,rotated_targetwise_plus_nuisance,rotated_target_complement,18,7,11,"complement_6","complement_10",-4.46921536212077e-17
FacesData,rOFA_to_rFFA_unfamiliar_immediate_minus_long,rotated_targetwise_plus_nuisance,rotated_target_complement,18,7,12,"complement_6","complement_11",2.71698796317115e-17
FacesData,rOFA_to_rFFA_unfamiliar_immediate_minus_long,rotated_targetwise_plus_nuisance,rotated_target_complement,18,8,1,"complement_7","target_1",1.86073751759446e-17
FacesData,rOFA_to_rFFA_unfamiliar_immediate_minus_long,rotated_targetwise_plus_nuisance,rotated_target_complement,18,8,2,"complement_7","complement_1",2.14959304662173e-17
FacesData,rOFA_to_rFFA_unfamiliar_immediate_minus_long,rotated_targetwise_plus_nuisance,rotated_target_complement,18,8,3,"complement_7","complement_2",-1.34926733906306e-17
FacesData,rOFA_to_rFFA_unfamiliar_immediate_minus_long,rotated_targetwise_plus_nuisance,rotated_target_complement,18,8,4,"complement_7","complement_3",-1.20452725098874e-16
FacesData,rOFA_to_rFFA_unfamiliar_immediate_minus_long,rotated_targetwise_plus_nuisance,rotated_target_complement,18,8,5,"complement_7","complement_4",6.36924431508376e-17
FacesData,rOFA_to_rFFA_unfamiliar_immediate_minus_long,rotated_targetwise_plus_nuisance,rotated_target_complement,18,8,6,"complement_7","complement_5",-9.34750695437137e-17
FacesData,rOFA_to_rFFA_unfamiliar_immediate_minus_long,rotated_targetwise_plus_nuisance,rotated_target_complement,18,8,7,"complement_7","complement_6",3.96102562360584e-16
FacesData,rOFA_to_rFFA_unfamiliar_immediate_minus_long,rotated_targetwise_plus_nuisance,rotated_target_complement,18,8,8,"complement_7","complement_7",0.00536841947436217
FacesData,rOFA_to_rFFA_unfamiliar_immediate_minus_long,rotated_targetwise_plus_nuisance,rotated_target_complement,18,8,9,"complement_7","complement_8",-2.66986290219873e-16
FacesData,rOFA_to_rFFA_unfamiliar_immediate_minus_long,rotated_targetwise_plus_nuisance,rotated_target_complement,18,8,10,"complement_7","complement_9",1.12769713633325e-17
FacesData,rOFA_to_rFFA_unfamiliar_immediate_minus_long,rotated_targetwise_plus_nuisance,rotated_target_complement,18,8,11,"complement_7","complement_10",-2.00718390171796e-17
FacesData,rOFA_to_rFFA_unfamiliar_immediate_minus_long,rotated_targetwise_plus_nuisance,rotated_target_complement,18,8,12,"complement_7","complement_11",1.81831263828965e-17
FacesData,rOFA_to_rFFA_unfamiliar_immediate_minus_long,rotated_targetwise_plus_nuisance,rotated_target_complement,18,9,1,"complement_8","target_1",8.15557369445963e-17
FacesData,rOFA_to_rFFA_unfamiliar_immediate_minus_long,rotated_targetwise_plus_nuisance,rotated_target_complement,18,9,2,"complement_8","complement_1",9.84447153747997e-17
FacesData,rOFA_to_rFFA_unfamiliar_immediate_minus_long,rotated_targetwise_plus_nuisance,rotated_target_complement,18,9,3,"complement_8","complement_2",-2.79167871042657e-16
FacesData,rOFA_to_rFFA_unfamiliar_immediate_minus_long,rotated_targetwise_plus_nuisance,rotated_target_complement,18,9,4,"complement_8","complement_3",-2.33377729115011e-16
FacesData,rOFA_to_rFFA_unfamiliar_immediate_minus_long,rotated_targetwise_plus_nuisance,rotated_target_complement,18,9,5,"complement_8","complement_4",4.13754000060378e-17
FacesData,rOFA_to_rFFA_unfamiliar_immediate_minus_long,rotated_targetwise_plus_nuisance,rotated_target_complement,18,9,6,"complement_8","complement_5",-1.56001636031143e-16
FacesData,rOFA_to_rFFA_unfamiliar_immediate_minus_long,rotated_targetwise_plus_nuisance,rotated_target_complement,18,9,7,"complement_8","complement_6",2.07371287044543e-16
FacesData,rOFA_to_rFFA_unfamiliar_immediate_minus_long,rotated_targetwise_plus_nuisance,rotated_target_complement,18,9,8,"complement_8","complement_7",-2.66986290219873e-16
FacesData,rOFA_to_rFFA_unfamiliar_immediate_minus_long,rotated_targetwise_plus_nuisance,rotated_target_complement,18,9,9,"complement_8","complement_8",0.00536841947436373
FacesData,rOFA_to_rFFA_unfamiliar_immediate_minus_long,rotated_targetwise_plus_nuisance,rotated_target_complement,18,9,10,"complement_8","complement_9",2.40061377965342e-16
FacesData,rOFA_to_rFFA_unfamiliar_immediate_minus_long,rotated_targetwise_plus_nuisance,rotated_target_complement,18,9,11,"complement_8","complement_10",-2.62201571455022e-16
FacesData,rOFA_to_rFFA_unfamiliar_immediate_minus_long,rotated_targetwise_plus_nuisance,rotated_target_complement,18,9,12,"complement_8","complement_11",7.41005011635275e-17
FacesData,rOFA_to_rFFA_unfamiliar_immediate_minus_long,rotated_targetwise_plus_nuisance,rotated_target_complement,18,10,1,"complement_9","target_1",-4.14905308162358e-18
FacesData,rOFA_to_rFFA_unfamiliar_immediate_minus_long,rotated_targetwise_plus_nuisance,rotated_target_complement,18,10,2,"complement_9","complement_1",5.30962593081865e-16
FacesData,rOFA_to_rFFA_unfamiliar_immediate_minus_long,rotated_targetwise_plus_nuisance,rotated_target_complement,18,10,3,"complement_9","complement_2",-8.64042949109006e-17
FacesData,rOFA_to_rFFA_unfamiliar_immediate_minus_long,rotated_targetwise_plus_nuisance,rotated_target_complement,18,10,4,"complement_9","complement_3",1.68567577175243e-16
FacesData,rOFA_to_rFFA_unfamiliar_immediate_minus_long,rotated_targetwise_plus_nuisance,rotated_target_complement,18,10,5,"complement_9","complement_4",-7.28275153140297e-17
FacesData,rOFA_to_rFFA_unfamiliar_immediate_minus_long,rotated_targetwise_plus_nuisance,rotated_target_complement,18,10,6,"complement_9","complement_5",-1.33736107217803e-17
FacesData,rOFA_to_rFFA_unfamiliar_immediate_minus_long,rotated_targetwise_plus_nuisance,rotated_target_complement,18,10,7,"complement_9","complement_6",1.72303185821395e-17
FacesData,rOFA_to_rFFA_unfamiliar_immediate_minus_long,rotated_targetwise_plus_nuisance,rotated_target_complement,18,10,8,"complement_9","complement_7",1.12769713633325e-17
FacesData,rOFA_to_rFFA_unfamiliar_immediate_minus_long,rotated_targetwise_plus_nuisance,rotated_target_complement,18,10,9,"complement_9","complement_8",2.40061377965342e-16
FacesData,rOFA_to_rFFA_unfamiliar_immediate_minus_long,rotated_targetwise_plus_nuisance,rotated_target_complement,18,10,10,"complement_9","complement_9",0.00536841947436306
FacesData,rOFA_to_rFFA_unfamiliar_immediate_minus_long,rotated_targetwise_plus_nuisance,rotated_target_complement,18,10,11,"complement_9","complement_10",1.48625281145292e-16
FacesData,rOFA_to_rFFA_unfamiliar_immediate_minus_long,rotated_targetwise_plus_nuisance,rotated_target_complement,18,10,12,"complement_9","complement_11",2.84097524349353e-17
FacesData,rOFA_to_rFFA_unfamiliar_immediate_minus_long,rotated_targetwise_plus_nuisance,rotated_target_complement,18,11,1,"complement_10","target_1",2.8894478749377e-16
FacesData,rOFA_to_rFFA_unfamiliar_immediate_minus_long,rotated_targetwise_plus_nuisance,rotated_target_complement,18,11,2,"complement_10","complement_1",4.12116101228262e-18
FacesData,rOFA_to_rFFA_unfamiliar_immediate_minus_long,rotated_targetwise_plus_nuisance,rotated_target_complement,18,11,3,"complement_10","complement_2",3.00996843277685e-16
FacesData,rOFA_to_rFFA_unfamiliar_immediate_minus_long,rotated_targetwise_plus_nuisance,rotated_target_complement,18,11,4,"complement_10","complement_3",3.25845449641315e-16
FacesData,rOFA_to_rFFA_unfamiliar_immediate_minus_long,rotated_targetwise_plus_nuisance,rotated_target_complement,18,11,5,"complement_10","complement_4",-1.05236771445735e-16
FacesData,rOFA_to_rFFA_unfamiliar_immediate_minus_long,rotated_targetwise_plus_nuisance,rotated_target_complement,18,11,6,"complement_10","complement_5",7.37691216485739e-17
FacesData,rOFA_to_rFFA_unfamiliar_immediate_minus_long,rotated_targetwise_plus_nuisance,rotated_target_complement,18,11,7,"complement_10","complement_6",-4.46921536212077e-17
FacesData,rOFA_to_rFFA_unfamiliar_immediate_minus_long,rotated_targetwise_plus_nuisance,rotated_target_complement,18,11,8,"complement_10","complement_7",-2.00718390171796e-17
FacesData,rOFA_to_rFFA_unfamiliar_immediate_minus_long,rotated_targetwise_plus_nuisance,rotated_target_complement,18,11,9,"complement_10","complement_8",-2.62201571455022e-16
FacesData,rOFA_to_rFFA_unfamiliar_immediate_minus_long,rotated_targetwise_plus_nuisance,rotated_target_complement,18,11,10,"complement_10","complement_9",1.48625281145292e-16
FacesData,rOFA_to_rFFA_unfamiliar_immediate_minus_long,rotated_targetwise_plus_nuisance,rotated_target_complement,18,11,11,"complement_10","complement_10",0.00536841947436306
FacesData,rOFA_to_rFFA_unfamiliar_immediate_minus_long,rotated_targetwise_plus_nuisance,rotated_target_complement,18,11,12,"complement_10","complement_11",8.65989432280154e-17
FacesData,rOFA_to_rFFA_unfamiliar_immediate_minus_long,rotated_targetwise_plus_nuisance,rotated_target_complement,18,12,1,"complement_11","target_1",-1.68389395468824e-17
FacesData,rOFA_to_rFFA_unfamiliar_immediate_minus_long,rotated_targetwise_plus_nuisance,rotated_target_complement,18,12,2,"complement_11","complement_1",-3.962557179123e-16
FacesData,rOFA_to_rFFA_unfamiliar_immediate_minus_long,rotated_targetwise_plus_nuisance,rotated_target_complement,18,12,3,"complement_11","complement_2",3.09213790882408e-17
FacesData,rOFA_to_rFFA_unfamiliar_immediate_minus_long,rotated_targetwise_plus_nuisance,rotated_target_complement,18,12,4,"complement_11","complement_3",2.33963466806188e-16
FacesData,rOFA_to_rFFA_unfamiliar_immediate_minus_long,rotated_targetwise_plus_nuisance,rotated_target_complement,18,12,5,"complement_11","complement_4",-7.05202360798289e-17
FacesData,rOFA_to_rFFA_unfamiliar_immediate_minus_long,rotated_targetwise_plus_nuisance,rotated_target_complement,18,12,6,"complement_11","complement_5",-1.32211573159759e-17
FacesData,rOFA_to_rFFA_unfamiliar_immediate_minus_long,rotated_targetwise_plus_nuisance,rotated_target_complement,18,12,7,"complement_11","complement_6",2.71698796317115e-17
FacesData,rOFA_to_rFFA_unfamiliar_immediate_minus_long,rotated_targetwise_plus_nuisance,rotated_target_complement,18,12,8,"complement_11","complement_7",1.81831263828965e-17
FacesData,rOFA_to_rFFA_unfamiliar_immediate_minus_long,rotated_targetwise_plus_nuisance,rotated_target_complement,18,12,9,"complement_11","complement_8",7.41005011635275e-17
FacesData,rOFA_to_rFFA_unfamiliar_immediate_minus_long,rotated_targetwise_plus_nuisance,rotated_target_complement,18,12,10,"complement_11","complement_9",2.84097524349353e-17
FacesData,rOFA_to_rFFA_unfamiliar_immediate_minus_long,rotated_targetwise_plus_nuisance,rotated_target_complement,18,12,11,"complement_11","complement_10",8.65989432280154e-17
FacesData,rOFA_to_rFFA_unfamiliar_immediate_minus_long,rotated_targetwise_plus_nuisance,rotated_target_complement,18,12,12,"complement_11","complement_11",0.00536841947436284
FacesData,rOFA_to_rFFA_unfamiliar_immediate_minus_long,rotated_targetwise_plus_nuisance,rotated_target_complement,18,13,13,"complement_12","complement_12",0.00536841947436351
FacesData,rOFA_to_rFFA_unfamiliar_immediate_minus_long,rotated_targetwise_plus_nuisance,rotated_target_complement,18,14,14,"complement_13","complement_13",0.00536841947436351
FacesData,rOFA_to_rFFA_unfamiliar_immediate_minus_long,rotated_targetwise_plus_nuisance,rotated_target_complement,18,15,15,"complement_14","complement_14",0.00536841947436351
FacesData,rOFA_to_rFFA_unfamiliar_immediate_minus_long,rotated_targetwise_plus_nuisance,rotated_target_complement,18,16,16,"complement_15","complement_15",0.00536841947436351
FacesData,rOFA_to_rFFA_unfamiliar_immediate_minus_long,rotated_targetwise_plus_nuisance,rotated_target_complement,18,17,17,"complement_16","complement_16",0.00536841947436351
FacesData,rOFA_to_rFFA_unfamiliar_immediate_minus_long,rotated_targetwise_plus_nuisance,rotated_target_complement,18,18,18,"complement_17","complement_17",0.00536841947436351
FacesData,rOFA_to_rFFA_unfamiliar_immediate_minus_long,source_all,source,18,1,1,"B(2,1,1)","B(2,1,1)",0.00418895192977153
FacesData,rOFA_to_rFFA_unfamiliar_immediate_minus_long,source_all,source,18,2,2,"B(3,2,1)","B(3,2,1)",0.00558889610603153
FacesData,rOFA_to_rFFA_unfamiliar_immediate_minus_long,source_all,source,18,3,3,"B(2,1,2)","B(2,1,2)",0.00489242888929198
FacesData,rOFA_to_rFFA_unfamiliar_immediate_minus_long,source_all,source,18,4,4,"B(3,2,2)","B(3,2,2)",0.00673624495354197
FacesData,rOFA_to_rFFA_unfamiliar_immediate_minus_long,source_all,source,18,5,5,"B(2,1,3)","B(2,1,3)",0.00446591086779158
FacesData,rOFA_to_rFFA_unfamiliar_immediate_minus_long,source_all,source,18,6,6,"B(3,2,3)","B(3,2,3)",0.00790180923287309
FacesData,rOFA_to_rFFA_unfamiliar_immediate_minus_long,source_all,source,18,7,7,"B(2,1,4)","B(2,1,4)",0.00409189761255924
FacesData,rOFA_to_rFFA_unfamiliar_immediate_minus_long,source_all,source,18,8,8,"B(3,2,4)","B(3,2,4)",0.0059368882151003
FacesData,rOFA_to_rFFA_unfamiliar_immediate_minus_long,source_all,source,18,9,9,"B(2,1,5)","B(2,1,5)",0.00461611740957935
FacesData,rOFA_to_rFFA_unfamiliar_immediate_minus_long,source_all,source,18,10,10,"B(3,2,5)","B(3,2,5)",0.00581708450113183
FacesData,rOFA_to_rFFA_unfamiliar_immediate_minus_long,source_all,source,18,11,11,"B(2,1,6)","B(2,1,6)",0.00405687058133175
FacesData,rOFA_to_rFFA_unfamiliar_immediate_minus_long,source_all,source,18,12,12,"B(3,2,6)","B(3,2,6)",0.00628597349424709
FacesData,rOFA_to_rFFA_unfamiliar_immediate_minus_long,source_all,source,18,13,13,"B(2,1,7)","B(2,1,7)",0.00456319338204736
FacesData,rOFA_to_rFFA_unfamiliar_immediate_minus_long,source_all,source,18,14,14,"B(3,2,7)","B(3,2,7)",0.00830507313813822
FacesData,rOFA_to_rFFA_unfamiliar_immediate_minus_long,source_all,source,18,15,15,"B(2,1,8)","B(2,1,8)",0.00456217775401058
FacesData,rOFA_to_rFFA_unfamiliar_immediate_minus_long,source_all,source,18,16,16,"B(3,2,8)","B(3,2,8)",0.00634724217918681
FacesData,rOFA_to_rFFA_unfamiliar_immediate_minus_long,source_all,source,18,17,17,"B(2,1,9)","B(2,1,9)",0.00508246897605602
FacesData,rOFA_to_rFFA_unfamiliar_immediate_minus_long,source_all,source,18,18,18,"B(3,2,9)","B(3,2,9)",0.0063928457456992
FacesData,rOFA_to_rFFA_unfamiliar_immediate_minus_long,source_single,source,18,1,1,"B(2,1,1)","B(2,1,1)",0.00536826037153881
FacesData,rOFA_to_rFFA_unfamiliar_immediate_minus_long,source_single,source,18,2,2,"B(3,2,1)","B(3,2,1)",0.00536826037153881
FacesData,rOFA_to_rFFA_unfamiliar_immediate_minus_long,source_single,source,18,3,3,"B(2,1,2)","B(2,1,2)",0.00536826037153881
FacesData,rOFA_to_rFFA_unfamiliar_immediate_minus_long,source_single,source,18,4,4,"B(3,2,2)","B(3,2,2)",0.00536826037153881
FacesData,rOFA_to_rFFA_unfamiliar_immediate_minus_long,source_single,source,18,5,5,"B(2,1,3)","B(2,1,3)",0.00536826037153881
FacesData,rOFA_to_rFFA_unfamiliar_immediate_minus_long,source_single,source,18,6,6,"B(3,2,3)","B(3,2,3)",0.00536826037153881
FacesData,rOFA_to_rFFA_unfamiliar_immediate_minus_long,source_single,source,18,7,7,"B(2,1,4)","B(2,1,4)",0.00536826037153881
FacesData,rOFA_to_rFFA_unfamiliar_immediate_minus_long,source_single,source,18,8,8,"B(3,2,4)","B(3,2,4)",0.00536826037153881
FacesData,rOFA_to_rFFA_unfamiliar_immediate_minus_long,source_single,source,18,9,9,"B(2,1,5)","B(2,1,5)",0.00536826037153881
FacesData,rOFA_to_rFFA_unfamiliar_immediate_minus_long,source_single,source,18,10,10,"B(3,2,5)","B(3,2,5)",0.00536826037153881
FacesData,rOFA_to_rFFA_unfamiliar_immediate_minus_long,source_single,source,18,11,11,"B(2,1,6)","B(2,1,6)",0.00536826037153881
FacesData,rOFA_to_rFFA_unfamiliar_immediate_minus_long,source_single,source,18,12,12,"B(3,2,6)","B(3,2,6)",0.00536826037153881
FacesData,rOFA_to_rFFA_unfamiliar_immediate_minus_long,source_single,source,18,13,13,"B(2,1,7)","B(2,1,7)",0.00536826037153881
FacesData,rOFA_to_rFFA_unfamiliar_immediate_minus_long,source_single,source,18,14,14,"B(3,2,7)","B(3,2,7)",0.00536826037153881
FacesData,rOFA_to_rFFA_unfamiliar_immediate_minus_long,source_single,source,18,15,15,"B(2,1,8)","B(2,1,8)",0.00536826037153881
FacesData,rOFA_to_rFFA_unfamiliar_immediate_minus_long,source_single,source,18,16,16,"B(3,2,8)","B(3,2,8)",0.00536826037153881
FacesData,rOFA_to_rFFA_unfamiliar_immediate_minus_long,source_single,source,18,17,17,"B(2,1,9)","B(2,1,9)",0.00536826037153881
FacesData,rOFA_to_rFFA_unfamiliar_immediate_minus_long,source_single,source,18,18,18,"B(3,2,9)","B(3,2,9)",0.00536826037153881
FacesData,rOFA_to_rFFA_unfamiliar_immediate_minus_long,target_direct,target,1,1,1,"target_1","target_1",0.0028989044127723
FingerData,R1_bilateral_average,rotated_all,rotated_target_complement,18,1,1,"target_1","target_1",0.00538243104113256
FingerData,R1_bilateral_average,rotated_all,rotated_target_complement,18,1,2,"target_1","complement_1",5.69754466562822e-16
FingerData,R1_bilateral_average,rotated_all,rotated_target_complement,18,1,3,"target_1","complement_2",3.0884359384879e-17
FingerData,R1_bilateral_average,rotated_all,rotated_target_complement,18,1,4,"target_1","complement_3",5.82805621230602e-16
FingerData,R1_bilateral_average,rotated_all,rotated_target_complement,18,1,5,"target_1","complement_4",-1.31638773802588e-16
FingerData,R1_bilateral_average,rotated_all,rotated_target_complement,18,1,6,"target_1","complement_5",-1.53062374069158e-16
FingerData,R1_bilateral_average,rotated_all,rotated_target_complement,18,1,7,"target_1","complement_6",1.87910905583985e-16
FingerData,R1_bilateral_average,rotated_all,rotated_target_complement,18,1,8,"target_1","complement_7",-3.54121079943784e-16
FingerData,R1_bilateral_average,rotated_all,rotated_target_complement,18,1,9,"target_1","complement_8",2.55093563155499e-16
FingerData,R1_bilateral_average,rotated_all,rotated_target_complement,18,1,10,"target_1","complement_9",-1.34811728873873e-16
FingerData,R1_bilateral_average,rotated_all,rotated_target_complement,18,1,11,"target_1","complement_10",1.10697760570259e-15
FingerData,R1_bilateral_average,rotated_all,rotated_target_complement,18,1,12,"target_1","complement_11",1.18434848062772e-16
FingerData,R1_bilateral_average,rotated_all,rotated_target_complement,18,1,13,"target_1","complement_12",-1.0707255199227e-17
FingerData,R1_bilateral_average,rotated_all,rotated_target_complement,18,1,14,"target_1","complement_13",1.61878082615384e-16
FingerData,R1_bilateral_average,rotated_all,rotated_target_complement,18,1,15,"target_1","complement_14",-5.53716715982888e-17
FingerData,R1_bilateral_average,rotated_all,rotated_target_complement,18,1,16,"target_1","complement_15",1.06208426227435e-15
FingerData,R1_bilateral_average,rotated_all,rotated_target_complement,18,1,17,"target_1","complement_16",6.66749874198153e-17
FingerData,R1_bilateral_average,rotated_all,rotated_target_complement,18,1,18,"target_1","complement_17",1.82481317629918e-31
FingerData,R1_bilateral_average,rotated_all,rotated_target_complement,18,2,1,"complement_1","target_1",5.69754466562822e-16
FingerData,R1_bilateral_average,rotated_all,rotated_target_complement,18,2,2,"complement_1","complement_1",0.00536092757936046
FingerData,R1_bilateral_average,rotated_all,rotated_target_complement,18,2,3,"complement_1","complement_2",-3.97768782436693e-15
FingerData,R1_bilateral_average,rotated_all,rotated_target_complement,18,2,4,"complement_1","complement_3",6.30135563017633e-15
FingerData,R1_bilateral_average,rotated_all,rotated_target_complement,18,2,5,"complement_1","complement_4",2.97314684740246e-15
FingerData,R1_bilateral_average,rotated_all,rotated_target_complement,18,2,6,"complement_1","complement_5",2.9809437814413e-15
FingerData,R1_bilateral_average,rotated_all,rotated_target_complement,18,2,7,"complement_1","complement_6",-1.25123859749194e-16
FingerData,R1_bilateral_average,rotated_all,rotated_target_complement,18,2,8,"complement_1","complement_7",1.30498177294426e-15
FingerData,R1_bilateral_average,rotated_all,rotated_target_complement,18,2,9,"complement_1","complement_8",-3.20425755984792e-15
FingerData,R1_bilateral_average,rotated_all,rotated_target_complement,18,2,10,"complement_1","complement_9",8.51683396351214e-15
FingerData,R1_bilateral_average,rotated_all,rotated_target_complement,18,2,11,"complement_1","complement_10",-5.42059307010056e-16
FingerData,R1_bilateral_average,rotated_all,rotated_target_complement,18,2,12,"complement_1","complement_11",2.56395404603148e-15
FingerData,R1_bilateral_average,rotated_all,rotated_target_complement,18,2,13,"complement_1","complement_12",-1.31228015386655e-15
FingerData,R1_bilateral_average,rotated_all,rotated_target_complement,18,2,14,"complement_1","complement_13",8.90872562239521e-16
FingerData,R1_bilateral_average,rotated_all,rotated_target_complement,18,2,15,"complement_1","complement_14",-1.35047207136577e-15
FingerData,R1_bilateral_average,rotated_all,rotated_target_complement,18,2,16,"complement_1","complement_15",4.00566354977928e-15
FingerData,R1_bilateral_average,rotated_all,rotated_target_complement,18,2,17,"complement_1","complement_16",-2.12320180151236e-15
FingerData,R1_bilateral_average,rotated_all,rotated_target_complement,18,2,18,"complement_1","complement_17",-1.46830943415871e-15
FingerData,R1_bilateral_average,rotated_all,rotated_target_complement,18,3,1,"complement_2","target_1",3.0884359384879e-17
FingerData,R1_bilateral_average,rotated_all,rotated_target_complement,18,3,2,"complement_2","complement_1",-3.97768782436693e-15
FingerData,R1_bilateral_average,rotated_all,rotated_target_complement,18,3,3,"complement_2","complement_2",0.00536990400129511
FingerData,R1_bilateral_average,rotated_all,rotated_target_complement,18,3,4,"complement_2","complement_3",5.59086940648873e-15
FingerData,R1_bilateral_average,rotated_all,rotated_target_complement,18,3,5,"complement_2","complement_4",1.44585466861415e-15
FingerData,R1_bilateral_average,rotated_all,rotated_target_complement,18,3,6,"complement_2","complement_5",2.72944846139308e-15
FingerData,R1_bilateral_average,rotated_all,rotated_target_complement,18,3,7,"complement_2","complement_6",-1.11511824250241e-15
FingerData,R1_bilateral_average,rotated_all,rotated_target_complement,18,3,8,"complement_2","complement_7",1.3992533027188e-15
FingerData,R1_bilateral_average,rotated_all,rotated_target_complement,18,3,9,"complement_2","complement_8",-2.79487942351279e-17
FingerData,R1_bilateral_average,rotated_all,rotated_target_complement,18,3,10,"complement_2","complement_9",-1.50296791501342e-16
FingerData,R1_bilateral_average,rotated_all,rotated_target_complement,18,3,11,"complement_2","complement_10",-4.81615438678806e-16
FingerData,R1_bilateral_average,rotated_all,rotated_target_complement,18,3,12,"complement_2","complement_11",-7.55658774841279e-16
FingerData,R1_bilateral_average,rotated_all,rotated_target_complement,18,3,13,"complement_2","complement_12",4.48988729137466e-16
FingerData,R1_bilateral_average,rotated_all,rotated_target_complement,18,3,14,"complement_2","complement_13",-1.11385897454315e-16
FingerData,R1_bilateral_average,rotated_all,rotated_target_complement,18,3,15,"complement_2","complement_14",-2.60978187666242e-16
FingerData,R1_bilateral_average,rotated_all,rotated_target_complement,18,3,16,"complement_2","complement_15",1.0686902653761e-15
FingerData,R1_bilateral_average,rotated_all,rotated_target_complement,18,3,17,"complement_2","complement_16",-6.96368871944887e-17
FingerData,R1_bilateral_average,rotated_all,rotated_target_complement,18,3,18,"complement_2","complement_17",-1.3789309069475e-15
FingerData,R1_bilateral_average,rotated_all,rotated_target_complement,18,4,1,"complement_3","target_1",5.82805621230602e-16
FingerData,R1_bilateral_average,rotated_all,rotated_target_complement,18,4,2,"complement_3","complement_1",6.30135563017633e-15
FingerData,R1_bilateral_average,rotated_all,rotated_target_complement,18,4,3,"complement_3","complement_2",5.59086940648873e-15
FingerData,R1_bilateral_average,rotated_all,rotated_target_complement,18,4,4,"complement_3","complement_3",0.00536096655596552
FingerData,R1_bilateral_average,rotated_all,rotated_target_complement,18,4,5,"complement_3","complement_4",2.4420479314862e-15
FingerData,R1_bilateral_average,rotated_all,rotated_target_complement,18,4,6,"complement_3","complement_5",3.91514385878889e-16
FingerData,R1_bilateral_average,rotated_all,rotated_target_complement,18,4,7,"complement_3","complement_6",-1.24144288531318e-15
FingerData,R1_bilateral_average,rotated_all,rotated_target_complement,18,4,8,"complement_3","complement_7",-3.82888304861875e-15
FingerData,R1_bilateral_average,rotated_all,rotated_target_complement,18,4,9,"complement_3","complement_8",8.0552025508824e-16
FingerData,R1_bilateral_average,rotated_all,rotated_target_complement,18,4,10,"complement_3","complement_9",5.29481116613295e-15
FingerData,R1_bilateral_average,rotated_all,rotated_target_complement,18,4,11,"complement_3","complement_10",5.33004283912956e-15
FingerData,R1_bilateral_average,rotated_all,rotated_target_complement,18,4,12,"complement_3","complement_11",2.88192987660651e-15
FingerData,R1_bilateral_average,rotated_all,rotated_target_complement,18,4,13,"complement_3","complement_12",3.38786343666666e-16
FingerData,R1_bilateral_average,rotated_all,rotated_target_complement,18,4,14,"complement_3","complement_13",-1.3762092143099e-15
FingerData,R1_bilateral_average,rotated_all,rotated_target_complement,18,4,15,"complement_3","complement_14",-6.90120158785607e-16
FingerData,R1_bilateral_average,rotated_all,rotated_target_complement,18,4,16,"complement_3","complement_15",-1.17615800401805e-15
FingerData,R1_bilateral_average,rotated_all,rotated_target_complement,18,4,17,"complement_3","complement_16",6.03581827913139e-16
FingerData,R1_bilateral_average,rotated_all,rotated_target_complement,18,4,18,"complement_3","complement_17",2.2513590732507e-15
FingerData,R1_bilateral_average,rotated_all,rotated_target_complement,18,5,1,"complement_4","target_1",-1.31638773802588e-16
FingerData,R1_bilateral_average,rotated_all,rotated_target_complement,18,5,2,"complement_4","complement_1",2.97314684740246e-15
FingerData,R1_bilateral_average,rotated_all,rotated_target_complement,18,5,3,"complement_4","complement_2",1.44585466861415e-15
FingerData,R1_bilateral_average,rotated_all,rotated_target_complement,18,5,4,"complement_4","complement_3",2.4420479314862e-15
FingerData,R1_bilateral_average,rotated_all,rotated_target_complement,18,5,5,"complement_4","complement_4",0.00538400470038702
FingerData,R1_bilateral_average,rotated_all,rotated_target_complement,18,5,6,"complement_4","complement_5",-8.11636820161084e-16
FingerData,R1_bilateral_average,rotated_all,rotated_target_complement,18,5,7,"complement_4","complement_6",1.57918019970993e-16
FingerData,R1_bilateral_average,rotated_all,rotated_target_complement,18,5,8,"complement_4","complement_7",-2.68897704608363e-15
FingerData,R1_bilateral_average,rotated_all,rotated_target_complement,18,5,9,"complement_4","complement_8",4.85903693666639e-16
FingerData,R1_bilateral_average,rotated_all,rotated_target_complement,18,5,10,"complement_4","complement_9",2.09716333260253e-15
FingerData,R1_bilateral_average,rotated_all,rotated_target_complement,18,5,11,"complement_4","complement_10",-2.05091764228842e-15
FingerData,R1_bilateral_average,rotated_all,rotated_target_complement,18,5,12,"complement_4","complement_11",4.27876540563093e-16
FingerData,R1_bilateral_average,rotated_all,rotated_target_complement,18,5,13,"complement_4","complement_12",-6.64618607053633e-16
FingerData,R1_bilateral_average,rotated_all,rotated_target_complement,18,5,14,"complement_4","complement_13",-4.70546036563797e-16
FingerData,R1_bilateral_average,rotated_all,rotated_target_complement,18,5,15,"complement_4","complement_14",8.16398818349511e-16
FingerData,R1_bilateral_average,rotated_all,rotated_target_complement,18,5,16,"complement_4","complement_15",7.68638558812829e-16
FingerData,R1_bilateral_average,rotated_all,rotated_target_complement,18,5,17,"complement_4","complement_16",1.31403496390248e-15
FingerData,R1_bilateral_average,rotated_all,rotated_target_complement,18,5,18,"complement_4","complement_17",9.55694763212438e-16
FingerData,R1_bilateral_average,rotated_all,rotated_target_complement,18,6,1,"complement_5","target_1",-1.53062374069158e-16
FingerData,R1_bilateral_average,rotated_all,rotated_target_complement,18,6,2,"complement_5","complement_1",2.9809437814413e-15
FingerData,R1_bilateral_average,rotated_all,rotated_target_complement,18,6,3,"complement_5","complement_2",2.72944846139308e-15
FingerData,R1_bilateral_average,rotated_all,rotated_target_complement,18,6,4,"complement_5","complement_3",3.91514385878889e-16
FingerData,R1_bilateral_average,rotated_all,rotated_target_complement,18,6,5,"complement_5","complement_4",-8.11636820161084e-16
FingerData,R1_bilateral_average,rotated_all,rotated_target_complement,18,6,6,"complement_5","complement_5",0.00538118874550131
FingerData,R1_bilateral_average,rotated_all,rotated_target_complement,18,6,7,"complement_5","complement_6",1.90941903544723e-15
FingerData,R1_bilateral_average,rotated_all,rotated_target_complement,18,6,8,"complement_5","complement_7",-2.69882878076131e-15
FingerData,R1_bilateral_average,rotated_all,rotated_target_complement,18,6,9,"complement_5","complement_8",-3.1553298835344e-16
FingerData,R1_bilateral_average,rotated_all,rotated_target_complement,18,6,10,"complement_5","complement_9",1.90993570729558e-15
FingerData,R1_bilateral_average,rotated_all,rotated_target_complement,18,6,11,"complement_5","complement_10",-2.41485915956829e-16
FingerData,R1_bilateral_average,rotated_all,rotated_target_complement,18,6,12,"complement_5","complement_11",-2.03697969621013e-15
FingerData,R1_bilateral_average,rotated_all,rotated_target_complement,18,6,13,"complement_5","complement_12",3.17771006922663e-16
FingerData,R1_bilateral_average,rotated_all,rotated_target_complement,18,6,14,"complement_5","complement_13",4.46040840795225e-16
FingerData,R1_bilateral_average,rotated_all,rotated_target_complement,18,6,15,"complement_5","complement_14",3.4497233706952e-17
FingerData,R1_bilateral_average,rotated_all,rotated_target_complement,18,6,16,"complement_5","complement_15",-1.5987533624114e-15
FingerData,R1_bilateral_average,rotated_all,rotated_target_complement,18,6,17,"complement_5","complement_16",4.1327795141922e-16
FingerData,R1_bilateral_average,rotated_all,rotated_target_complement,18,6,18,"complement_5","complement_17",-4.51962106662574e-16
FingerData,R1_bilateral_average,rotated_all,rotated_target_complement,18,7,1,"complement_6","target_1",1.87910905583985e-16
FingerData,R1_bilateral_average,rotated_all,rotated_target_complement,18,7,2,"complement_6","complement_1",-1.25123859749194e-16
FingerData,R1_bilateral_average,rotated_all,rotated_target_complement,18,7,3,"complement_6","complement_2",-1.11511824250241e-15
FingerData,R1_bilateral_average,rotated_all,rotated_target_complement,18,7,4,"complement_6","complement_3",-1.24144288531318e-15
FingerData,R1_bilateral_average,rotated_all,rotated_target_complement,18,7,5,"complement_6","complement_4",1.57918019970993e-16
FingerData,R1_bilateral_average,rotated_all,rotated_target_complement,18,7,6,"complement_6","complement_5",1.90941903544723e-15
FingerData,R1_bilateral_average,rotated_all,rotated_target_complement,18,7,7,"complement_6","complement_6",0.00535751368974013
FingerData,R1_bilateral_average,rotated_all,rotated_target_complement,18,7,8,"complement_6","complement_7",5.8079482616079e-16
FingerData,R1_bilateral_average,rotated_all,rotated_target_complement,18,7,9,"complement_6","complement_8",-5.70423398123323e-16
FingerData,R1_bilateral_average,rotated_all,rotated_target_complement,18,7,10,"complement_6","complement_9",3.869910405193e-17
FingerData,R1_bilateral_average,rotated_all,rotated_target_complement,18,7,11,"complement_6","complement_10",-1.70818416943058e-17
FingerData,R1_bilateral_average,rotated_all,rotated_target_complement,18,7,12,"complement_6","complement_11",1.21033571423157e-15
FingerData,R1_bilateral_average,rotated_all,rotated_target_complement,18,7,13,"complement_6","complement_12",-1.19617333947394e-16
FingerData,R1_bilateral_average,rotated_all,rotated_target_complement,18,7,14,"complement_6","complement_13",2.37304208494081e-16
FingerData,R1_bilateral_average,rotated_all,rotated_target_complement,18,7,15,"complement_6","complement_14",2.00335869786127e-17
FingerData,R1_bilateral_average,rotated_all,rotated_target_complement,18,7,16,"complement_6","complement_15",-4.17450985871073e-16
FingerData,R1_bilateral_average,rotated_all,rotated_target_complement,18,7,17,"complement_6","complement_16",6.91306892861988e-16
FingerData,R1_bilateral_average,rotated_all,rotated_target_complement,18,7,18,"complement_6","complement_17",8.31965941200358e-16
FingerData,R1_bilateral_average,rotated_all,rotated_target_complement,18,8,1,"complement_7","target_1",-3.54121079943784e-16
FingerData,R1_bilateral_average,rotated_all,rotated_target_complement,18,8,2,"complement_7","complement_1",1.30498177294426e-15
FingerData,R1_bilateral_average,rotated_all,rotated_target_complement,18,8,3,"complement_7","complement_2",1.3992533027188e-15
FingerData,R1_bilateral_average,rotated_all,rotated_target_complement,18,8,4,"complement_7","complement_3",-3.82888304861875e-15
FingerData,R1_bilateral_average,rotated_all,rotated_target_complement,18,8,5,"complement_7","complement_4",-2.68897704608363e-15
FingerData,R1_bilateral_average,rotated_all,rotated_target_complement,18,8,6,"complement_7","complement_5",-2.69882878076131e-15
FingerData,R1_bilateral_average,rotated_all,rotated_target_complement,18,8,7,"complement_7","complement_6",5.8079482616079e-16
FingerData,R1_bilateral_average,rotated_all,rotated_target_complement,18,8,8,"complement_7","complement_7",0.00537925595576816
FingerData,R1_bilateral_average,rotated_all,rotated_target_complement,18,8,9,"complement_7","complement_8",2.52306379323919e-15
FingerData,R1_bilateral_average,rotated_all,rotated_target_complement,18,8,10,"complement_7","complement_9",5.72883128112331e-15
FingerData,R1_bilateral_average,rotated_all,rotated_target_complement,18,8,11,"complement_7","complement_10",1.46699225179285e-15
FingerData,R1_bilateral_average,rotated_all,rotated_target_complement,18,8,12,"complement_7","complement_11",-2.72452862678598e-15
FingerData,R1_bilateral_average,rotated_all,rotated_target_complement,18,8,13,"complement_7","complement_12",-8.22528108752596e-16
FingerData,R1_bilateral_average,rotated_all,rotated_target_complement,18,8,14,"complement_7","complement_13",1.17571588606914e-15
FingerData,R1_bilateral_average,rotated_all,rotated_target_complement,18,8,15,"complement_7","complement_14",5.87001734002957e-17
FingerData,R1_bilateral_average,rotated_all,rotated_target_complement,18,8,16,"complement_7","complement_15",-6.90092860837081e-16
FingerData,R1_bilateral_average,rotated_all,rotated_target_complement,18,8,17,"complement_7","complement_16",9.65552108683167e-17
FingerData,R1_bilateral_average,rotated_all,rotated_target_complement,18,8,18,"complement_7","complement_17",-5.892893736309e-17
FingerData,R1_bilateral_average,rotated_all,rotated_target_complement,18,9,1,"complement_8","target_1",2.55093563155499e-16
FingerData,R1_bilateral_average,rotated_all,rotated_target_complement,18,9,2,"complement_8","complement_1",-3.20425755984792e-15
FingerData,R1_bilateral_average,rotated_all,rotated_target_complement,18,9,3,"complement_8","complement_2",-2.79487942351279e-17
FingerData,R1_bilateral_average,rotated_all,rotated_target_complement,18,9,4,"complement_8","complement_3",8.0552025508824e-16
FingerData,R1_bilateral_average,rotated_all,rotated_target_complement,18,9,5,"complement_8","complement_4",4.85903693666639e-16
FingerData,R1_bilateral_average,rotated_all,rotated_target_complement,18,9,6,"complement_8","complement_5",-3.1553298835344e-16
FingerData,R1_bilateral_average,rotated_all,rotated_target_complement,18,9,7,"complement_8","complement_6",-5.70423398123323e-16
FingerData,R1_bilateral_average,rotated_all,rotated_target_complement,18,9,8,"complement_8","complement_7",2.52306379323919e-15
FingerData,R1_bilateral_average,rotated_all,rotated_target_complement,18,9,9,"complement_8","complement_8",0.00535467628159747
FingerData,R1_bilateral_average,rotated_all,rotated_target_complement,18,9,10,"complement_8","complement_9",-2.2748723718657e-15
FingerData,R1_bilateral_average,rotated_all,rotated_target_complement,18,9,11,"complement_8","complement_10",1.15262075892265e-15
FingerData,R1_bilateral_average,rotated_all,rotated_target_complement,18,9,12,"complement_8","complement_11",1.08928097571548e-15
FingerData,R1_bilateral_average,rotated_all,rotated_target_complement,18,9,13,"complement_8","complement_12",-2.04854793582247e-15
FingerData,R1_bilateral_average,rotated_all,rotated_target_complement,18,9,14,"complement_8","complement_13",-1.00570278714707e-15
FingerData,R1_bilateral_average,rotated_all,rotated_target_complement,18,9,15,"complement_8","complement_14",-1.60169360224227e-15
FingerData,R1_bilateral_average,rotated_all,rotated_target_complement,18,9,16,"complement_8","complement_15",-1.06409442686976e-15
FingerData,R1_bilateral_average,rotated_all,rotated_target_complement,18,9,17,"complement_8","complement_16",1.23895581040948e-15
FingerData,R1_bilateral_average,rotated_all,rotated_target_complement,18,9,18,"complement_8","complement_17",-1.66288937809726e-15
FingerData,R1_bilateral_average,rotated_all,rotated_target_complement,18,10,1,"complement_9","target_1",-1.34811728873873e-16
FingerData,R1_bilateral_average,rotated_all,rotated_target_complement,18,10,2,"complement_9","complement_1",8.51683396351214e-15
FingerData,R1_bilateral_average,rotated_all,rotated_target_complement,18,10,3,"complement_9","complement_2",-1.50296791501342e-16
FingerData,R1_bilateral_average,rotated_all,rotated_target_complement,18,10,4,"complement_9","complement_3",5.29481116613295e-15
FingerData,R1_bilateral_average,rotated_all,rotated_target_complement,18,10,5,"complement_9","complement_4",2.09716333260253e-15
FingerData,R1_bilateral_average,rotated_all,rotated_target_complement,18,10,6,"complement_9","complement_5",1.90993570729558e-15
FingerData,R1_bilateral_average,rotated_all,rotated_target_complement,18,10,7,"complement_9","complement_6",3.869910405193e-17
FingerData,R1_bilateral_average,rotated_all,rotated_target_complement,18,10,8,"complement_9","complement_7",5.72883128112331e-15
FingerData,R1_bilateral_average,rotated_all,rotated_target_complement,18,10,9,"complement_9","complement_8",-2.2748723718657e-15
FingerData,R1_bilateral_average,rotated_all,rotated_target_complement,18,10,10,"complement_9","complement_9",0.00536142119358907
FingerData,R1_bilateral_average,rotated_all,rotated_target_complement,18,10,11,"complement_9","complement_10",3.74038097754534e-15
FingerData,R1_bilateral_average,rotated_all,rotated_target_complement,18,10,12,"complement_9","complement_11",-1.88906773927713e-15
FingerData,R1_bilateral_average,rotated_all,rotated_target_complement,18,10,13,"complement_9","complement_12",-1.77998160891833e-16
FingerData,R1_bilateral_average,rotated_all,rotated_target_complement,18,10,14,"complement_9","complement_13",-8.83405450830359e-16
FingerData,R1_bilateral_average,rotated_all,rotated_target_complement,18,10,15,"complement_9","complement_14",-7.68831218858756e-16
FingerData,R1_bilateral_average,rotated_all,rotated_target_complement,18,10,16,"complement_9","complement_15",-1.29536525997993e-15
FingerData,R1_bilateral_average,rotated_all,rotated_target_complement,18,10,17,"complement_9","complement_16",-3.36396384883014e-15
FingerData,R1_bilateral_average,rotated_all,rotated_target_complement,18,10,18,"complement_9","complement_17",2.68884841107294e-15
FingerData,R1_bilateral_average,rotated_all,rotated_target_complement,18,11,1,"complement_10","target_1",1.10697760570259e-15
FingerData,R1_bilateral_average,rotated_all,rotated_target_complement,18,11,2,"complement_10","complement_1",-5.42059307010056e-16
FingerData,R1_bilateral_average,rotated_all,rotated_target_complement,18,11,3,"complement_10","complement_2",-4.81615438678806e-16
FingerData,R1_bilateral_average,rotated_all,rotated_target_complement,18,11,4,"complement_10","complement_3",5.33004283912956e-15
FingerData,R1_bilateral_average,rotated_all,rotated_target_complement,18,11,5,"complement_10","complement_4",-2.05091764228842e-15
FingerData,R1_bilateral_average,rotated_all,rotated_target_complement,18,11,6,"complement_10","complement_5",-2.41485915956829e-16
FingerData,R1_bilateral_average,rotated_all,rotated_target_complement,18,11,7,"complement_10","complement_6",-1.70818416943058e-17
FingerData,R1_bilateral_average,rotated_all,rotated_target_complement,18,11,8,"complement_10","complement_7",1.46699225179285e-15
FingerData,R1_bilateral_average,rotated_all,rotated_target_complement,18,11,9,"complement_10","complement_8",1.15262075892265e-15
FingerData,R1_bilateral_average,rotated_all,rotated_target_complement,18,11,10,"complement_10","complement_9",3.74038097754534e-15
FingerData,R1_bilateral_average,rotated_all,rotated_target_complement,18,11,11,"complement_10","complement_10",0.00537649409987484
FingerData,R1_bilateral_average,rotated_all,rotated_target_complement,18,11,12,"complement_10","complement_11",2.778778645428e-16
FingerData,R1_bilateral_average,rotated_all,rotated_target_complement,18,11,13,"complement_10","complement_12",2.06391525335752e-16
FingerData,R1_bilateral_average,rotated_all,rotated_target_complement,18,11,14,"complement_10","complement_13",2.25165800599827e-15
FingerData,R1_bilateral_average,rotated_all,rotated_target_complement,18,11,15,"complement_10","complement_14",4.82648030816005e-16
FingerData,R1_bilateral_average,rotated_all,rotated_target_complement,18,11,16,"complement_10","complement_15",-3.12177481551817e-16
FingerData,R1_bilateral_average,rotated_all,rotated_target_complement,18,11,17,"complement_10","complement_16",1.67335495129452e-15
FingerData,R1_bilateral_average,rotated_all,rotated_target_complement,18,11,18,"complement_10","complement_17",-1.22248736923147e-15
FingerData,R1_bilateral_average,rotated_all,rotated_target_complement,18,12,1,"complement_11","target_1",1.18434848062772e-16
FingerData,R1_bilateral_average,rotated_all,rotated_target_complement,18,12,2,"complement_11","complement_1",2.56395404603148e-15
FingerData,R1_bilateral_average,rotated_all,rotated_target_complement,18,12,3,"complement_11","complement_2",-7.55658774841279e-16
FingerData,R1_bilateral_average,rotated_all,rotated_target_complement,18,12,4,"complement_11","complement_3",2.88192987660651e-15
FingerData,R1_bilateral_average,rotated_all,rotated_target_complement,18,12,5,"complement_11","complement_4",4.27876540563093e-16
FingerData,R1_bilateral_average,rotated_all,rotated_target_complement,18,12,6,"complement_11","complement_5",-2.03697969621013e-15
FingerData,R1_bilateral_average,rotated_all,rotated_target_complement,18,12,7,"complement_11","complement_6",1.21033571423157e-15
FingerData,R1_bilateral_average,rotated_all,rotated_target_complement,18,12,8,"complement_11","complement_7",-2.72452862678598e-15
FingerData,R1_bilateral_average,rotated_all,rotated_target_complement,18,12,9,"complement_11","complement_8",1.08928097571548e-15
FingerData,R1_bilateral_average,rotated_all,rotated_target_complement,18,12,10,"complement_11","complement_9",-1.88906773927713e-15
FingerData,R1_bilateral_average,rotated_all,rotated_target_complement,18,12,11,"complement_11","complement_10",2.778778645428e-16
FingerData,R1_bilateral_average,rotated_all,rotated_target_complement,18,12,12,"complement_11","complement_11",0.00536428267675282
FingerData,R1_bilateral_average,rotated_all,rotated_target_complement,18,12,13,"complement_11","complement_12",3.77849026037224e-16
FingerData,R1_bilateral_average,rotated_all,rotated_target_complement,18,12,14,"complement_11","complement_13",-9.77462599269886e-16
FingerData,R1_bilateral_average,rotated_all,rotated_target_complement,18,12,15,"complement_11","complement_14",-7.74190128701497e-16
FingerData,R1_bilateral_average,rotated_all,rotated_target_complement,18,12,16,"complement_11","complement_15",-1.4647326607936e-15
FingerData,R1_bilateral_average,rotated_all,rotated_target_complement,18,12,17,"complement_11","complement_16",-1.63506182912931e-15
FingerData,R1_bilateral_average,rotated_all,rotated_target_complement,18,12,18,"complement_11","complement_17",-7.86869193251886e-16
FingerData,R1_bilateral_average,rotated_all,rotated_target_complement,18,13,1,"complement_12","target_1",-1.0707255199227e-17
FingerData,R1_bilateral_average,rotated_all,rotated_target_complement,18,13,2,"complement_12","complement_1",-1.31228015386655e-15
FingerData,R1_bilateral_average,rotated_all,rotated_target_complement,18,13,3,"complement_12","complement_2",4.48988729137466e-16
FingerData,R1_bilateral_average,rotated_all,rotated_target_complement,18,13,4,"complement_12","complement_3",3.38786343666666e-16
FingerData,R1_bilateral_average,rotated_all,rotated_target_complement,18,13,5,"complement_12","complement_4",-6.64618607053633e-16
FingerData,R1_bilateral_average,rotated_all,rotated_target_complement,18,13,6,"complement_12","complement_5",3.17771006922663e-16
FingerData,R1_bilateral_average,rotated_all,rotated_target_complement,18,13,7,"complement_12","complement_6",-1.19617333947394e-16
FingerData,R1_bilateral_average,rotated_all,rotated_target_complement,18,13,8,"complement_12","complement_7",-8.22528108752596e-16
FingerData,R1_bilateral_average,rotated_all,rotated_target_complement,18,13,9,"complement_12","complement_8",-2.04854793582247e-15
FingerData,R1_bilateral_average,rotated_all,rotated_target_complement,18,13,10,"complement_12","complement_9",-1.77998160891833e-16
FingerData,R1_bilateral_average,rotated_all,rotated_target_complement,18,13,11,"complement_12","complement_10",2.06391525335752e-16
FingerData,R1_bilateral_average,rotated_all,rotated_target_complement,18,13,12,"complement_12","complement_11",3.77849026037224e-16
FingerData,R1_bilateral_average,rotated_all,rotated_target_complement,18,13,13,"complement_12","complement_12",0.00536653989231262
FingerData,R1_bilateral_average,rotated_all,rotated_target_complement,18,13,14,"complement_12","complement_13",6.0961960427305e-15
FingerData,R1_bilateral_average,rotated_all,rotated_target_complement,18,13,15,"complement_12","complement_14",8.85114862830389e-16
FingerData,R1_bilateral_average,rotated_all,rotated_target_complement,18,13,16,"complement_12","complement_15",-5.40995387588115e-15
FingerData,R1_bilateral_average,rotated_all,rotated_target_complement,18,13,17,"complement_12","complement_16",2.75572069113152e-16
FingerData,R1_bilateral_average,rotated_all,rotated_target_complement,18,13,18,"complement_12","complement_17",-1.14287335141071e-17
FingerData,R1_bilateral_average,rotated_all,rotated_target_complement,18,14,1,"complement_13","target_1",1.61878082615384e-16
FingerData,R1_bilateral_average,rotated_all,rotated_target_complement,18,14,2,"complement_13","complement_1",8.90872562239521e-16
FingerData,R1_bilateral_average,rotated_all,rotated_target_complement,18,14,3,"complement_13","complement_2",-1.11385897454315e-16
FingerData,R1_bilateral_average,rotated_all,rotated_target_complement,18,14,4,"complement_13","complement_3",-1.3762092143099e-15
FingerData,R1_bilateral_average,rotated_all,rotated_target_complement,18,14,5,"complement_13","complement_4",-4.70546036563797e-16
FingerData,R1_bilateral_average,rotated_all,rotated_target_complement,18,14,6,"complement_13","complement_5",4.46040840795225e-16
FingerData,R1_bilateral_average,rotated_all,rotated_target_complement,18,14,7,"complement_13","complement_6",2.37304208494081e-16
FingerData,R1_bilateral_average,rotated_all,rotated_target_complement,18,14,8,"complement_13","complement_7",1.17571588606914e-15
FingerData,R1_bilateral_average,rotated_all,rotated_target_complement,18,14,9,"complement_13","complement_8",-1.00570278714707e-15
FingerData,R1_bilateral_average,rotated_all,rotated_target_complement,18,14,10,"complement_13","complement_9",-8.83405450830359e-16
FingerData,R1_bilateral_average,rotated_all,rotated_target_complement,18,14,11,"complement_13","complement_10",2.25165800599827e-15
FingerData,R1_bilateral_average,rotated_all,rotated_target_complement,18,14,12,"complement_13","complement_11",-9.77462599269886e-16
FingerData,R1_bilateral_average,rotated_all,rotated_target_complement,18,14,13,"complement_13","complement_12",6.0961960427305e-15
FingerData,R1_bilateral_average,rotated_all,rotated_target_complement,18,14,14,"complement_13","complement_13",0.0053664192545444
FingerData,R1_bilateral_average,rotated_all,rotated_target_complement,18,14,15,"complement_13","complement_14",2.39690768156227e-15
FingerData,R1_bilateral_average,rotated_all,rotated_target_complement,18,14,16,"complement_13","complement_15",8.57226770255946e-16
FingerData,R1_bilateral_average,rotated_all,rotated_target_complement,18,14,17,"complement_13","complement_16",-2.62494166666033e-16
FingerData,R1_bilateral_average,rotated_all,rotated_target_complement,18,14,18,"complement_13","complement_17",-2.88407828102141e-18
FingerData,R1_bilateral_average,rotated_all,rotated_target_complement,18,15,1,"complement_14","target_1",-5.53716715982888e-17
FingerData,R1_bilateral_average,rotated_all,rotated_target_complement,18,15,2,"complement_14","complement_1",-1.35047207136577e-15
FingerData,R1_bilateral_average,rotated_all,rotated_target_complement,18,15,3,"complement_14","complement_2",-2.60978187666242e-16
FingerData,R1_bilateral_average,rotated_all,rotated_target_complement,18,15,4,"complement_14","complement_3",-6.90120158785607e-16
FingerData,R1_bilateral_average,rotated_all,rotated_target_complement,18,15,5,"complement_14","complement_4",8.16398818349511e-16
FingerData,R1_bilateral_average,rotated_all,rotated_target_complement,18,15,6,"complement_14","complement_5",3.4497233706952e-17
FingerData,R1_bilateral_average,rotated_all,rotated_target_complement,18,15,7,"complement_14","complement_6",2.00335869786127e-17
FingerData,R1_bilateral_average,rotated_all,rotated_target_complement,18,15,8,"complement_14","complement_7",5.87001734002957e-17
FingerData,R1_bilateral_average,rotated_all,rotated_target_complement,18,15,9,"complement_14","complement_8",-1.60169360224227e-15
FingerData,R1_bilateral_average,rotated_all,rotated_target_complement,18,15,10,"complement_14","complement_9",-7.68831218858756e-16
FingerData,R1_bilateral_average,rotated_all,rotated_target_complement,18,15,11,"complement_14","complement_10",4.82648030816005e-16
FingerData,R1_bilateral_average,rotated_all,rotated_target_complement,18,15,12,"complement_14","complement_11",-7.74190128701497e-16
FingerData,R1_bilateral_average,rotated_all,rotated_target_complement,18,15,13,"complement_14","complement_12",8.85114862830389e-16
FingerData,R1_bilateral_average,rotated_all,rotated_target_complement,18,15,14,"complement_14","complement_13",2.39690768156227e-15
FingerData,R1_bilateral_average,rotated_all,rotated_target_complement,18,15,15,"complement_14","complement_14",0.00536536682072697
FingerData,R1_bilateral_average,rotated_all,rotated_target_complement,18,15,16,"complement_14","complement_15",2.75401458212998e-15
FingerData,R1_bilateral_average,rotated_all,rotated_target_complement,18,15,17,"complement_14","complement_16",4.6225541184313e-16
FingerData,R1_bilateral_average,rotated_all,rotated_target_complement,18,15,18,"complement_14","complement_17",2.2270340317646e-18
FingerData,R1_bilateral_average,rotated_all,rotated_target_complement,18,16,1,"complement_15","target_1",1.06208426227435e-15
FingerData,R1_bilateral_average,rotated_all,rotated_target_complement,18,16,2,"complement_15","complement_1",4.00566354977928e-15
FingerData,R1_bilateral_average,rotated_all,rotated_target_complement,18,16,3,"complement_15","complement_2",1.0686902653761e-15
FingerData,R1_bilateral_average,rotated_all,rotated_target_complement,18,16,4,"complement_15","complement_3",-1.17615800401805e-15
FingerData,R1_bilateral_average,rotated_all,rotated_target_complement,18,16,5,"complement_15","complement_4",7.68638558812829e-16
FingerData,R1_bilateral_average,rotated_all,rotated_target_complement,18,16,6,"complement_15","complement_5",-1.5987533624114e-15
FingerData,R1_bilateral_average,rotated_all,rotated_target_complement,18,16,7,"complement_15","complement_6",-4.17450985871073e-16
FingerData,R1_bilateral_average,rotated_all,rotated_target_complement,18,16,8,"complement_15","complement_7",-6.90092860837081e-16
FingerData,R1_bilateral_average,rotated_all,rotated_target_complement,18,16,9,"complement_15","complement_8",-1.06409442686976e-15
FingerData,R1_bilateral_average,rotated_all,rotated_target_complement,18,16,10,"complement_15","complement_9",-1.29536525997993e-15
FingerData,R1_bilateral_average,rotated_all,rotated_target_complement,18,16,11,"complement_15","complement_10",-3.12177481551817e-16
FingerData,R1_bilateral_average,rotated_all,rotated_target_complement,18,16,12,"complement_15","complement_11",-1.4647326607936e-15
FingerData,R1_bilateral_average,rotated_all,rotated_target_complement,18,16,13,"complement_15","complement_12",-5.40995387588115e-15
FingerData,R1_bilateral_average,rotated_all,rotated_target_complement,18,16,14,"complement_15","complement_13",8.57226770255946e-16
FingerData,R1_bilateral_average,rotated_all,rotated_target_complement,18,16,15,"complement_15","complement_14",2.75401458212998e-15
FingerData,R1_bilateral_average,rotated_all,rotated_target_complement,18,16,16,"complement_15","complement_15",0.0053481691909596
FingerData,R1_bilateral_average,rotated_all,rotated_target_complement,18,16,17,"complement_15","complement_16",5.14636626633888e-16
FingerData,R1_bilateral_average,rotated_all,rotated_target_complement,18,16,18,"complement_15","complement_17",4.9249866710927e-18
FingerData,R1_bilateral_average,rotated_all,rotated_target_complement,18,17,1,"complement_16","target_1",6.66749874198153e-17
FingerData,R1_bilateral_average,rotated_all,rotated_target_complement,18,17,2,"complement_16","complement_1",-2.12320180151236e-15
FingerData,R1_bilateral_average,rotated_all,rotated_target_complement,18,17,3,"complement_16","complement_2",-6.96368871944887e-17
FingerData,R1_bilateral_average,rotated_all,rotated_target_complement,18,17,4,"complement_16","complement_3",6.03581827913139e-16
FingerData,R1_bilateral_average,rotated_all,rotated_target_complement,18,17,5,"complement_16","complement_4",1.31403496390248e-15
FingerData,R1_bilateral_average,rotated_all,rotated_target_complement,18,17,6,"complement_16","complement_5",4.1327795141922e-16
FingerData,R1_bilateral_average,rotated_all,rotated_target_complement,18,17,7,"complement_16","complement_6",6.91306892861988e-16
FingerData,R1_bilateral_average,rotated_all,rotated_target_complement,18,17,8,"complement_16","complement_7",9.65552108683167e-17
FingerData,R1_bilateral_average,rotated_all,rotated_target_complement,18,17,9,"complement_16","complement_8",1.23895581040948e-15
FingerData,R1_bilateral_average,rotated_all,rotated_target_complement,18,17,10,"complement_16","complement_9",-3.36396384883014e-15
FingerData,R1_bilateral_average,rotated_all,rotated_target_complement,18,17,11,"complement_16","complement_10",1.67335495129452e-15
FingerData,R1_bilateral_average,rotated_all,rotated_target_complement,18,17,12,"complement_16","complement_11",-1.63506182912931e-15
FingerData,R1_bilateral_average,rotated_all,rotated_target_complement,18,17,13,"complement_16","complement_12",2.75572069113152e-16
FingerData,R1_bilateral_average,rotated_all,rotated_target_complement,18,17,14,"complement_16","complement_13",-2.62494166666033e-16
FingerData,R1_bilateral_average,rotated_all,rotated_target_complement,18,17,15,"complement_16","complement_14",4.6225541184313e-16
FingerData,R1_bilateral_average,rotated_all,rotated_target_complement,18,17,16,"complement_16","complement_15",5.14636626633888e-16
FingerData,R1_bilateral_average,rotated_all,rotated_target_complement,18,17,17,"complement_16","complement_16",0.00537061365188585
FingerData,R1_bilateral_average,rotated_all,rotated_target_complement,18,17,18,"complement_16","complement_17",-2.82997029197262e-16
FingerData,R1_bilateral_average,rotated_all,rotated_target_complement,18,18,1,"complement_17","target_1",1.82481317629918e-31
FingerData,R1_bilateral_average,rotated_all,rotated_target_complement,18,18,2,"complement_17","complement_1",-1.46830943415871e-15
FingerData,R1_bilateral_average,rotated_all,rotated_target_complement,18,18,3,"complement_17","complement_2",-1.3789309069475e-15
FingerData,R1_bilateral_average,rotated_all,rotated_target_complement,18,18,4,"complement_17","complement_3",2.2513590732507e-15
FingerData,R1_bilateral_average,rotated_all,rotated_target_complement,18,18,5,"complement_17","complement_4",9.55694763212438e-16
FingerData,R1_bilateral_average,rotated_all,rotated_target_complement,18,18,6,"complement_17","complement_5",-4.51962106662574e-16
FingerData,R1_bilateral_average,rotated_all,rotated_target_complement,18,18,7,"complement_17","complement_6",8.31965941200358e-16
FingerData,R1_bilateral_average,rotated_all,rotated_target_complement,18,18,8,"complement_17","complement_7",-5.892893736309e-17
FingerData,R1_bilateral_average,rotated_all,rotated_target_complement,18,18,9,"complement_17","complement_8",-1.66288937809726e-15
FingerData,R1_bilateral_average,rotated_all,rotated_target_complement,18,18,10,"complement_17","complement_9",2.68884841107294e-15
FingerData,R1_bilateral_average,rotated_all,rotated_target_complement,18,18,11,"complement_17","complement_10",-1.22248736923147e-15
FingerData,R1_bilateral_average,rotated_all,rotated_target_complement,18,18,12,"complement_17","complement_11",-7.86869193251886e-16
FingerData,R1_bilateral_average,rotated_all,rotated_target_complement,18,18,13,"complement_17","complement_12",-1.14287335141071e-17
FingerData,R1_bilateral_average,rotated_all,rotated_target_complement,18,18,14,"complement_17","complement_13",-2.88407828102141e-18
FingerData,R1_bilateral_average,rotated_all,rotated_target_complement,18,18,15,"complement_17","complement_14",2.2270340317646e-18
FingerData,R1_bilateral_average,rotated_all,rotated_target_complement,18,18,16,"complement_17","complement_15",4.9249866710927e-18
FingerData,R1_bilateral_average,rotated_all,rotated_target_complement,18,18,17,"complement_17","complement_16",-2.82997029197262e-16
FingerData,R1_bilateral_average,rotated_all,rotated_target_complement,18,18,18,"complement_17","complement_17",0.00538089710000467
FingerData,R1_bilateral_average,rotated_targetwise_plus_nuisance,rotated_target_complement,18,1,1,"target_1","target_1",0.00538298813895999
FingerData,R1_bilateral_average,rotated_targetwise_plus_nuisance,rotated_target_complement,18,1,2,"target_1","complement_1",1.32413059030984e-18
FingerData,R1_bilateral_average,rotated_targetwise_plus_nuisance,rotated_target_complement,18,1,3,"target_1","complement_2",-1.65019647538636e-18
FingerData,R1_bilateral_average,rotated_targetwise_plus_nuisance,rotated_target_complement,18,1,4,"target_1","complement_3",2.58012189671055e-17
FingerData,R1_bilateral_average,rotated_targetwise_plus_nuisance,rotated_target_complement,18,1,5,"target_1","complement_4",8.93875343474729e-18
FingerData,R1_bilateral_average,rotated_targetwise_plus_nuisance,rotated_target_complement,18,1,6,"target_1","complement_5",-7.31599743899335e-18
FingerData,R1_bilateral_average,rotated_targetwise_plus_nuisance,rotated_target_complement,18,1,7,"target_1","complement_6",-7.24433311847277e-18
FingerData,R1_bilateral_average,rotated_targetwise_plus_nuisance,rotated_target_complement,18,1,8,"target_1","complement_7",-1.63428487912806e-18
FingerData,R1_bilateral_average,rotated_targetwise_plus_nuisance,rotated_target_complement,18,1,9,"target_1","complement_8",1.08200349339134e-17
FingerData,R1_bilateral_average,rotated_targetwise_plus_nuisance,rotated_target_complement,18,1,10,"target_1","complement_9",-5.54521044715392e-18
FingerData,R1_bilateral_average,rotated_targetwise_plus_nuisance,rotated_target_complement,18,1,11,"target_1","complement_10",2.09124558703184e-18
FingerData,R1_bilateral_average,rotated_targetwise_plus_nuisance,rotated_target_complement,18,1,12,"target_1","complement_11",-1.76635428147491e-18
FingerData,R1_bilateral_average,rotated_targetwise_plus_nuisance,rotated_target_complement,18,1,13,"target_1","complement_12",-5.75275721270743e-18
FingerData,R1_bilateral_average,rotated_targetwise_plus_nuisance,rotated_target_complement,18,1,14,"target_1","complement_13",4.73739601393307e-18
FingerData,R1_bilateral_average,rotated_targetwise_plus_nuisance,rotated_target_complement,18,1,15,"target_1","complement_14",3.1669283716302e-18
FingerData,R1_bilateral_average,rotated_targetwise_plus_nuisance,rotated_target_complement,18,1,16,"target_1","complement_15",-8.63715985913282e-16
FingerData,R1_bilateral_average,rotated_targetwise_plus_nuisance,rotated_target_complement,18,1,17,"target_1","complement_16",4.28798415191533e-18
FingerData,R1_bilateral_average,rotated_targetwise_plus_nuisance,rotated_target_complement,18,1,18,"target_1","complement_17",-7.7096420334544e-19
FingerData,R1_bilateral_average,rotated_targetwise_plus_nuisance,rotated_target_complement,18,2,1,"complement_1","target_1",1.32413059030984e-18
FingerData,R1_bilateral_average,rotated_targetwise_plus_nuisance,rotated_target_complement,18,2,2,"complement_1","complement_1",0.00536715195025295
FingerData,R1_bilateral_average,rotated_targetwise_plus_nuisance,rotated_target_complement,18,2,3,"complement_1","complement_2",-1.61553015892064e-15
FingerData,R1_bilateral_average,rotated_targetwise_plus_nuisance,rotated_target_complement,18,2,4,"complement_1","complement_3",-1.75893580066952e-16
FingerData,R1_bilateral_average,rotated_targetwise_plus_nuisance,rotated_target_complement,18,2,5,"complement_1","complement_4",1.20691270140161e-15
FingerData,R1_bilateral_average,rotated_targetwise_plus_nuisance,rotated_target_complement,18,2,6,"complement_1","complement_5",2.71324574609432e-16
FingerData,R1_bilateral_average,rotated_targetwise_plus_nuisance,rotated_target_complement,18,2,7,"complement_1","complement_6",-3.03344993971767e-16
FingerData,R1_bilateral_average,rotated_targetwise_plus_nuisance,rotated_target_complement,18,2,8,"complement_1","complement_7",-3.50998929524822e-16
FingerData,R1_bilateral_average,rotated_targetwise_plus_nuisance,rotated_target_complement,18,2,9,"complement_1","complement_8",-3.68514239903688e-16
FingerData,R1_bilateral_average,rotated_targetwise_plus_nuisance,rotated_target_complement,18,2,10,"complement_1","complement_9",5.76393302622659e-16
FingerData,R1_bilateral_average,rotated_targetwise_plus_nuisance,rotated_target_complement,18,2,11,"complement_1","complement_10",-3.49078775455275e-16
FingerData,R1_bilateral_average,rotated_targetwise_plus_nuisance,rotated_target_complement,18,2,12,"complement_1","complement_11",4.45297712392048e-16
FingerData,R1_bilateral_average,rotated_targetwise_plus_nuisance,rotated_target_complement,18,2,13,"complement_1","complement_12",-1.25257236337388e-16
FingerData,R1_bilateral_average,rotated_targetwise_plus_nuisance,rotated_target_complement,18,2,14,"complement_1","complement_13",1.39400428159341e-16
FingerData,R1_bilateral_average,rotated_targetwise_plus_nuisance,rotated_target_complement,18,2,15,"complement_1","complement_14",1.48448906759298e-15
FingerData,R1_bilateral_average,rotated_targetwise_plus_nuisance,rotated_target_complement,18,2,16,"complement_1","complement_15",-1.01402299062615e-17
FingerData,R1_bilateral_average,rotated_targetwise_plus_nuisance,rotated_target_complement,18,2,17,"complement_1","complement_16",-3.60339226781711e-16
FingerData,R1_bilateral_average,rotated_targetwise_plus_nuisance,rotated_target_complement,18,2,18,"complement_1","complement_17",-6.4789216615474e-16
FingerData,R1_bilateral_average,rotated_targetwise_plus_nuisance,rotated_target_complement,18,3,1,"complement_2","target_1",-1.65019647538636e-18
FingerData,R1_bilateral_average,rotated_targetwise_plus_nuisance,rotated_target_complement,18,3,2,"complement_2","complement_1",-1.61553015892064e-15
FingerData,R1_bilateral_average,rotated_targetwise_plus_nuisance,rotated_target_complement,18,3,3,"complement_2","complement_2",0.00536715195025472
FingerData,R1_bilateral_average,rotated_targetwise_plus_nuisance,rotated_target_complement,18,3,4,"complement_2","complement_3",1.40963634553845e-15
FingerData,R1_bilateral_average,rotated_targetwise_plus_nuisance,rotated_target_complement,18,3,5,"complement_2","complement_4",-5.36289828525021e-16
FingerData,R1_bilateral_average,rotated_targetwise_plus_nuisance,rotated_target_complement,18,3,6,"complement_2","complement_5",-4.40259762927412e-16
FingerData,R1_bilateral_average,rotated_targetwise_plus_nuisance,rotated_target_complement,18,3,7,"complement_2","complement_6",4.20378737224641e-16
FingerData,R1_bilateral_average,rotated_targetwise_plus_nuisance,rotated_target_complement,18,3,8,"complement_2","complement_7",8.19858177675591e-16
FingerData,R1_bilateral_average,rotated_targetwise_plus_nuisance,rotated_target_complement,18,3,9,"complement_2","complement_8",-4.42296280414277e-16
FingerData,R1_bilateral_average,rotated_targetwise_plus_nuisance,rotated_target_complement,18,3,10,"complement_2","complement_9",3.68100388697829e-16
FingerData,R1_bilateral_average,rotated_targetwise_plus_nuisance,rotated_target_complement,18,3,11,"complement_2","complement_10",3.41565736016721e-16
FingerData,R1_bilateral_average,rotated_targetwise_plus_nuisance,rotated_target_complement,18,3,12,"complement_2","complement_11",-7.56888961685611e-16
FingerData,R1_bilateral_average,rotated_targetwise_plus_nuisance,rotated_target_complement,18,3,13,"complement_2","complement_12",-2.22855565856647e-16
FingerData,R1_bilateral_average,rotated_targetwise_plus_nuisance,rotated_target_complement,18,3,14,"complement_2","complement_13",4.83620329739655e-17
FingerData,R1_bilateral_average,rotated_targetwise_plus_nuisance,rotated_target_complement,18,3,15,"complement_2","complement_14",8.16901209782278e-16
FingerData,R1_bilateral_average,rotated_targetwise_plus_nuisance,rotated_target_complement,18,3,16,"complement_2","complement_15",-1.16445729046764e-17
FingerData,R1_bilateral_average,rotated_targetwise_plus_nuisance,rotated_target_complement,18,3,17,"complement_2","complement_16",-1.40267255331887e-16
FingerData,R1_bilateral_average,rotated_targetwise_plus_nuisance,rotated_target_complement,18,3,18,"complement_2","complement_17",-1.01447564369421e-15
FingerData,R1_bilateral_average,rotated_targetwise_plus_nuisance,rotated_target_complement,18,4,1,"complement_3","target_1",2.58012189671055e-17
FingerData,R1_bilateral_average,rotated_targetwise_plus_nuisance,rotated_target_complement,18,4,2,"complement_3","complement_1",-1.75893580066952e-16
FingerData,R1_bilateral_average,rotated_targetwise_plus_nuisance,rotated_target_complement,18,4,3,"complement_3","complement_2",1.40963634553845e-15
FingerData,R1_bilateral_average,rotated_targetwise_plus_nuisance,rotated_target_complement,18,4,4,"complement_3","complement_3",0.00536715195025339
FingerData,R1_bilateral_average,rotated_targetwise_plus_nuisance,rotated_target_complement,18,4,5,"complement_3","complement_4",-8.66279817784772e-16
FingerData,R1_bilateral_average,rotated_targetwise_plus_nuisance,rotated_target_complement,18,4,6,"complement_3","complement_5",2.33108776663657e-16
FingerData,R1_bilateral_average,rotated_targetwise_plus_nuisance,rotated_target_complement,18,4,7,"complement_3","complement_6",-2.12633080179149e-16
FingerData,R1_bilateral_average,rotated_targetwise_plus_nuisance,rotated_target_complement,18,4,8,"complement_3","complement_7",1.82183296877091e-16
FingerData,R1_bilateral_average,rotated_targetwise_plus_nuisance,rotated_target_complement,18,4,9,"complement_3","complement_8",4.38594716583234e-16
FingerData,R1_bilateral_average,rotated_targetwise_plus_nuisance,rotated_target_complement,18,4,10,"complement_3","complement_9",-1.72577623680692e-16
FingerData,R1_bilateral_average,rotated_targetwise_plus_nuisance,rotated_target_complement,18,4,11,"complement_3","complement_10",7.18441924278612e-16
FingerData,R1_bilateral_average,rotated_targetwise_plus_nuisance,rotated_target_complement,18,4,12,"complement_3","complement_11",1.06890416033806e-15
FingerData,R1_bilateral_average,rotated_targetwise_plus_nuisance,rotated_target_complement,18,4,13,"complement_3","complement_12",2.74643145860615e-16
FingerData,R1_bilateral_average,rotated_targetwise_plus_nuisance,rotated_target_complement,18,4,14,"complement_3","complement_13",8.85316258195234e-17
FingerData,R1_bilateral_average,rotated_targetwise_plus_nuisance,rotated_target_complement,18,4,15,"complement_3","complement_14",3.01140861452464e-16
FingerData,R1_bilateral_average,rotated_targetwise_plus_nuisance,rotated_target_complement,18,4,16,"complement_3","complement_15",3.28909701454849e-17
FingerData,R1_bilateral_average,rotated_targetwise_plus_nuisance,rotated_target_complement,18,4,17,"complement_3","complement_16",6.43666109742228e-16
FingerData,R1_bilateral_average,rotated_targetwise_plus_nuisance,rotated_target_complement,18,4,18,"complement_3","complement_17",8.32049274070892e-16
FingerData,R1_bilateral_average,rotated_targetwise_plus_nuisance,rotated_target_complement,18,5,1,"complement_4","target_1",8.93875343474729e-18
FingerData,R1_bilateral_average,rotated_targetwise_plus_nuisance,rotated_target_complement,18,5,2,"complement_4","complement_1",1.20691270140161e-15
FingerData,R1_bilateral_average,rotated_targetwise_plus_nuisance,rotated_target_complement,18,5,3,"complement_4","complement_2",-5.36289828525021e-16
FingerData,R1_bilateral_average,rotated_targetwise_plus_nuisance,rotated_target_complement,18,5,4,"complement_4","complement_3",-8.66279817784772e-16
FingerData,R1_bilateral_average,rotated_targetwise_plus_nuisance,rotated_target_complement,18,5,5,"complement_4","complement_4",0.00536715195026005
FingerData,R1_bilateral_average,rotated_targetwise_plus_nuisance,rotated_target_complement,18,5,6,"complement_4","complement_5",-1.3040674299038e-15
FingerData,R1_bilateral_average,rotated_targetwise_plus_nuisance,rotated_target_complement,18,5,7,"complement_4","complement_6",-7.52178895721764e-17
FingerData,R1_bilateral_average,rotated_targetwise_plus_nuisance,rotated_target_complement,18,5,8,"complement_4","complement_7",-4.58645642367371e-16
FingerData,R1_bilateral_average,rotated_targetwise_plus_nuisance,rotated_target_complement,18,5,9,"complement_4","complement_8",-5.70130586655899e-16
FingerData,R1_bilateral_average,rotated_targetwise_plus_nuisance,rotated_target_complement,18,5,10,"complement_4","complement_9",7.33514806536319e-16
FingerData,R1_bilateral_average,rotated_targetwise_plus_nuisance,rotated_target_complement,18,5,11,"complement_4","complement_10",-1.01424416613194e-15
FingerData,R1_bilateral_average,rotated_targetwise_plus_nuisance,rotated_target_complement,18,5,12,"complement_4","complement_11",4.57094969824017e-16
FingerData,R1_bilateral_average,rotated_targetwise_plus_nuisance,rotated_target_complement,18,5,13,"complement_4","complement_12",-2.42388960957338e-17
FingerData,R1_bilateral_average,rotated_targetwise_plus_nuisance,rotated_target_complement,18,5,14,"complement_4","complement_13",-6.29526950952995e-17
FingerData,R1_bilateral_average,rotated_targetwise_plus_nuisance,rotated_target_complement,18,5,15,"complement_4","complement_14",-4.45243196460127e-16
FingerData,R1_bilateral_average,rotated_targetwise_plus_nuisance,rotated_target_complement,18,5,16,"complement_4","complement_15",3.74692238082143e-17
FingerData,R1_bilateral_average,rotated_targetwise_plus_nuisance,rotated_target_complement,18,5,17,"complement_4","complement_16",1.63026269251627e-16
FingerData,R1_bilateral_average,rotated_targetwise_plus_nuisance,rotated_target_complement,18,5,18,"complement_4","complement_17",3.65730695475383e-16
FingerData,R1_bilateral_average,rotated_targetwise_plus_nuisance,rotated_target_complement,18,6,1,"complement_5","target_1",-7.31599743899335e-18
FingerData,R1_bilateral_average,rotated_targetwise_plus_nuisance,rotated_target_complement,18,6,2,"complement_5","complement_1",2.71324574609432e-16
FingerData,R1_bilateral_average,rotated_targetwise_plus_nuisance,rotated_target_complement,18,6,3,"complement_5","complement_2",-4.40259762927412e-16
FingerData,R1_bilateral_average,rotated_targetwise_plus_nuisance,rotated_target_complement,18,6,4,"complement_5","complement_3",2.33108776663657e-16
FingerData,R1_bilateral_average,rotated_targetwise_plus_nuisance,rotated_target_complement,18,6,5,"complement_5","complement_4",-1.3040674299038e-15
FingerData,R1_bilateral_average,rotated_targetwise_plus_nuisance,rotated_target_complement,18,6,6,"complement_5","complement_5",0.0053671519502565
FingerData,R1_bilateral_average,rotated_targetwise_plus_nuisance,rotated_target_complement,18,6,7,"complement_5","complement_6",4.67531352593951e-16
FingerData,R1_bilateral_average,rotated_targetwise_plus_nuisance,rotated_target_complement,18,6,8,"complement_5","complement_7",5.79703578564351e-16
FingerData,R1_bilateral_average,rotated_targetwise_plus_nuisance,rotated_target_complement,18,6,9,"complement_5","complement_8",4.73274363291417e-16
FingerData,R1_bilateral_average,rotated_targetwise_plus_nuisance,rotated_target_complement,18,6,10,"complement_5","complement_9",2.72276444168063e-16
FingerData,R1_bilateral_average,rotated_targetwise_plus_nuisance,rotated_target_complement,18,6,11,"complement_5","complement_10",8.55586215379379e-18
FingerData,R1_bilateral_average,rotated_targetwise_plus_nuisance,rotated_target_complement,18,6,12,"complement_5","complement_11",-5.90355009827058e-16
FingerData,R1_bilateral_average,rotated_targetwise_plus_nuisance,rotated_target_complement,18,6,13,"complement_5","complement_12",-1.27970309713033e-16
FingerData,R1_bilateral_average,rotated_targetwise_plus_nuisance,rotated_target_complement,18,6,14,"complement_5","complement_13",-4.75532518115018e-16
FingerData,R1_bilateral_average,rotated_targetwise_plus_nuisance,rotated_target_complement,18,6,15,"complement_5","complement_14",1.94561937232637e-16
FingerData,R1_bilateral_average,rotated_targetwise_plus_nuisance,rotated_target_complement,18,6,16,"complement_5","complement_15",7.38091813718889e-18
FingerData,R1_bilateral_average,rotated_targetwise_plus_nuisance,rotated_target_complement,18,6,17,"complement_5","complement_16",1.76621996294935e-16
FingerData,R1_bilateral_average,rotated_targetwise_plus_nuisance,rotated_target_complement,18,6,18,"complement_5","complement_17",-7.99239681076822e-17
FingerData,R1_bilateral_average,rotated_targetwise_plus_nuisance,rotated_target_complement,18,7,1,"complement_6","target_1",-7.24433311847277e-18
FingerData,R1_bilateral_average,rotated_targetwise_plus_nuisance,rotated_target_complement,18,7,2,"complement_6","complement_1",-3.03344993971767e-16
FingerData,R1_bilateral_average,rotated_targetwise_plus_nuisance,rotated_target_complement,18,7,3,"complement_6","complement_2",4.20378737224641e-16
FingerData,R1_bilateral_average,rotated_targetwise_plus_nuisance,rotated_target_complement,18,7,4,"complement_6","complement_3",-2.12633080179149e-16
FingerData,R1_bilateral_average,rotated_targetwise_plus_nuisance,rotated_target_complement,18,7,5,"complement_6","complement_4",-7.52178895721764e-17
FingerData,R1_bilateral_average,rotated_targetwise_plus_nuisance,rotated_target_complement,18,7,6,"complement_6","complement_5",4.67531352593951e-16
FingerData,R1_bilateral_average,rotated_targetwise_plus_nuisance,rotated_target_complement,18,7,7,"complement_6","complement_6",0.00536715195025783
FingerData,R1_bilateral_average,rotated_targetwise_plus_nuisance,rotated_target_complement,18,7,8,"complement_6","complement_7",1.13375355859159e-16
FingerData,R1_bilateral_average,rotated_targetwise_plus_nuisance,rotated_target_complement,18,7,9,"complement_6","complement_8",1.15342608757966e-16
FingerData,R1_bilateral_average,rotated_targetwise_plus_nuisance,rotated_target_complement,18,7,10,"complement_6","complement_9",3.23225948533788e-16
FingerData,R1_bilateral_average,rotated_targetwise_plus_nuisance,rotated_target_complement,18,7,11,"complement_6","complement_10",-2.51151764994338e-16
FingerData,R1_bilateral_average,rotated_targetwise_plus_nuisance,rotated_target_complement,18,7,12,"complement_6","complement_11",6.21420607541472e-17
FingerData,R1_bilateral_average,rotated_targetwise_plus_nuisance,rotated_target_complement,18,7,13,"complement_6","complement_12",2.87703852495745e-16
FingerData,R1_bilateral_average,rotated_targetwise_plus_nuisance,rotated_target_complement,18,7,14,"complement_6","complement_13",-8.40604501353083e-17
FingerData,R1_bilateral_average,rotated_targetwise_plus_nuisance,rotated_target_complement,18,7,15,"complement_6","complement_14",2.78615618284247e-17
FingerData,R1_bilateral_average,rotated_targetwise_plus_nuisance,rotated_target_complement,18,7,16,"complement_6","complement_15",-3.61335482681766e-17
FingerData,R1_bilateral_average,rotated_targetwise_plus_nuisance,rotated_target_complement,18,7,17,"complement_6","complement_16",2.30687626969675e-16
FingerData,R1_bilateral_average,rotated_targetwise_plus_nuisance,rotated_target_complement,18,7,18,"complement_6","complement_17",4.20324709992321e-16
FingerData,R1_bilateral_average,rotated_targetwise_plus_nuisance,rotated_target_complement,18,8,1,"complement_7","target_1",-1.63428487912806e-18
FingerData,R1_bilateral_average,rotated_targetwise_plus_nuisance,rotated_target_complement,18,8,2,"complement_7","complement_1",-3.50998929524822e-16
FingerData,R1_bilateral_average,rotated_targetwise_plus_nuisance,rotated_target_complement,18,8,3,"complement_7","complement_2",8.19858177675591e-16
FingerData,R1_bilateral_average,rotated_targetwise_plus_nuisance,rotated_target_complement,18,8,4,"complement_7","complement_3",1.82183296877091e-16
FingerData,R1_bilateral_average,rotated_targetwise_plus_nuisance,rotated_target_complement,18,8,5,"complement_7","complement_4",-4.58645642367371e-16
FingerData,R1_bilateral_average,rotated_targetwise_plus_nuisance,rotated_target_complement,18,8,6,"complement_7","complement_5",5.79703578564351e-16
FingerData,R1_bilateral_average,rotated_targetwise_plus_nuisance,rotated_target_complement,18,8,7,"complement_7","complement_6",1.13375355859159e-16
FingerData,R1_bilateral_average,rotated_targetwise_plus_nuisance,rotated_target_complement,18,8,8,"complement_7","complement_7",0.00536715195025428
FingerData,R1_bilateral_average,rotated_targetwise_plus_nuisance,rotated_target_complement,18,8,9,"complement_7","complement_8",5.37911524810227e-16
FingerData,R1_bilateral_average,rotated_targetwise_plus_nuisance,rotated_target_complement,18,8,10,"complement_7","complement_9",1.73693596505018e-15
FingerData,R1_bilateral_average,rotated_targetwise_plus_nuisance,rotated_target_complement,18,8,11,"complement_7","complement_10",5.85779358388552e-16
FingerData,R1_bilateral_average,rotated_targetwise_plus_nuisance,rotated_target_complement,18,8,12,"complement_7","complement_11",-1.39116450325225e-15
FingerData,R1_bilateral_average,rotated_targetwise_plus_nuisance,rotated_target_complement,18,8,13,"complement_7","complement_12",-1.12952310843313e-16
FingerData,R1_bilateral_average,rotated_targetwise_plus_nuisance,rotated_target_complement,18,8,14,"complement_7","complement_13",-3.22697052597751e-16
FingerData,R1_bilateral_average,rotated_targetwise_plus_nuisance,rotated_target_complement,18,8,15,"complement_7","complement_14",1.75581631335009e-16
FingerData,R1_bilateral_average,rotated_targetwise_plus_nuisance,rotated_target_complement,18,8,16,"complement_7","complement_15",1.59880958902957e-19
FingerData,R1_bilateral_average,rotated_targetwise_plus_nuisance,rotated_target_complement,18,8,17,"complement_7","complement_16",3.92613886604803e-16
FingerData,R1_bilateral_average,rotated_targetwise_plus_nuisance,rotated_target_complement,18,8,18,"complement_7","complement_17",-9.58268966213319e-17
FingerData,R1_bilateral_average,rotated_targetwise_plus_nuisance,rotated_target_complement,18,9,1,"complement_8","target_1",1.08200349339134e-17
FingerData,R1_bilateral_average,rotated_targetwise_plus_nuisance,rotated_target_complement,18,9,2,"complement_8","complement_1",-3.68514239903688e-16
FingerData,R1_bilateral_average,rotated_targetwise_plus_nuisance,rotated_target_complement,18,9,3,"complement_8","complement_2",-4.42296280414277e-16
FingerData,R1_bilateral_average,rotated_targetwise_plus_nuisance,rotated_target_complement,18,9,4,"complement_8","complement_3",4.38594716583234e-16
FingerData,R1_bilateral_average,rotated_targetwise_plus_nuisance,rotated_target_complement,18,9,5,"complement_8","complement_4",-5.70130586655899e-16
FingerData,R1_bilateral_average,rotated_targetwise_plus_nuisance,rotated_target_complement,18,9,6,"complement_8","complement_5",4.73274363291417e-16
FingerData,R1_bilateral_average,rotated_targetwise_plus_nuisance,rotated_target_complement,18,9,7,"complement_8","complement_6",1.15342608757966e-16
FingerData,R1_bilateral_average,rotated_targetwise_plus_nuisance,rotated_target_complement,18,9,8,"complement_8","complement_7",5.37911524810227e-16
FingerData,R1_bilateral_average,rotated_targetwise_plus_nuisance,rotated_target_complement,18,9,9,"complement_8","complement_8",0.0053671519502565
FingerData,R1_bilateral_average,rotated_targetwise_plus_nuisance,rotated_target_complement,18,9,10,"complement_8","complement_9",-5.13605829994696e-18
FingerData,R1_bilateral_average,rotated_targetwise_plus_nuisance,rotated_target_complement,18,9,11,"complement_8","complement_10",-7.62039385004053e-16
FingerData,R1_bilateral_average,rotated_targetwise_plus_nuisance,rotated_target_complement,18,9,12,"complement_8","complement_11",1.52828945414376e-17
FingerData,R1_bilateral_average,rotated_targetwise_plus_nuisance,rotated_target_complement,18,9,13,"complement_8","complement_12",-2.34384097416967e-16
FingerData,R1_bilateral_average,rotated_targetwise_plus_nuisance,rotated_target_complement,18,9,14,"complement_8","complement_13",-7.50203463320359e-17
FingerData,R1_bilateral_average,rotated_targetwise_plus_nuisance,rotated_target_complement,18,9,15,"complement_8","complement_14",3.37540953301827e-17
FingerData,R1_bilateral_average,rotated_targetwise_plus_nuisance,rotated_target_complement,18,9,16,"complement_8","complement_15",1.08655949288858e-17
FingerData,R1_bilateral_average,rotated_targetwise_plus_nuisance,rotated_target_complement,18,9,17,"complement_8","complement_16",7.11130073584369e-16
FingerData,R1_bilateral_average,rotated_targetwise_plus_nuisance,rotated_target_complement,18,9,18,"complement_8","complement_17",-5.12788848885144e-16
FingerData,R1_bilateral_average,rotated_targetwise_plus_nuisance,rotated_target_complement,18,10,1,"complement_9","target_1",-5.54521044715392e-18
FingerData,R1_bilateral_average,rotated_targetwise_plus_nuisance,rotated_target_complement,18,10,2,"complement_9","complement_1",5.76393302622659e-16
FingerData,R1_bilateral_average,rotated_targetwise_plus_nuisance,rotated_target_complement,18,10,3,"complement_9","complement_2",3.68100388697829e-16
FingerData,R1_bilateral_average,rotated_targetwise_plus_nuisance,rotated_target_complement,18,10,4,"complement_9","complement_3",-1.72577623680692e-16
FingerData,R1_bilateral_average,rotated_targetwise_plus_nuisance,rotated_target_complement,18,10,5,"complement_9","complement_4",7.33514806536319e-16
FingerData,R1_bilateral_average,rotated_targetwise_plus_nuisance,rotated_target_complement,18,10,6,"complement_9","complement_5",2.72276444168063e-16
FingerData,R1_bilateral_average,rotated_targetwise_plus_nuisance,rotated_target_complement,18,10,7,"complement_9","complement_6",3.23225948533788e-16
FingerData,R1_bilateral_average,rotated_targetwise_plus_nuisance,rotated_target_complement,18,10,8,"complement_9","complement_7",1.73693596505018e-15
FingerData,R1_bilateral_average,rotated_targetwise_plus_nuisance,rotated_target_complement,18,10,9,"complement_9","complement_8",-5.13605829994696e-18
FingerData,R1_bilateral_average,rotated_targetwise_plus_nuisance,rotated_target_complement,18,10,10,"complement_9","complement_9",0.0053671519502565
FingerData,R1_bilateral_average,rotated_targetwise_plus_nuisance,rotated_target_complement,18,10,11,"complement_9","complement_10",5.81213338544348e-16
FingerData,R1_bilateral_average,rotated_targetwise_plus_nuisance,rotated_target_complement,18,10,12,"complement_9","complement_11",-3.32031331382864e-16
FingerData,R1_bilateral_average,rotated_targetwise_plus_nuisance,rotated_target_complement,18,10,13,"complement_9","complement_12",-3.95450910239522e-16
FingerData,R1_bilateral_average,rotated_targetwise_plus_nuisance,rotated_target_complement,18,10,14,"complement_9","complement_13",1.40246707746554e-16
FingerData,R1_bilateral_average,rotated_targetwise_plus_nuisance,rotated_target_complement,18,10,15,"complement_9","complement_14",1.21468701975636e-16
FingerData,R1_bilateral_average,rotated_targetwise_plus_nuisance,rotated_target_complement,18,10,16,"complement_9","complement_15",-1.56179429845565e-17
FingerData,R1_bilateral_average,rotated_targetwise_plus_nuisance,rotated_target_complement,18,10,17,"complement_9","complement_16",4.51635779969202e-16
FingerData,R1_bilateral_average,rotated_targetwise_plus_nuisance,rotated_target_complement,18,10,18,"complement_9","complement_17",7.48618684136073e-16
FingerData,R1_bilateral_average,rotated_targetwise_plus_nuisance,rotated_target_complement,18,11,1,"complement_10","target_1",2.09124558703184e-18
FingerData,R1_bilateral_average,rotated_targetwise_plus_nuisance,rotated_target_complement,18,11,2,"complement_10","complement_1",-3.49078775455275e-16
FingerData,R1_bilateral_average,rotated_targetwise_plus_nuisance,rotated_target_complement,18,11,3,"complement_10","complement_2",3.41565736016721e-16
FingerData,R1_bilateral_average,rotated_targetwise_plus_nuisance,rotated_target_complement,18,11,4,"complement_10","complement_3",7.18441924278612e-16
FingerData,R1_bilateral_average,rotated_targetwise_plus_nuisance,rotated_target_complement,18,11,5,"complement_10","complement_4",-1.01424416613194e-15
FingerData,R1_bilateral_average,rotated_targetwise_plus_nuisance,rotated_target_complement,18,11,6,"complement_10","complement_5",8.55586215379379e-18
FingerData,R1_bilateral_average,rotated_targetwise_plus_nuisance,rotated_target_complement,18,11,7,"complement_10","complement_6",-2.51151764994338e-16
FingerData,R1_bilateral_average,rotated_targetwise_plus_nuisance,rotated_target_complement,18,11,8,"complement_10","complement_7",5.85779358388552e-16
FingerData,R1_bilateral_average,rotated_targetwise_plus_nuisance,rotated_target_complement,18,11,9,"complement_10","complement_8",-7.62039385004053e-16
FingerData,R1_bilateral_average,rotated_targetwise_plus_nuisance,rotated_target_complement,18,11,10,"complement_10","complement_9",5.81213338544348e-16
FingerData,R1_bilateral_average,rotated_targetwise_plus_nuisance,rotated_target_complement,18,11,11,"complement_10","complement_10",0.00536715195025561
FingerData,R1_bilateral_average,rotated_targetwise_plus_nuisance,rotated_target_complement,18,11,12,"complement_10","complement_11",-1.07555681507824e-15
FingerData,R1_bilateral_average,rotated_targetwise_plus_nuisance,rotated_target_complement,18,11,13,"complement_10","complement_12",-3.64933235024092e-16
FingerData,R1_bilateral_average,rotated_targetwise_plus_nuisance,rotated_target_complement,18,11,14,"complement_10","complement_13",2.90518496565869e-16
FingerData,R1_bilateral_average,rotated_targetwise_plus_nuisance,rotated_target_complement,18,11,15,"complement_10","complement_14",-3.2633574259913e-16
FingerData,R1_bilateral_average,rotated_targetwise_plus_nuisance,rotated_target_complement,18,11,16,"complement_10","complement_15",-4.1013509699012e-18
FingerData,R1_bilateral_average,rotated_targetwise_plus_nuisance,rotated_target_complement,18,11,17,"complement_10","complement_16",2.26223522576069e-16
FingerData,R1_bilateral_average,rotated_targetwise_plus_nuisance,rotated_target_complement,18,11,18,"complement_10","complement_17",-4.61710025906999e-16
FingerData,R1_bilateral_average,rotated_targetwise_plus_nuisance,rotated_target_complement,18,12,1,"complement_11","target_1",-1.76635428147491e-18
FingerData,R1_bilateral_average,rotated_targetwise_plus_nuisance,rotated_target_complement,18,12,2,"complement_11","complement_1",4.45297712392048e-16
FingerData,R1_bilateral_average,rotated_targetwise_plus_nuisance,rotated_target_complement,18,12,3,"complement_11","complement_2",-7.56888961685611e-16
FingerData,R1_bilateral_average,rotated_targetwise_plus_nuisance,rotated_target_complement,18,12,4,"complement_11","complement_3",1.06890416033806e-15
FingerData,R1_bilateral_average,rotated_targetwise_plus_nuisance,rotated_target_complement,18,12,5,"complement_11","complement_4",4.57094969824017e-16
FingerData,R1_bilateral_average,rotated_targetwise_plus_nuisance,rotated_target_complement,18,12,6,"complement_11","complement_5",-5.90355009827058e-16
FingerData,R1_bilateral_average,rotated_targetwise_plus_nuisance,rotated_target_complement,18,12,7,"complement_11","complement_6",6.21420607541472e-17
FingerData,R1_bilateral_average,rotated_targetwise_plus_nuisance,rotated_target_complement,18,12,8,"complement_11","complement_7",-1.39116450325225e-15
FingerData,R1_bilateral_average,rotated_targetwise_plus_nuisance,rotated_target_complement,18,12,9,"complement_11","complement_8",1.52828945414376e-17
FingerData,R1_bilateral_average,rotated_targetwise_plus_nuisance,rotated_target_complement,18,12,10,"complement_11","complement_9",-3.32031331382864e-16
FingerData,R1_bilateral_average,rotated_targetwise_plus_nuisance,rotated_target_complement,18,12,11,"complement_11","complement_10",-1.07555681507824e-15
FingerData,R1_bilateral_average,rotated_targetwise_plus_nuisance,rotated_target_complement,18,12,12,"complement_11","complement_11",0.00536715195025605
FingerData,R1_bilateral_average,rotated_targetwise_plus_nuisance,rotated_target_complement,18,12,13,"complement_11","complement_12",-7.39143585553134e-16
FingerData,R1_bilateral_average,rotated_targetwise_plus_nuisance,rotated_target_complement,18,12,14,"complement_11","complement_13",3.27232710525947e-16
FingerData,R1_bilateral_average,rotated_targetwise_plus_nuisance,rotated_target_complement,18,12,15,"complement_11","complement_14",1.63543274995604e-16
FingerData,R1_bilateral_average,rotated_targetwise_plus_nuisance,rotated_target_complement,18,12,16,"complement_11","complement_15",-9.92707599837578e-18
FingerData,R1_bilateral_average,rotated_targetwise_plus_nuisance,rotated_target_complement,18,12,17,"complement_11","complement_16",1.04402620520298e-16
FingerData,R1_bilateral_average,rotated_targetwise_plus_nuisance,rotated_target_complement,18,12,18,"complement_11","complement_17",8.74024539493584e-17
FingerData,R1_bilateral_average,rotated_targetwise_plus_nuisance,rotated_target_complement,18,13,1,"complement_12","target_1",-5.75275721270743e-18
FingerData,R1_bilateral_average,rotated_targetwise_plus_nuisance,rotated_target_complement,18,13,2,"complement_12","complement_1",-1.25257236337388e-16
FingerData,R1_bilateral_average,rotated_targetwise_plus_nuisance,rotated_target_complement,18,13,3,"complement_12","complement_2",-2.22855565856647e-16
FingerData,R1_bilateral_average,rotated_targetwise_plus_nuisance,rotated_target_complement,18,13,4,"complement_12","complement_3",2.74643145860615e-16
FingerData,R1_bilateral_average,rotated_targetwise_plus_nuisance,rotated_target_complement,18,13,5,"complement_12","complement_4",-2.42388960957338e-17
FingerData,R1_bilateral_average,rotated_targetwise_plus_nuisance,rotated_target_complement,18,13,6,"complement_12","complement_5",-1.27970309713033e-16
FingerData,R1_bilateral_average,rotated_targetwise_plus_nuisance,rotated_target_complement,18,13,7,"complement_12","complement_6",2.87703852495745e-16
FingerData,R1_bilateral_average,rotated_targetwise_plus_nuisance,rotated_target_complement,18,13,8,"complement_12","complement_7",-1.12952310843313e-16
FingerData,R1_bilateral_average,rotated_targetwise_plus_nuisance,rotated_target_complement,18,13,9,"complement_12","complement_8",-2.34384097416967e-16
FingerData,R1_bilateral_average,rotated_targetwise_plus_nuisance,rotated_target_complement,18,13,10,"complement_12","complement_9",-3.95450910239522e-16
FingerData,R1_bilateral_average,rotated_targetwise_plus_nuisance,rotated_target_complement,18,13,11,"complement_12","complement_10",-3.64933235024092e-16
FingerData,R1_bilateral_average,rotated_targetwise_plus_nuisance,rotated_target_complement,18,13,12,"complement_12","complement_11",-7.39143585553134e-16
FingerData,R1_bilateral_average,rotated_targetwise_plus_nuisance,rotated_target_complement,18,13,13,"complement_12","complement_12",0.00536715195025694
FingerData,R1_bilateral_average,rotated_targetwise_plus_nuisance,rotated_target_complement,18,13,14,"complement_12","complement_13",2.8475248898366e-16
FingerData,R1_bilateral_average,rotated_targetwise_plus_nuisance,rotated_target_complement,18,13,15,"complement_12","complement_14",-8.69112953483449e-16
FingerData,R1_bilateral_average,rotated_targetwise_plus_nuisance,rotated_target_complement,18,13,16,"complement_12","complement_15",-8.72003146670304e-18
FingerData,R1_bilateral_average,rotated_targetwise_plus_nuisance,rotated_target_complement,18,13,17,"complement_12","complement_16",-1.09276820214636e-18
FingerData,R1_bilateral_average,rotated_targetwise_plus_nuisance,rotated_target_complement,18,13,18,"complement_12","complement_17",5.24637824315985e-16
FingerData,R1_bilateral_average,rotated_targetwise_plus_nuisance,rotated_target_complement,18,14,1,"complement_13","target_1",4.73739601393307e-18
FingerData,R1_bilateral_average,rotated_targetwise_plus_nuisance,rotated_target_complement,18,14,2,"complement_13","complement_1",1.39400428159341e-16
FingerData,R1_bilateral_average,rotated_targetwise_plus_nuisance,rotated_target_complement,18,14,3,"complement_13","complement_2",4.83620329739655e-17
FingerData,R1_bilateral_average,rotated_targetwise_plus_nuisance,rotated_target_complement,18,14,4,"complement_13","complement_3",8.85316258195234e-17
FingerData,R1_bilateral_average,rotated_targetwise_plus_nuisance,rotated_target_complement,18,14,5,"complement_13","complement_4",-6.29526950952995e-17
FingerData,R1_bilateral_average,rotated_targetwise_plus_nuisance,rotated_target_complement,18,14,6,"complement_13","complement_5",-4.75532518115018e-16
FingerData,R1_bilateral_average,rotated_targetwise_plus_nuisance,rotated_target_complement,18,14,7,"complement_13","complement_6",-8.40604501353083e-17
FingerData,R1_bilateral_average,rotated_targetwise_plus_nuisance,rotated_target_complement,18,14,8,"complement_13","complement_7",-3.22697052597751e-16
FingerData,R1_bilateral_average,rotated_targetwise_plus_nuisance,rotated_target_complement,18,14,9,"complement_13","complement_8",-7.50203463320359e-17
FingerData,R1_bilateral_average,rotated_targetwise_plus_nuisance,rotated_target_complement,18,14,10,"complement_13","complement_9",1.40246707746554e-16
FingerData,R1_bilateral_average,rotated_targetwise_plus_nuisance,rotated_target_complement,18,14,11,"complement_13","complement_10",2.90518496565869e-16
FingerData,R1_bilateral_average,rotated_targetwise_plus_nuisance,rotated_target_complement,18,14,12,"complement_13","complement_11",3.27232710525947e-16
FingerData,R1_bilateral_average,rotated_targetwise_plus_nuisance,rotated_target_complement,18,14,13,"complement_13","complement_12",2.8475248898366e-16
FingerData,R1_bilateral_average,rotated_targetwise_plus_nuisance,rotated_target_complement,18,14,14,"complement_13","complement_13",0.00536715195025739
FingerData,R1_bilateral_average,rotated_targetwise_plus_nuisance,rotated_target_complement,18,14,15,"complement_13","complement_14",4.75763383957329e-16
FingerData,R1_bilateral_average,rotated_targetwise_plus_nuisance,rotated_target_complement,18,14,16,"complement_13","complement_15",1.33288774620053e-17
FingerData,R1_bilateral_average,rotated_targetwise_plus_nuisance,rotated_target_complement,18,14,17,"complement_13","complement_16",1.42251090882049e-16
FingerData,R1_bilateral_average,rotated_targetwise_plus_nuisance,rotated_target_complement,18,14,18,"complement_13","complement_17",-1.68303439964857e-16
FingerData,R1_bilateral_average,rotated_targetwise_plus_nuisance,rotated_target_complement,18,15,1,"complement_14","target_1",3.1669283716302e-18
FingerData,R1_bilateral_average,rotated_targetwise_plus_nuisance,rotated_target_complement,18,15,2,"complement_14","complement_1",1.48448906759298e-15
FingerData,R1_bilateral_average,rotated_targetwise_plus_nuisance,rotated_target_complement,18,15,3,"complement_14","complement_2",8.16901209782278e-16
FingerData,R1_bilateral_average,rotated_targetwise_plus_nuisance,rotated_target_complement,18,15,4,"complement_14","complement_3",3.01140861452464e-16
FingerData,R1_bilateral_average,rotated_targetwise_plus_nuisance,rotated_target_complement,18,15,5,"complement_14","complement_4",-4.45243196460127e-16
FingerData,R1_bilateral_average,rotated_targetwise_plus_nuisance,rotated_target_complement,18,15,6,"complement_14","complement_5",1.94561937232637e-16
FingerData,R1_bilateral_average,rotated_targetwise_plus_nuisance,rotated_target_complement,18,15,7,"complement_14","complement_6",2.78615618284247e-17
FingerData,R1_bilateral_average,rotated_targetwise_plus_nuisance,rotated_target_complement,18,15,8,"complement_14","complement_7",1.75581631335009e-16
FingerData,R1_bilateral_average,rotated_targetwise_plus_nuisance,rotated_target_complement,18,15,9,"complement_14","complement_8",3.37540953301827e-17
FingerData,R1_bilateral_average,rotated_targetwise_plus_nuisance,rotated_target_complement,18,15,10,"complement_14","complement_9",1.21468701975636e-16
FingerData,R1_bilateral_average,rotated_targetwise_plus_nuisance,rotated_target_complement,18,15,11,"complement_14","complement_10",-3.2633574259913e-16
FingerData,R1_bilateral_average,rotated_targetwise_plus_nuisance,rotated_target_complement,18,15,12,"complement_14","complement_11",1.63543274995604e-16
FingerData,R1_bilateral_average,rotated_targetwise_plus_nuisance,rotated_target_complement,18,15,13,"complement_14","complement_12",-8.69112953483449e-16
FingerData,R1_bilateral_average,rotated_targetwise_plus_nuisance,rotated_target_complement,18,15,14,"complement_14","complement_13",4.75763383957329e-16
FingerData,R1_bilateral_average,rotated_targetwise_plus_nuisance,rotated_target_complement,18,15,15,"complement_14","complement_14",0.00536715195025783
FingerData,R1_bilateral_average,rotated_targetwise_plus_nuisance,rotated_target_complement,18,15,16,"complement_14","complement_15",5.90358022861616e-16
FingerData,R1_bilateral_average,rotated_targetwise_plus_nuisance,rotated_target_complement,18,15,17,"complement_14","complement_16",-6.74471918444102e-16
FingerData,R1_bilateral_average,rotated_targetwise_plus_nuisance,rotated_target_complement,18,15,18,"complement_14","complement_17",-4.3315836103763e-16
FingerData,R1_bilateral_average,rotated_targetwise_plus_nuisance,rotated_target_complement,18,16,1,"complement_15","target_1",-8.63715985913282e-16
FingerData,R1_bilateral_average,rotated_targetwise_plus_nuisance,rotated_target_complement,18,16,2,"complement_15","complement_1",-1.01402299062615e-17
FingerData,R1_bilateral_average,rotated_targetwise_plus_nuisance,rotated_target_complement,18,16,3,"complement_15","complement_2",-1.16445729046764e-17
FingerData,R1_bilateral_average,rotated_targetwise_plus_nuisance,rotated_target_complement,18,16,4,"complement_15","complement_3",3.28909701454849e-17
FingerData,R1_bilateral_average,rotated_targetwise_plus_nuisance,rotated_target_complement,18,16,5,"complement_15","complement_4",3.74692238082143e-17
FingerData,R1_bilateral_average,rotated_targetwise_plus_nuisance,rotated_target_complement,18,16,6,"complement_15","complement_5",7.38091813718889e-18
FingerData,R1_bilateral_average,rotated_targetwise_plus_nuisance,rotated_target_complement,18,16,7,"complement_15","complement_6",-3.61335482681766e-17
FingerData,R1_bilateral_average,rotated_targetwise_plus_nuisance,rotated_target_complement,18,16,8,"complement_15","complement_7",1.59880958902957e-19
FingerData,R1_bilateral_average,rotated_targetwise_plus_nuisance,rotated_target_complement,18,16,9,"complement_15","complement_8",1.08655949288858e-17
FingerData,R1_bilateral_average,rotated_targetwise_plus_nuisance,rotated_target_complement,18,16,10,"complement_15","complement_9",-1.56179429845565e-17
FingerData,R1_bilateral_average,rotated_targetwise_plus_nuisance,rotated_target_complement,18,16,11,"complement_15","complement_10",-4.1013509699012e-18
FingerData,R1_bilateral_average,rotated_targetwise_plus_nuisance,rotated_target_complement,18,16,12,"complement_15","complement_11",-9.92707599837578e-18
FingerData,R1_bilateral_average,rotated_targetwise_plus_nuisance,rotated_target_complement,18,16,13,"complement_15","complement_12",-8.72003146670304e-18
FingerData,R1_bilateral_average,rotated_targetwise_plus_nuisance,rotated_target_complement,18,16,14,"complement_15","complement_13",1.33288774620053e-17
FingerData,R1_bilateral_average,rotated_targetwise_plus_nuisance,rotated_target_complement,18,16,15,"complement_15","complement_14",5.90358022861616e-16
FingerData,R1_bilateral_average,rotated_targetwise_plus_nuisance,rotated_target_complement,18,16,16,"complement_15","complement_15",0.00536715195025605
FingerData,R1_bilateral_average,rotated_targetwise_plus_nuisance,rotated_target_complement,18,16,17,"complement_15","complement_16",1.11518927765169e-17
FingerData,R1_bilateral_average,rotated_targetwise_plus_nuisance,rotated_target_complement,18,16,18,"complement_15","complement_17",1.21272570926161e-18
FingerData,R1_bilateral_average,rotated_targetwise_plus_nuisance,rotated_target_complement,18,17,1,"complement_16","target_1",4.28798415191533e-18
FingerData,R1_bilateral_average,rotated_targetwise_plus_nuisance,rotated_target_complement,18,17,2,"complement_16","complement_1",-3.60339226781711e-16
FingerData,R1_bilateral_average,rotated_targetwise_plus_nuisance,rotated_target_complement,18,17,3,"complement_16","complement_2",-1.40267255331887e-16
FingerData,R1_bilateral_average,rotated_targetwise_plus_nuisance,rotated_target_complement,18,17,4,"complement_16","complement_3",6.43666109742228e-16
FingerData,R1_bilateral_average,rotated_targetwise_plus_nuisance,rotated_target_complement,18,17,5,"complement_16","complement_4",1.63026269251627e-16
FingerData,R1_bilateral_average,rotated_targetwise_plus_nuisance,rotated_target_complement,18,17,6,"complement_16","complement_5",1.76621996294935e-16
FingerData,R1_bilateral_average,rotated_targetwise_plus_nuisance,rotated_target_complement,18,17,7,"complement_16","complement_6",2.30687626969675e-16
FingerData,R1_bilateral_average,rotated_targetwise_plus_nuisance,rotated_target_complement,18,17,8,"complement_16","complement_7",3.92613886604803e-16
FingerData,R1_bilateral_average,rotated_targetwise_plus_nuisance,rotated_target_complement,18,17,9,"complement_16","complement_8",7.11130073584369e-16
FingerData,R1_bilateral_average,rotated_targetwise_plus_nuisance,rotated_target_complement,18,17,10,"complement_16","complement_9",4.51635779969202e-16
FingerData,R1_bilateral_average,rotated_targetwise_plus_nuisance,rotated_target_complement,18,17,11,"complement_16","complement_10",2.26223522576069e-16
FingerData,R1_bilateral_average,rotated_targetwise_plus_nuisance,rotated_target_complement,18,17,12,"complement_16","complement_11",1.04402620520298e-16
FingerData,R1_bilateral_average,rotated_targetwise_plus_nuisance,rotated_target_complement,18,17,13,"complement_16","complement_12",-1.09276820214636e-18
FingerData,R1_bilateral_average,rotated_targetwise_plus_nuisance,rotated_target_complement,18,17,14,"complement_16","complement_13",1.42251090882049e-16
FingerData,R1_bilateral_average,rotated_targetwise_plus_nuisance,rotated_target_complement,18,17,15,"complement_16","complement_14",-6.74471918444102e-16
FingerData,R1_bilateral_average,rotated_targetwise_plus_nuisance,rotated_target_complement,18,17,16,"complement_16","complement_15",1.11518927765169e-17
FingerData,R1_bilateral_average,rotated_targetwise_plus_nuisance,rotated_target_complement,18,17,17,"complement_16","complement_16",0.00536715195025517
FingerData,R1_bilateral_average,rotated_targetwise_plus_nuisance,rotated_target_complement,18,17,18,"complement_16","complement_17",9.46568927180414e-17
FingerData,R1_bilateral_average,rotated_targetwise_plus_nuisance,rotated_target_complement,18,18,1,"complement_17","target_1",-7.7096420334544e-19
FingerData,R1_bilateral_average,rotated_targetwise_plus_nuisance,rotated_target_complement,18,18,2,"complement_17","complement_1",-6.4789216615474e-16
FingerData,R1_bilateral_average,rotated_targetwise_plus_nuisance,rotated_target_complement,18,18,3,"complement_17","complement_2",-1.01447564369421e-15
FingerData,R1_bilateral_average,rotated_targetwise_plus_nuisance,rotated_target_complement,18,18,4,"complement_17","complement_3",8.32049274070892e-16
FingerData,R1_bilateral_average,rotated_targetwise_plus_nuisance,rotated_target_complement,18,18,5,"complement_17","complement_4",3.65730695475383e-16
FingerData,R1_bilateral_average,rotated_targetwise_plus_nuisance,rotated_target_complement,18,18,6,"complement_17","complement_5",-7.99239681076822e-17
FingerData,R1_bilateral_average,rotated_targetwise_plus_nuisance,rotated_target_complement,18,18,7,"complement_17","complement_6",4.20324709992321e-16
FingerData,R1_bilateral_average,rotated_targetwise_plus_nuisance,rotated_target_complement,18,18,8,"complement_17","complement_7",-9.58268966213319e-17
FingerData,R1_bilateral_average,rotated_targetwise_plus_nuisance,rotated_target_complement,18,18,9,"complement_17","complement_8",-5.12788848885144e-16
FingerData,R1_bilateral_average,rotated_targetwise_plus_nuisance,rotated_target_complement,18,18,10,"complement_17","complement_9",7.48618684136073e-16
FingerData,R1_bilateral_average,rotated_targetwise_plus_nuisance,rotated_target_complement,18,18,11,"complement_17","complement_10",-4.61710025906999e-16
FingerData,R1_bilateral_average,rotated_targetwise_plus_nuisance,rotated_target_complement,18,18,12,"complement_17","complement_11",8.74024539493584e-17
FingerData,R1_bilateral_average,rotated_targetwise_plus_nuisance,rotated_target_complement,18,18,13,"complement_17","complement_12",5.24637824315985e-16
FingerData,R1_bilateral_average,rotated_targetwise_plus_nuisance,rotated_target_complement,18,18,14,"complement_17","complement_13",-1.68303439964857e-16
FingerData,R1_bilateral_average,rotated_targetwise_plus_nuisance,rotated_target_complement,18,18,15,"complement_17","complement_14",-4.3315836103763e-16
FingerData,R1_bilateral_average,rotated_targetwise_plus_nuisance,rotated_target_complement,18,18,16,"complement_17","complement_15",1.21272570926161e-18
FingerData,R1_bilateral_average,rotated_targetwise_plus_nuisance,rotated_target_complement,18,18,17,"complement_17","complement_16",9.46568927180414e-17
FingerData,R1_bilateral_average,rotated_targetwise_plus_nuisance,rotated_target_complement,18,18,18,"complement_17","complement_17",0.00536715195025428
FingerData,R1_bilateral_average,source_all,source,18,1,1,"B(2,1,1)","B(2,1,1)",0.00537396607105656
FingerData,R1_bilateral_average,source_all,source,18,2,2,"B(3,1,1)","B(3,1,1)",0.00535912004036376
FingerData,R1_bilateral_average,source_all,source,18,3,3,"B(1,2,1)","B(1,2,1)",0.00536870243470799
FingerData,R1_bilateral_average,source_all,source,18,4,4,"B(3,2,1)","B(3,2,1)",0.0053614580505208
FingerData,R1_bilateral_average,source_all,source,18,5,5,"B(1,3,1)","B(1,3,1)",0.00537440220753949
FingerData,R1_bilateral_average,source_all,source,18,6,6,"B(2,3,1)","B(2,3,1)",0.00538375372594668
FingerData,R1_bilateral_average,source_all,source,18,7,7,"B(2,1,2)","B(2,1,2)",0.00535820261545616
FingerData,R1_bilateral_average,source_all,source,18,8,8,"B(3,1,2)","B(3,1,2)",0.00537087290305571
FingerData,R1_bilateral_average,source_all,source,18,9,9,"B(1,2,2)","B(1,2,2)",0.00535681249334186
FingerData,R1_bilateral_average,source_all,source,18,10,10,"B(3,2,2)","B(3,2,2)",0.00536012954531806
FingerData,R1_bilateral_average,source_all,source,18,11,11,"B(1,3,2)","B(1,3,2)",0.00537537165466162
FingerData,R1_bilateral_average,source_all,source,18,12,12,"B(2,3,2)","B(2,3,2)",0.00537084197003912
FingerData,R1_bilateral_average,source_all,source,18,13,13,"B(2,1,3)","B(2,1,3)",0.00536623092905142
FingerData,R1_bilateral_average,source_all,source,18,14,14,"B(3,1,3)","B(3,1,3)",0.00536495564209361
FingerData,R1_bilateral_average,source_all,source,18,15,15,"B(1,2,3)","B(1,2,3)",0.00536630286370965
FingerData,R1_bilateral_average,source_all,source,18,16,16,"B(3,2,3)","B(3,2,3)",0.00535261054292846
FingerData,R1_bilateral_average,source_all,source,18,17,17,"B(1,3,3)","B(1,3,3)",0.00537431936752908
FingerData,R1_bilateral_average,source_all,source,18,18,18,"B(2,3,3)","B(2,3,3)",0.0053716329343203
FingerData,R1_bilateral_average,source_single,source,18,1,1,"B(2,1,1)","B(2,1,1)",0.0053678027599231
FingerData,R1_bilateral_average,source_single,source,18,2,2,"B(3,1,1)","B(3,1,1)",0.0053678027599231
FingerData,R1_bilateral_average,source_single,source,18,3,3,"B(1,2,1)","B(1,2,1)",0.0053678027599231
FingerData,R1_bilateral_average,source_single,source,18,4,4,"B(3,2,1)","B(3,2,1)",0.0053678027599231
FingerData,R1_bilateral_average,source_single,source,18,5,5,"B(1,3,1)","B(1,3,1)",0.0053678027599231
FingerData,R1_bilateral_average,source_single,source,18,6,6,"B(2,3,1)","B(2,3,1)",0.0053678027599231
FingerData,R1_bilateral_average,source_single,source,18,7,7,"B(2,1,2)","B(2,1,2)",0.0053678027599231
FingerData,R1_bilateral_average,source_single,source,18,8,8,"B(3,1,2)","B(3,1,2)",0.0053678027599231
FingerData,R1_bilateral_average,source_single,source,18,9,9,"B(1,2,2)","B(1,2,2)",0.0053678027599231
FingerData,R1_bilateral_average,source_single,source,18,10,10,"B(3,2,2)","B(3,2,2)",0.0053678027599231
FingerData,R1_bilateral_average,source_single,source,18,11,11,"B(1,3,2)","B(1,3,2)",0.0053678027599231
FingerData,R1_bilateral_average,source_single,source,18,12,12,"B(2,3,2)","B(2,3,2)",0.0053678027599231
FingerData,R1_bilateral_average,source_single,source,18,13,13,"B(2,1,3)","B(2,1,3)",0.0053678027599231
FingerData,R1_bilateral_average,source_single,source,18,14,14,"B(3,1,3)","B(3,1,3)",0.0053678027599231
FingerData,R1_bilateral_average,source_single,source,18,15,15,"B(1,2,3)","B(1,2,3)",0.0053678027599231
FingerData,R1_bilateral_average,source_single,source,18,16,16,"B(3,2,3)","B(3,2,3)",0.0053678027599231
FingerData,R1_bilateral_average,source_single,source,18,17,17,"B(1,3,3)","B(1,3,3)",0.0053678027599231
FingerData,R1_bilateral_average,source_single,source,18,18,18,"B(2,3,3)","B(2,3,3)",0.0053678027599231
FingerData,R1_bilateral_average,target_direct,target,1,1,1,"target_1","target_1",0.00718168945843178
FingerData,R2_left_right,rotated_all,rotated_target_complement,18,1,1,"target_1","target_1",0.00537099505647021
FingerData,R2_left_right,rotated_all,rotated_target_complement,18,1,2,"target_1","target_2",3.37624905762776e-25
FingerData,R2_left_right,rotated_all,rotated_target_complement,18,1,3,"target_1","complement_1",2.2166138467612e-24
FingerData,R2_left_right,rotated_all,rotated_target_complement,18,1,4,"target_1","complement_2",-5.60245363653255e-25
FingerData,R2_left_right,rotated_all,rotated_target_complement,18,1,5,"target_1","complement_3",5.95902096109015e-19
FingerData,R2_left_right,rotated_all,rotated_target_complement,18,1,6,"target_1","complement_4",1.69318920075959e-25
FingerData,R2_left_right,rotated_all,rotated_target_complement,18,1,7,"target_1","complement_5",-6.24195387337141e-25
FingerData,R2_left_right,rotated_all,rotated_target_complement,18,1,8,"target_1","complement_6",1.1753619393008e-25
FingerData,R2_left_right,rotated_all,rotated_target_complement,18,1,9,"target_1","complement_7",3.84425430009692e-25
FingerData,R2_left_right,rotated_all,rotated_target_complement,18,1,10,"target_1","complement_8",-5.34322078546336e-25
FingerData,R2_left_right,rotated_all,rotated_target_complement,18,1,11,"target_1","complement_9",5.9590170751506e-19
FingerData,R2_left_right,rotated_all,rotated_target_complement,18,1,12,"target_1","complement_10",-8.86030171783664e-25
FingerData,R2_left_right,rotated_all,rotated_target_complement,18,1,13,"target_1","complement_11",-5.67617692947371e-26
FingerData,R2_left_right,rotated_all,rotated_target_complement,18,1,14,"target_1","complement_12",4.96143425220252e-26
FingerData,R2_left_right,rotated_all,rotated_target_complement,18,1,15,"target_1","complement_13",-7.87550900826501e-25
FingerData,R2_left_right,rotated_all,rotated_target_complement,18,1,16,"target_1","complement_14",2.07604120511208e-24
FingerData,R2_left_right,rotated_all,rotated_target_complement,18,1,17,"target_1","complement_15",-1.19180251177038e-18
FingerData,R2_left_right,rotated_all,rotated_target_complement,18,1,18,"target_1","complement_16",1.23874475877296e-31
FingerData,R2_left_right,rotated_all,rotated_target_complement,18,2,1,"target_2","target_1",3.37624905762776e-25
FingerData,R2_left_right,rotated_all,rotated_target_complement,18,2,2,"target_2","target_2",0.00537507708668361
FingerData,R2_left_right,rotated_all,rotated_target_complement,18,2,3,"target_2","complement_1",-1.9436430736989e-15
FingerData,R2_left_right,rotated_all,rotated_target_complement,18,2,4,"target_2","complement_2",4.19411030305127e-15
FingerData,R2_left_right,rotated_all,rotated_target_complement,18,2,5,"target_2","complement_3",-2.36933897526596e-15
FingerData,R2_left_right,rotated_all,rotated_target_complement,18,2,6,"target_2","complement_4",-4.67642544956551e-15
FingerData,R2_left_right,rotated_all,rotated_target_complement,18,2,7,"target_2","complement_5",3.15085000302851e-16
FingerData,R2_left_right,rotated_all,rotated_target_complement,18,2,8,"target_2","complement_6",3.35715056774438e-15
FingerData,R2_left_right,rotated_all,rotated_target_complement,18,2,9,"target_2","complement_7",-1.56550541365334e-15
FingerData,R2_left_right,rotated_all,rotated_target_complement,18,2,10,"target_2","complement_8",-4.70492539296891e-15
FingerData,R2_left_right,rotated_all,rotated_target_complement,18,2,11,"target_2","complement_9",2.18305689717105e-15
FingerData,R2_left_right,rotated_all,rotated_target_complement,18,2,12,"target_2","complement_10",-2.32270305190397e-15
FingerData,R2_left_right,rotated_all,rotated_target_complement,18,2,13,"target_2","complement_11",-1.36761007740139e-15
FingerData,R2_left_right,rotated_all,rotated_target_complement,18,2,14,"target_2","complement_12",1.57617466948357e-15
FingerData,R2_left_right,rotated_all,rotated_target_complement,18,2,15,"target_2","complement_13",-4.65803753157858e-16
FingerData,R2_left_right,rotated_all,rotated_target_complement,18,2,16,"target_2","complement_14",-5.04034089714998e-16
FingerData,R2_left_right,rotated_all,rotated_target_complement,18,2,17,"target_2","complement_15",-4.98011642448556e-15
FingerData,R2_left_right,rotated_all,rotated_target_complement,18,2,18,"target_2","complement_16",-2.73563726973225e-16
FingerData,R2_left_right,rotated_all,rotated_target_complement,18,3,1,"complement_1","target_1",2.2166138467612e-24
FingerData,R2_left_right,rotated_all,rotated_target_complement,18,3,2,"complement_1","target_2",-1.9436430736989e-15
FingerData,R2_left_right,rotated_all,rotated_target_complement,18,3,3,"complement_1","complement_1",0.00536910631705156
FingerData,R2_left_right,rotated_all,rotated_target_complement,18,3,4,"complement_1","complement_2",1.8997949285675e-16
FingerData,R2_left_right,rotated_all,rotated_target_complement,18,3,5,"complement_1","complement_3",2.19735948297721e-15
FingerData,R2_left_right,rotated_all,rotated_target_complement,18,3,6,"complement_1","complement_4",-1.21933600283319e-15
FingerData,R2_left_right,rotated_all,rotated_target_complement,18,3,7,"complement_1","complement_5",-1.62733490715259e-15
FingerData,R2_left_right,rotated_all,rotated_target_complement,18,3,8,"complement_1","complement_6",9.77615315630246e-16
FingerData,R2_left_right,rotated_all,rotated_target_complement,18,3,9,"complement_1","complement_7",-6.11478048646709e-16
FingerData,R2_left_right,rotated_all,rotated_target_complement,18,3,10,"complement_1","complement_8",2.96572926450701e-15
FingerData,R2_left_right,rotated_all,rotated_target_complement,18,3,11,"complement_1","complement_9",-6.59273652009563e-16
FingerData,R2_left_right,rotated_all,rotated_target_complement,18,3,12,"complement_1","complement_10",1.52807791894809e-15
FingerData,R2_left_right,rotated_all,rotated_target_complement,18,3,13,"complement_1","complement_11",2.02225194736123e-16
FingerData,R2_left_right,rotated_all,rotated_target_complement,18,3,14,"complement_1","complement_12",-1.28990050130426e-15
FingerData,R2_left_right,rotated_all,rotated_target_complement,18,3,15,"complement_1","complement_13",-4.89153785977701e-16
FingerData,R2_left_right,rotated_all,rotated_target_complement,18,3,16,"complement_1","complement_14",5.69772817036604e-16
FingerData,R2_left_right,rotated_all,rotated_target_complement,18,3,17,"complement_1","complement_15",1.26412109680162e-15
FingerData,R2_left_right,rotated_all,rotated_target_complement,18,3,18,"complement_1","complement_16",1.02284444669634e-15
FingerData,R2_left_right,rotated_all,rotated_target_complement,18,4,1,"complement_2","target_1",-5.60245363653255e-25
FingerData,R2_left_right,rotated_all,rotated_target_complement,18,4,2,"complement_2","target_2",4.19411030305127e-15
FingerData,R2_left_right,rotated_all,rotated_target_complement,18,4,3,"complement_2","complement_1",1.8997949285675e-16
FingerData,R2_left_right,rotated_all,rotated_target_complement,18,4,4,"complement_2","complement_2",0.00536777502538932
FingerData,R2_left_right,rotated_all,rotated_target_complement,18,4,5,"complement_2","complement_3",2.64424528516644e-15
FingerData,R2_left_right,rotated_all,rotated_target_complement,18,4,6,"complement_2","complement_4",1.39541006847648e-15
FingerData,R2_left_right,rotated_all,rotated_target_complement,18,4,7,"complement_2","complement_5",2.95257901759183e-15
FingerData,R2_left_right,rotated_all,rotated_target_complement,18,4,8,"complement_2","complement_6",-8.78529176439336e-15
FingerData,R2_left_right,rotated_all,rotated_target_complement,18,4,9,"complement_2","complement_7",2.4500633347555e-15
FingerData,R2_left_right,rotated_all,rotated_target_complement,18,4,10,"complement_2","complement_8",-1.04882621510711e-14
FingerData,R2_left_right,rotated_all,rotated_target_complement,18,4,11,"complement_2","complement_9",-1.44817917209313e-15
FingerData,R2_left_right,rotated_all,rotated_target_complement,18,4,12,"complement_2","complement_10",-9.327229547177e-16
FingerData,R2_left_right,rotated_all,rotated_target_complement,18,4,13,"complement_2","complement_11",1.87523103085472e-16
FingerData,R2_left_right,rotated_all,rotated_target_complement,18,4,14,"complement_2","complement_12",9.94890710033613e-16
FingerData,R2_left_right,rotated_all,rotated_target_complement,18,4,15,"complement_2","complement_13",-4.53199649719132e-16
FingerData,R2_left_right,rotated_all,rotated_target_complement,18,4,16,"complement_2","complement_14",9.99709330922124e-16
FingerData,R2_left_right,rotated_all,rotated_target_complement,18,4,17,"complement_2","complement_15",9.87072316397532e-16
FingerData,R2_left_right,rotated_all,rotated_target_complement,18,4,18,"complement_2","complement_16",-1.46180606924519e-16
FingerData,R2_left_right,rotated_all,rotated_target_complement,18,5,1,"complement_3","target_1",5.95902096109015e-19
FingerData,R2_left_right,rotated_all,rotated_target_complement,18,5,2,"complement_3","target_2",-2.36933897526596e-15
FingerData,R2_left_right,rotated_all,rotated_target_complement,18,5,3,"complement_3","complement_1",2.19735948297721e-15
FingerData,R2_left_right,rotated_all,rotated_target_complement,18,5,4,"complement_3","complement_2",2.64424528516644e-15
FingerData,R2_left_right,rotated_all,rotated_target_complement,18,5,5,"complement_3","complement_3",0.00537801883034383
FingerData,R2_left_right,rotated_all,rotated_target_complement,18,5,6,"complement_3","complement_4",-1.38143852518085e-15
FingerData,R2_left_right,rotated_all,rotated_target_complement,18,5,7,"complement_3","complement_5",1.23656156077246e-15
FingerData,R2_left_right,rotated_all,rotated_target_complement,18,5,8,"complement_3","complement_6",1.02407463203032e-15
FingerData,R2_left_right,rotated_all,rotated_target_complement,18,5,9,"complement_3","complement_7",1.01999420225859e-15
FingerData,R2_left_right,rotated_all,rotated_target_complement,18,5,10,"complement_3","complement_8",4.84991455013413e-15
FingerData,R2_left_right,rotated_all,rotated_target_complement,18,5,11,"complement_3","complement_9",3.67327123200825e-15
FingerData,R2_left_right,rotated_all,rotated_target_complement,18,5,12,"complement_3","complement_10",6.08120394750579e-16
FingerData,R2_left_right,rotated_all,rotated_target_complement,18,5,13,"complement_3","complement_11",1.11345905827933e-15
FingerData,R2_left_right,rotated_all,rotated_target_complement,18,5,14,"complement_3","complement_12",-2.06681298824724e-15
FingerData,R2_left_right,rotated_all,rotated_target_complement,18,5,15,"complement_3","complement_13",1.117701838042e-15
FingerData,R2_left_right,rotated_all,rotated_target_complement,18,5,16,"complement_3","complement_14",4.62942627489527e-16
FingerData,R2_left_right,rotated_all,rotated_target_complement,18,5,17,"complement_3","complement_15",-1.05329209465652e-16
FingerData,R2_left_right,rotated_all,rotated_target_complement,18,5,18,"complement_3","complement_16",-2.13331693800878e-16
FingerData,R2_left_right,rotated_all,rotated_target_complement,18,6,1,"complement_4","target_1",1.69318920075959e-25
FingerData,R2_left_right,rotated_all,rotated_target_complement,18,6,2,"complement_4","target_2",-4.67642544956551e-15
FingerData,R2_left_right,rotated_all,rotated_target_complement,18,6,3,"complement_4","complement_1",-1.21933600283319e-15
FingerData,R2_left_right,rotated_all,rotated_target_complement,18,6,4,"complement_4","complement_2",1.39541006847648e-15
FingerData,R2_left_right,rotated_all,rotated_target_complement,18,6,5,"complement_4","complement_3",-1.38143852518085e-15
FingerData,R2_left_right,rotated_all,rotated_target_complement,18,6,6,"complement_4","complement_4",0.00538888793336589
FingerData,R2_left_right,rotated_all,rotated_target_complement,18,6,7,"complement_4","complement_5",-7.03091581964556e-16
FingerData,R2_left_right,rotated_all,rotated_target_complement,18,6,8,"complement_4","complement_6",-1.57093080917157e-16
FingerData,R2_left_right,rotated_all,rotated_target_complement,18,6,9,"complement_4","complement_7",7.73733769928127e-16
FingerData,R2_left_right,rotated_all,rotated_target_complement,18,6,10,"complement_4","complement_8",-2.91726352871426e-15
FingerData,R2_left_right,rotated_all,rotated_target_complement,18,6,11,"complement_4","complement_9",6.88130677938592e-16
FingerData,R2_left_right,rotated_all,rotated_target_complement,18,6,12,"complement_4","complement_10",-6.37770803067603e-16
FingerData,R2_left_right,rotated_all,rotated_target_complement,18,6,13,"complement_4","complement_11",-3.31238106918734e-16
FingerData,R2_left_right,rotated_all,rotated_target_complement,18,6,14,"complement_4","complement_12",2.37326858291682e-15
FingerData,R2_left_right,rotated_all,rotated_target_complement,18,6,15,"complement_4","complement_13",5.55169525409002e-16
FingerData,R2_left_right,rotated_all,rotated_target_complement,18,6,16,"complement_4","complement_14",-7.09395105844931e-16
FingerData,R2_left_right,rotated_all,rotated_target_complement,18,6,17,"complement_4","complement_15",6.15849344785707e-16
FingerData,R2_left_right,rotated_all,rotated_target_complement,18,6,18,"complement_4","complement_16",5.51363618480451e-16
FingerData,R2_left_right,rotated_all,rotated_target_complement,18,7,1,"complement_5","target_1",-6.24195387337141e-25
FingerData,R2_left_right,rotated_all,rotated_target_complement,18,7,2,"complement_5","target_2",3.15085000302851e-16
FingerData,R2_left_right,rotated_all,rotated_target_complement,18,7,3,"complement_5","complement_1",-1.62733490715259e-15
FingerData,R2_left_right,rotated_all,rotated_target_complement,18,7,4,"complement_5","complement_2",2.95257901759183e-15
FingerData,R2_left_right,rotated_all,rotated_target_complement,18,7,5,"complement_5","complement_3",1.23656156077246e-15
FingerData,R2_left_right,rotated_all,rotated_target_complement,18,7,6,"complement_5","complement_4",-7.03091581964556e-16
FingerData,R2_left_right,rotated_all,rotated_target_complement,18,7,7,"complement_5","complement_5",0.00536220637845242
FingerData,R2_left_right,rotated_all,rotated_target_complement,18,7,8,"complement_5","complement_6",1.22309622476151e-15
FingerData,R2_left_right,rotated_all,rotated_target_complement,18,7,9,"complement_5","complement_7",1.25518557706224e-15
FingerData,R2_left_right,rotated_all,rotated_target_complement,18,7,10,"complement_5","complement_8",2.08998270189679e-15
FingerData,R2_left_right,rotated_all,rotated_target_complement,18,7,11,"complement_5","complement_9",1.88584392758366e-15
FingerData,R2_left_right,rotated_all,rotated_target_complement,18,7,12,"complement_5","complement_10",-6.31127520561688e-16
FingerData,R2_left_right,rotated_all,rotated_target_complement,18,7,13,"complement_5","complement_11",7.00351050463921e-16
FingerData,R2_left_right,rotated_all,rotated_target_complement,18,7,14,"complement_5","complement_12",5.19413128208341e-16
FingerData,R2_left_right,rotated_all,rotated_target_complement,18,7,15,"complement_5","complement_13",-2.93731508637207e-17
FingerData,R2_left_right,rotated_all,rotated_target_complement,18,7,16,"complement_5","complement_14",3.15236397036154e-16
FingerData,R2_left_right,rotated_all,rotated_target_complement,18,7,17,"complement_5","complement_15",-8.09466773101771e-17
FingerData,R2_left_right,rotated_all,rotated_target_complement,18,7,18,"complement_5","complement_16",-1.14855481494262e-15
FingerData,R2_left_right,rotated_all,rotated_target_complement,18,8,1,"complement_6","target_1",1.1753619393008e-25
FingerData,R2_left_right,rotated_all,rotated_target_complement,18,8,2,"complement_6","target_2",3.35715056774438e-15
FingerData,R2_left_right,rotated_all,rotated_target_complement,18,8,3,"complement_6","complement_1",9.77615315630246e-16
FingerData,R2_left_right,rotated_all,rotated_target_complement,18,8,4,"complement_6","complement_2",-8.78529176439336e-15
FingerData,R2_left_right,rotated_all,rotated_target_complement,18,8,5,"complement_6","complement_3",1.02407463203032e-15
FingerData,R2_left_right,rotated_all,rotated_target_complement,18,8,6,"complement_6","complement_4",-1.57093080917157e-16
FingerData,R2_left_right,rotated_all,rotated_target_complement,18,8,7,"complement_6","complement_5",1.22309622476151e-15
FingerData,R2_left_right,rotated_all,rotated_target_complement,18,8,8,"complement_6","complement_6",0.0053736859454272
FingerData,R2_left_right,rotated_all,rotated_target_complement,18,8,9,"complement_6","complement_7",5.93616589178156e-16
FingerData,R2_left_right,rotated_all,rotated_target_complement,18,8,10,"complement_6","complement_8",-1.2344016687796e-15
FingerData,R2_left_right,rotated_all,rotated_target_complement,18,8,11,"complement_6","complement_9",-4.57350040396404e-15
FingerData,R2_left_right,rotated_all,rotated_target_complement,18,8,12,"complement_6","complement_10",3.31766242157119e-15
FingerData,R2_left_right,rotated_all,rotated_target_complement,18,8,13,"complement_6","complement_11",-1.79601282335442e-15
FingerData,R2_left_right,rotated_all,rotated_target_complement,18,8,14,"complement_6","complement_12",1.10262862317723e-15
FingerData,R2_left_right,rotated_all,rotated_target_complement,18,8,15,"complement_6","complement_13",1.30232922625934e-15
FingerData,R2_left_right,rotated_all,rotated_target_complement,18,8,16,"complement_6","complement_14",-1.25766426565646e-15
FingerData,R2_left_right,rotated_all,rotated_target_complement,18,8,17,"complement_6","complement_15",-3.87329697852072e-16
FingerData,R2_left_right,rotated_all,rotated_target_complement,18,8,18,"complement_6","complement_16",1.20718122230523e-15
FingerData,R2_left_right,rotated_all,rotated_target_complement,18,9,1,"complement_7","target_1",3.84425430009692e-25
FingerData,R2_left_right,rotated_all,rotated_target_complement,18,9,2,"complement_7","target_2",-1.56550541365334e-15
FingerData,R2_left_right,rotated_all,rotated_target_complement,18,9,3,"complement_7","complement_1",-6.11478048646709e-16
FingerData,R2_left_right,rotated_all,rotated_target_complement,18,9,4,"complement_7","complement_2",2.4500633347555e-15
FingerData,R2_left_right,rotated_all,rotated_target_complement,18,9,5,"complement_7","complement_3",1.01999420225859e-15
FingerData,R2_left_right,rotated_all,rotated_target_complement,18,9,6,"complement_7","complement_4",7.73733769928127e-16
FingerData,R2_left_right,rotated_all,rotated_target_complement,18,9,7,"complement_7","complement_5",1.25518557706224e-15
FingerData,R2_left_right,rotated_all,rotated_target_complement,18,9,8,"complement_7","complement_6",5.93616589178156e-16
FingerData,R2_left_right,rotated_all,rotated_target_complement,18,9,9,"complement_7","complement_7",0.00536068560576286
FingerData,R2_left_right,rotated_all,rotated_target_complement,18,9,10,"complement_7","complement_8",6.0113008763428e-15
FingerData,R2_left_right,rotated_all,rotated_target_complement,18,9,11,"complement_7","complement_9",-1.74002643364117e-15
FingerData,R2_left_right,rotated_all,rotated_target_complement,18,9,12,"complement_7","complement_10",2.6802763849158e-16
FingerData,R2_left_right,rotated_all,rotated_target_complement,18,9,13,"complement_7","complement_11",3.29153039754698e-15
FingerData,R2_left_right,rotated_all,rotated_target_complement,18,9,14,"complement_7","complement_12",-1.34572571128357e-16
FingerData,R2_left_right,rotated_all,rotated_target_complement,18,9,15,"complement_7","complement_13",-2.19906324234954e-17
FingerData,R2_left_right,rotated_all,rotated_target_complement,18,9,16,"complement_7","complement_14",-7.76511444432117e-16
FingerData,R2_left_right,rotated_all,rotated_target_complement,18,9,17,"complement_7","complement_15",-1.14744944938308e-15
FingerData,R2_left_right,rotated_all,rotated_target_complement,18,9,18,"complement_7","complement_16",1.61281320434822e-15
FingerData,R2_left_right,rotated_all,rotated_target_complement,18,10,1,"complement_8","target_1",-5.34322078546336e-25
FingerData,R2_left_right,rotated_all,rotated_target_complement,18,10,2,"complement_8","target_2",-4.70492539296891e-15
FingerData,R2_left_right,rotated_all,rotated_target_complement,18,10,3,"complement_8","complement_1",2.96572926450701e-15
FingerData,R2_left_right,rotated_all,rotated_target_complement,18,10,4,"complement_8","complement_2",-1.04882621510711e-14
FingerData,R2_left_right,rotated_all,rotated_target_complement,18,10,5,"complement_8","complement_3",4.84991455013413e-15
FingerData,R2_left_right,rotated_all,rotated_target_complement,18,10,6,"complement_8","complement_4",-2.91726352871426e-15
FingerData,R2_left_right,rotated_all,rotated_target_complement,18,10,7,"complement_8","complement_5",2.08998270189679e-15
FingerData,R2_left_right,rotated_all,rotated_target_complement,18,10,8,"complement_8","complement_6",-1.2344016687796e-15
FingerData,R2_left_right,rotated_all,rotated_target_complement,18,10,9,"complement_8","complement_7",6.0113008763428e-15
FingerData,R2_left_right,rotated_all,rotated_target_complement,18,10,10,"complement_8","complement_8",0.00536509701163368
FingerData,R2_left_right,rotated_all,rotated_target_complement,18,10,11,"complement_8","complement_9",6.8628155958622e-16
FingerData,R2_left_right,rotated_all,rotated_target_complement,18,10,12,"complement_8","complement_10",-7.20697596584549e-15
FingerData,R2_left_right,rotated_all,rotated_target_complement,18,10,13,"complement_8","complement_11",1.16818377696299e-15
FingerData,R2_left_right,rotated_all,rotated_target_complement,18,10,14,"complement_8","complement_12",-9.06219060352346e-15
FingerData,R2_left_right,rotated_all,rotated_target_complement,18,10,15,"complement_8","complement_13",2.4779333889923e-16
FingerData,R2_left_right,rotated_all,rotated_target_complement,18,10,16,"complement_8","complement_14",-2.15288834426001e-15
FingerData,R2_left_right,rotated_all,rotated_target_complement,18,10,17,"complement_8","complement_15",1.95136256703719e-15
FingerData,R2_left_right,rotated_all,rotated_target_complement,18,10,18,"complement_8","complement_16",-1.65800849912488e-15
FingerData,R2_left_right,rotated_all,rotated_target_complement,18,11,1,"complement_9","target_1",5.9590170751506e-19
FingerData,R2_left_right,rotated_all,rotated_target_complement,18,11,2,"complement_9","target_2",2.18305689717105e-15
FingerData,R2_left_right,rotated_all,rotated_target_complement,18,11,3,"complement_9","complement_1",-6.59273652009563e-16
FingerData,R2_left_right,rotated_all,rotated_target_complement,18,11,4,"complement_9","complement_2",-1.44817917209313e-15
FingerData,R2_left_right,rotated_all,rotated_target_complement,18,11,5,"complement_9","complement_3",3.67327123200825e-15
FingerData,R2_left_right,rotated_all,rotated_target_complement,18,11,6,"complement_9","complement_4",6.88130677938592e-16
FingerData,R2_left_right,rotated_all,rotated_target_complement,18,11,7,"complement_9","complement_5",1.88584392758366e-15
FingerData,R2_left_right,rotated_all,rotated_target_complement,18,11,8,"complement_9","complement_6",-4.57350040396404e-15
FingerData,R2_left_right,rotated_all,rotated_target_complement,18,11,9,"complement_9","complement_7",-1.74002643364117e-15
FingerData,R2_left_right,rotated_all,rotated_target_complement,18,11,10,"complement_9","complement_8",6.8628155958622e-16
FingerData,R2_left_right,rotated_all,rotated_target_complement,18,11,11,"complement_9","complement_9",0.00537142921262657
FingerData,R2_left_right,rotated_all,rotated_target_complement,18,11,12,"complement_9","complement_10",6.72603554246046e-16
FingerData,R2_left_right,rotated_all,rotated_target_complement,18,11,13,"complement_9","complement_11",9.33011184383124e-16
FingerData,R2_left_right,rotated_all,rotated_target_complement,18,11,14,"complement_9","complement_12",-2.50559202977769e-15
FingerData,R2_left_right,rotated_all,rotated_target_complement,18,11,15,"complement_9","complement_13",-2.51042956633738e-16
FingerData,R2_left_right,rotated_all,rotated_target_complement,18,11,16,"complement_9","complement_14",7.4480365856879e-16
FingerData,R2_left_right,rotated_all,rotated_target_complement,18,11,17,"complement_9","complement_15",1.29007044508736e-15
FingerData,R2_left_right,rotated_all,rotated_target_complement,18,11,18,"complement_9","complement_16",7.21379324713583e-16
FingerData,R2_left_right,rotated_all,rotated_target_complement,18,12,1,"complement_10","target_1",-8.86030171783664e-25
FingerData,R2_left_right,rotated_all,rotated_target_complement,18,12,2,"complement_10","target_2",-2.32270305190397e-15
FingerData,R2_left_right,rotated_all,rotated_target_complement,18,12,3,"complement_10","complement_1",1.52807791894809e-15
FingerData,R2_left_right,rotated_all,rotated_target_complement,18,12,4,"complement_10","complement_2",-9.327229547177e-16
FingerData,R2_left_right,rotated_all,rotated_target_complement,18,12,5,"complement_10","complement_3",6.08120394750579e-16
FingerData,R2_left_right,rotated_all,rotated_target_complement,18,12,6,"complement_10","complement_4",-6.37770803067603e-16
FingerData,R2_left_right,rotated_all,rotated_target_complement,18,12,7,"complement_10","complement_5",-6.31127520561688e-16
FingerData,R2_left_right,rotated_all,rotated_target_complement,18,12,8,"complement_10","complement_6",3.31766242157119e-15
FingerData,R2_left_right,rotated_all,rotated_target_complement,18,12,9,"complement_10","complement_7",2.6802763849158e-16
FingerData,R2_left_right,rotated_all,rotated_target_complement,18,12,10,"complement_10","complement_8",-7.20697596584549e-15
FingerData,R2_left_right,rotated_all,rotated_target_complement,18,12,11,"complement_10","complement_9",6.72603554246046e-16
FingerData,R2_left_right,rotated_all,rotated_target_complement,18,12,12,"complement_10","complement_10",0.00537009944865208
FingerData,R2_left_right,rotated_all,rotated_target_complement,18,12,13,"complement_10","complement_11",1.23463883971651e-15
FingerData,R2_left_right,rotated_all,rotated_target_complement,18,12,14,"complement_10","complement_12",-3.33861449833149e-16
FingerData,R2_left_right,rotated_all,rotated_target_complement,18,12,15,"complement_10","complement_13",1.32418703040198e-15
FingerData,R2_left_right,rotated_all,rotated_target_complement,18,12,16,"complement_10","complement_14",7.35748429767901e-16
FingerData,R2_left_right,rotated_all,rotated_target_complement,18,12,17,"complement_10","complement_15",-8.25296006767889e-16
FingerData,R2_left_right,rotated_all,rotated_target_complement,18,12,18,"complement_10","complement_16",5.77495789501528e-16
FingerData,R2_left_right,rotated_all,rotated_target_complement,18,13,1,"complement_11","target_1",-5.67617692947371e-26
FingerData,R2_left_right,rotated_all,rotated_target_complement,18,13,2,"complement_11","target_2",-1.36761007740139e-15
FingerData,R2_left_right,rotated_all,rotated_target_complement,18,13,3,"complement_11","complement_1",2.02225194736123e-16
FingerData,R2_left_right,rotated_all,rotated_target_complement,18,13,4,"complement_11","complement_2",1.87523103085472e-16
FingerData,R2_left_right,rotated_all,rotated_target_complement,18,13,5,"complement_11","complement_3",1.11345905827933e-15
FingerData,R2_left_right,rotated_all,rotated_target_complement,18,13,6,"complement_11","complement_4",-3.31238106918734e-16
FingerData,R2_left_right,rotated_all,rotated_target_complement,18,13,7,"complement_11","complement_5",7.00351050463921e-16
FingerData,R2_left_right,rotated_all,rotated_target_complement,18,13,8,"complement_11","complement_6",-1.79601282335442e-15
FingerData,R2_left_right,rotated_all,rotated_target_complement,18,13,9,"complement_11","complement_7",3.29153039754698e-15
FingerData,R2_left_right,rotated_all,rotated_target_complement,18,13,10,"complement_11","complement_8",1.16818377696299e-15
FingerData,R2_left_right,rotated_all,rotated_target_complement,18,13,11,"complement_11","complement_9",9.33011184383124e-16
FingerData,R2_left_right,rotated_all,rotated_target_complement,18,13,12,"complement_11","complement_10",1.23463883971651e-15
FingerData,R2_left_right,rotated_all,rotated_target_complement,18,13,13,"complement_11","complement_11",0.00536731508193977
FingerData,R2_left_right,rotated_all,rotated_target_complement,18,13,14,"complement_11","complement_12",-4.34447778551762e-15
FingerData,R2_left_right,rotated_all,rotated_target_complement,18,13,15,"complement_11","complement_13",-4.02253174581249e-15
FingerData,R2_left_right,rotated_all,rotated_target_complement,18,13,16,"complement_11","complement_14",-2.78265683879951e-15
FingerData,R2_left_right,rotated_all,rotated_target_complement,18,13,17,"complement_11","complement_15",-2.79832722916081e-15
FingerData,R2_left_right,rotated_all,rotated_target_complement,18,13,18,"complement_11","complement_16",2.01480608577267e-16
FingerData,R2_left_right,rotated_all,rotated_target_complement,18,14,1,"complement_12","target_1",4.96143425220252e-26
FingerData,R2_left_right,rotated_all,rotated_target_complement,18,14,2,"complement_12","target_2",1.57617466948357e-15
FingerData,R2_left_right,rotated_all,rotated_target_complement,18,14,3,"complement_12","complement_1",-1.28990050130426e-15
FingerData,R2_left_right,rotated_all,rotated_target_complement,18,14,4,"complement_12","complement_2",9.94890710033613e-16
FingerData,R2_left_right,rotated_all,rotated_target_complement,18,14,5,"complement_12","complement_3",-2.06681298824724e-15
FingerData,R2_left_right,rotated_all,rotated_target_complement,18,14,6,"complement_12","complement_4",2.37326858291682e-15
FingerData,R2_left_right,rotated_all,rotated_target_complement,18,14,7,"complement_12","complement_5",5.19413128208341e-16
FingerData,R2_left_right,rotated_all,rotated_target_complement,18,14,8,"complement_12","complement_6",1.10262862317723e-15
FingerData,R2_left_right,rotated_all,rotated_target_complement,18,14,9,"complement_12","complement_7",-1.34572571128357e-16
FingerData,R2_left_right,rotated_all,rotated_target_complement,18,14,10,"complement_12","complement_8",-9.06219060352346e-15
FingerData,R2_left_right,rotated_all,rotated_target_complement,18,14,11,"complement_12","complement_9",-2.50559202977769e-15
FingerData,R2_left_right,rotated_all,rotated_target_complement,18,14,12,"complement_12","complement_10",-3.33861449833149e-16
FingerData,R2_left_right,rotated_all,rotated_target_complement,18,14,13,"complement_12","complement_11",-4.34447778551762e-15
FingerData,R2_left_right,rotated_all,rotated_target_complement,18,14,14,"complement_12","complement_12",0.00536533817601459
FingerData,R2_left_right,rotated_all,rotated_target_complement,18,14,15,"complement_12","complement_13",-2.33619655142076e-15
FingerData,R2_left_right,rotated_all,rotated_target_complement,18,14,16,"complement_12","complement_14",-2.4132550847909e-15
FingerData,R2_left_right,rotated_all,rotated_target_complement,18,14,17,"complement_12","complement_15",3.41904451116106e-15
FingerData,R2_left_right,rotated_all,rotated_target_complement,18,14,18,"complement_12","complement_16",1.39199482505183e-16
FingerData,R2_left_right,rotated_all,rotated_target_complement,18,15,1,"complement_13","target_1",-7.87550900826501e-25
FingerData,R2_left_right,rotated_all,rotated_target_complement,18,15,2,"complement_13","target_2",-4.65803753157858e-16
FingerData,R2_left_right,rotated_all,rotated_target_complement,18,15,3,"complement_13","complement_1",-4.89153785977701e-16
FingerData,R2_left_right,rotated_all,rotated_target_complement,18,15,4,"complement_13","complement_2",-4.53199649719132e-16
FingerData,R2_left_right,rotated_all,rotated_target_complement,18,15,5,"complement_13","complement_3",1.117701838042e-15
FingerData,R2_left_right,rotated_all,rotated_target_complement,18,15,6,"complement_13","complement_4",5.55169525409002e-16
FingerData,R2_left_right,rotated_all,rotated_target_complement,18,15,7,"complement_13","complement_5",-2.93731508637207e-17
FingerData,R2_left_right,rotated_all,rotated_target_complement,18,15,8,"complement_13","complement_6",1.30232922625934e-15
FingerData,R2_left_right,rotated_all,rotated_target_complement,18,15,9,"complement_13","complement_7",-2.19906324234954e-17
FingerData,R2_left_right,rotated_all,rotated_target_complement,18,15,10,"complement_13","complement_8",2.4779333889923e-16
FingerData,R2_left_right,rotated_all,rotated_target_complement,18,15,11,"complement_13","complement_9",-2.51042956633738e-16
FingerData,R2_left_right,rotated_all,rotated_target_complement,18,15,12,"complement_13","complement_10",1.32418703040198e-15
FingerData,R2_left_right,rotated_all,rotated_target_complement,18,15,13,"complement_13","complement_11",-4.02253174581249e-15
FingerData,R2_left_right,rotated_all,rotated_target_complement,18,15,14,"complement_13","complement_12",-2.33619655142076e-15
FingerData,R2_left_right,rotated_all,rotated_target_complement,18,15,15,"complement_13","complement_13",0.00536663904377832
FingerData,R2_left_right,rotated_all,rotated_target_complement,18,15,16,"complement_13","complement_14",-6.24408479113631e-15
FingerData,R2_left_right,rotated_all,rotated_target_complement,18,15,17,"complement_13","complement_15",-2.29086927480877e-16
FingerData,R2_left_right,rotated_all,rotated_target_complement,18,15,18,"complement_13","complement_16",-4.06782371069212e-17
FingerData,R2_left_right,rotated_all,rotated_target_complement,18,16,1,"complement_14","target_1",2.07604120511208e-24
FingerData,R2_left_right,rotated_all,rotated_target_complement,18,16,2,"complement_14","target_2",-5.04034089714998e-16
FingerData,R2_left_right,rotated_all,rotated_target_complement,18,16,3,"complement_14","complement_1",5.69772817036604e-16
FingerData,R2_left_right,rotated_all,rotated_target_complement,18,16,4,"complement_14","complement_2",9.99709330922124e-16
FingerData,R2_left_right,rotated_all,rotated_target_complement,18,16,5,"complement_14","complement_3",4.62942627489527e-16
FingerData,R2_left_right,rotated_all,rotated_target_complement,18,16,6,"complement_14","complement_4",-7.09395105844931e-16
FingerData,R2_left_right,rotated_all,rotated_target_complement,18,16,7,"complement_14","complement_5",3.15236397036154e-16
FingerData,R2_left_right,rotated_all,rotated_target_complement,18,16,8,"complement_14","complement_6",-1.25766426565646e-15
FingerData,R2_left_right,rotated_all,rotated_target_complement,18,16,9,"complement_14","complement_7",-7.76511444432117e-16
FingerData,R2_left_right,rotated_all,rotated_target_complement,18,16,10,"complement_14","complement_8",-2.15288834426001e-15
FingerData,R2_left_right,rotated_all,rotated_target_complement,18,16,11,"complement_14","complement_9",7.4480365856879e-16
FingerData,R2_left_right,rotated_all,rotated_target_complement,18,16,12,"complement_14","complement_10",7.35748429767901e-16
FingerData,R2_left_right,rotated_all,rotated_target_complement,18,16,13,"complement_14","complement_11",-2.78265683879951e-15
FingerData,R2_left_right,rotated_all,rotated_target_complement,18,16,14,"complement_14","complement_12",-2.4132550847909e-15
FingerData,R2_left_right,rotated_all,rotated_target_complement,18,16,15,"complement_14","complement_13",-6.24408479113631e-15
FingerData,R2_left_right,rotated_all,rotated_target_complement,18,16,16,"complement_14","complement_14",0.00535866644809069
FingerData,R2_left_right,rotated_all,rotated_target_complement,18,16,17,"complement_14","complement_15",1.85478545118726e-15
FingerData,R2_left_right,rotated_all,rotated_target_complement,18,16,18,"complement_14","complement_16",2.37953247234831e-17
FingerData,R2_left_right,rotated_all,rotated_target_complement,18,17,1,"complement_15","target_1",-1.19180251177038e-18
FingerData,R2_left_right,rotated_all,rotated_target_complement,18,17,2,"complement_15","target_2",-4.98011642448556e-15
FingerData,R2_left_right,rotated_all,rotated_target_complement,18,17,3,"complement_15","complement_1",1.26412109680162e-15
FingerData,R2_left_right,rotated_all,rotated_target_complement,18,17,4,"complement_15","complement_2",9.87072316397532e-16
FingerData,R2_left_right,rotated_all,rotated_target_complement,18,17,5,"complement_15","complement_3",-1.05329209465652e-16
FingerData,R2_left_right,rotated_all,rotated_target_complement,18,17,6,"complement_15","complement_4",6.15849344785707e-16
FingerData,R2_left_right,rotated_all,rotated_target_complement,18,17,7,"complement_15","complement_5",-8.09466773101771e-17
FingerData,R2_left_right,rotated_all,rotated_target_complement,18,17,8,"complement_15","complement_6",-3.87329697852072e-16
FingerData,R2_left_right,rotated_all,rotated_target_complement,18,17,9,"complement_15","complement_7",-1.14744944938308e-15
FingerData,R2_left_right,rotated_all,rotated_target_complement,18,17,10,"complement_15","complement_8",1.95136256703719e-15
FingerData,R2_left_right,rotated_all,rotated_target_complement,18,17,11,"complement_15","complement_9",1.29007044508736e-15
FingerData,R2_left_right,rotated_all,rotated_target_complement,18,17,12,"complement_15","complement_10",-8.25296006767889e-16
FingerData,R2_left_right,rotated_all,rotated_target_complement,18,17,13,"complement_15","complement_11",-2.79832722916081e-15
FingerData,R2_left_right,rotated_all,rotated_target_complement,18,17,14,"complement_15","complement_12",3.41904451116106e-15
FingerData,R2_left_right,rotated_all,rotated_target_complement,18,17,15,"complement_15","complement_13",-2.29086927480877e-16
FingerData,R2_left_right,rotated_all,rotated_target_complement,18,17,16,"complement_15","complement_14",1.85478545118726e-15
FingerData,R2_left_right,rotated_all,rotated_target_complement,18,17,17,"complement_15","complement_15",0.0053737779283809
FingerData,R2_left_right,rotated_all,rotated_target_complement,18,17,18,"complement_15","complement_16",8.70762001703653e-17
FingerData,R2_left_right,rotated_all,rotated_target_complement,18,18,1,"complement_16","target_1",1.23874475877296e-31
FingerData,R2_left_right,rotated_all,rotated_target_complement,18,18,2,"complement_16","target_2",-2.73563726973225e-16
FingerData,R2_left_right,rotated_all,rotated_target_complement,18,18,3,"complement_16","complement_1",1.02284444669634e-15
FingerData,R2_left_right,rotated_all,rotated_target_complement,18,18,4,"complement_16","complement_2",-1.46180606924519e-16
FingerData,R2_left_right,rotated_all,rotated_target_complement,18,18,5,"complement_16","complement_3",-2.13331693800878e-16
FingerData,R2_left_right,rotated_all,rotated_target_complement,18,18,6,"complement_16","complement_4",5.51363618480451e-16
FingerData,R2_left_right,rotated_all,rotated_target_complement,18,18,7,"complement_16","complement_5",-1.14855481494262e-15
FingerData,R2_left_right,rotated_all,rotated_target_complement,18,18,8,"complement_16","complement_6",1.20718122230523e-15
FingerData,R2_left_right,rotated_all,rotated_target_complement,18,18,9,"complement_16","complement_7",1.61281320434822e-15
FingerData,R2_left_right,rotated_all,rotated_target_complement,18,18,10,"complement_16","complement_8",-1.65800849912488e-15
FingerData,R2_left_right,rotated_all,rotated_target_complement,18,18,11,"complement_16","complement_9",7.21379324713583e-16
FingerData,R2_left_right,rotated_all,rotated_target_complement,18,18,12,"complement_16","complement_10",5.77495789501528e-16
FingerData,R2_left_right,rotated_all,rotated_target_complement,18,18,13,"complement_16","complement_11",2.01480608577267e-16
FingerData,R2_left_right,rotated_all,rotated_target_complement,18,18,14,"complement_16","complement_12",1.39199482505183e-16
FingerData,R2_left_right,rotated_all,rotated_target_complement,18,18,15,"complement_16","complement_13",-4.06782371069212e-17
FingerData,R2_left_right,rotated_all,rotated_target_complement,18,18,16,"complement_16","complement_14",2.37953247234831e-17
FingerData,R2_left_right,rotated_all,rotated_target_complement,18,18,17,"complement_16","complement_15",8.70762001703653e-17
FingerData,R2_left_right,rotated_all,rotated_target_complement,18,18,18,"complement_16","complement_16",0.0053609921115525
FingerData,R2_left_right,rotated_targetwise_plus_nuisance,rotated_target_complement,18,1,1,"target_1","target_1",0.00537261086061314
FingerData,R2_left_right,rotated_targetwise_plus_nuisance,rotated_target_complement,18,1,2,"target_1","target_2",6.62194788855682e-17
FingerData,R2_left_right,rotated_targetwise_plus_nuisance,rotated_target_complement,18,1,3,"target_1","complement_1",4.08600810041139e-17
FingerData,R2_left_right,rotated_targetwise_plus_nuisance,rotated_target_complement,18,1,4,"target_1","complement_2",1.01459786045653e-16
FingerData,R2_left_right,rotated_targetwise_plus_nuisance,rotated_target_complement,18,1,5,"target_1","complement_3",-1.24898891547198e-17
FingerData,R2_left_right,rotated_targetwise_plus_nuisance,rotated_target_complement,18,1,6,"target_1","complement_4",-1.3438302585539e-16
FingerData,R2_left_right,rotated_targetwise_plus_nuisance,rotated_target_complement,18,1,7,"target_1","complement_5",3.64103664521797e-17
FingerData,R2_left_right,rotated_targetwise_plus_nuisance,rotated_target_complement,18,1,8,"target_1","complement_6",5.72192335112062e-17
FingerData,R2_left_right,rotated_targetwise_plus_nuisance,rotated_target_complement,18,1,9,"target_1","complement_7",-3.28467179381787e-18
FingerData,R2_left_right,rotated_targetwise_plus_nuisance,rotated_target_complement,18,1,10,"target_1","complement_8",1.80612495677202e-17
FingerData,R2_left_right,rotated_targetwise_plus_nuisance,rotated_target_complement,18,1,11,"target_1","complement_9",6.12693593432207e-17
FingerData,R2_left_right,rotated_targetwise_plus_nuisance,rotated_target_complement,18,1,12,"target_1","complement_10",3.51437256788559e-17
FingerData,R2_left_right,rotated_targetwise_plus_nuisance,rotated_target_complement,18,1,13,"target_1","complement_11",3.49241065358113e-17
FingerData,R2_left_right,rotated_targetwise_plus_nuisance,rotated_target_complement,18,1,14,"target_1","complement_12",1.4249715338617e-16
FingerData,R2_left_right,rotated_targetwise_plus_nuisance,rotated_target_complement,18,1,15,"target_1","complement_13",2.03119842045609e-17
FingerData,R2_left_right,rotated_targetwise_plus_nuisance,rotated_target_complement,18,1,16,"target_1","complement_14",-3.68990166927873e-17
FingerData,R2_left_right,rotated_targetwise_plus_nuisance,rotated_target_complement,18,1,17,"target_1","complement_15",5.998200073922e-17
FingerData,R2_left_right,rotated_targetwise_plus_nuisance,rotated_target_complement,18,1,18,"target_1","complement_16",-1.25877783459154e-17
FingerData,R2_left_right,rotated_targetwise_plus_nuisance,rotated_target_complement,18,2,1,"target_2","target_1",6.62194788855682e-17
FingerData,R2_left_right,rotated_targetwise_plus_nuisance,rotated_target_complement,18,2,2,"target_2","target_2",0.00538017553611159
FingerData,R2_left_right,rotated_targetwise_plus_nuisance,rotated_target_complement,18,2,3,"target_2","complement_1",-1.44049632210466e-15
FingerData,R2_left_right,rotated_targetwise_plus_nuisance,rotated_target_complement,18,2,4,"target_2","complement_2",8.91907317296863e-16
FingerData,R2_left_right,rotated_targetwise_plus_nuisance,rotated_target_complement,18,2,5,"target_2","complement_3",-2.05186961671801e-15
FingerData,R2_left_right,rotated_targetwise_plus_nuisance,rotated_target_complement,18,2,6,"target_2","complement_4",-1.44421102547258e-15
FingerData,R2_left_right,rotated_targetwise_plus_nuisance,rotated_target_complement,18,2,7,"target_2","complement_5",5.73314878994495e-17
FingerData,R2_left_right,rotated_targetwise_plus_nuisance,rotated_target_complement,18,2,8,"target_2","complement_6",-5.85271672633616e-17
FingerData,R2_left_right,rotated_targetwise_plus_nuisance,rotated_target_complement,18,2,9,"target_2","complement_7",-3.981585733624e-16
FingerData,R2_left_right,rotated_targetwise_plus_nuisance,rotated_target_complement,18,2,10,"target_2","complement_8",5.85274243811785e-16
FingerData,R2_left_right,rotated_targetwise_plus_nuisance,rotated_target_complement,18,2,11,"target_2","complement_9",1.07847849472426e-15
FingerData,R2_left_right,rotated_targetwise_plus_nuisance,rotated_target_complement,18,2,12,"target_2","complement_10",-8.95243088495302e-16
FingerData,R2_left_right,rotated_targetwise_plus_nuisance,rotated_target_complement,18,2,13,"target_2","complement_11",3.08997781967273e-16
FingerData,R2_left_right,rotated_targetwise_plus_nuisance,rotated_target_complement,18,2,14,"target_2","complement_12",-1.32670204963566e-16
FingerData,R2_left_right,rotated_targetwise_plus_nuisance,rotated_target_complement,18,2,15,"target_2","complement_13",7.79997510168694e-17
FingerData,R2_left_right,rotated_targetwise_plus_nuisance,rotated_target_complement,18,2,16,"target_2","complement_14",-1.8823606627956e-15
FingerData,R2_left_right,rotated_targetwise_plus_nuisance,rotated_target_complement,18,2,17,"target_2","complement_15",-2.90212004121767e-15
FingerData,R2_left_right,rotated_targetwise_plus_nuisance,rotated_target_complement,18,2,18,"target_2","complement_16",9.54896050732917e-17
FingerData,R2_left_right,rotated_targetwise_plus_nuisance,rotated_target_complement,18,3,1,"complement_1","target_1",4.08600810041139e-17
FingerData,R2_left_right,rotated_targetwise_plus_nuisance,rotated_target_complement,18,3,2,"complement_1","target_2",-1.44049632210466e-15
FingerData,R2_left_right,rotated_targetwise_plus_nuisance,rotated_target_complement,18,3,3,"complement_1","complement_1",0.00536753236451259
FingerData,R2_left_right,rotated_targetwise_plus_nuisance,rotated_target_complement,18,3,4,"complement_1","complement_2",2.89373716747211e-16
FingerData,R2_left_right,rotated_targetwise_plus_nuisance,rotated_target_complement,18,3,5,"complement_1","complement_3",1.09090223716893e-15
FingerData,R2_left_right,rotated_targetwise_plus_nuisance,rotated_target_complement,18,3,6,"complement_1","complement_4",-3.90395259131695e-16
FingerData,R2_left_right,rotated_targetwise_plus_nuisance,rotated_target_complement,18,3,7,"complement_1","complement_5",4.28619516382663e-16
FingerData,R2_left_right,rotated_targetwise_plus_nuisance,rotated_target_complement,18,3,8,"complement_1","complement_6",9.00151392255674e-16
FingerData,R2_left_right,rotated_targetwise_plus_nuisance,rotated_target_complement,18,3,9,"complement_1","complement_7",1.97069170442044e-16
FingerData,R2_left_right,rotated_targetwise_plus_nuisance,rotated_target_complement,18,3,10,"complement_1","complement_8",6.39127157280533e-17
FingerData,R2_left_right,rotated_targetwise_plus_nuisance,rotated_target_complement,18,3,11,"complement_1","complement_9",2.09741894386648e-16
FingerData,R2_left_right,rotated_targetwise_plus_nuisance,rotated_target_complement,18,3,12,"complement_1","complement_10",-4.01425096375127e-16
FingerData,R2_left_right,rotated_targetwise_plus_nuisance,rotated_target_complement,18,3,13,"complement_1","complement_11",-2.51969446176455e-16
FingerData,R2_left_right,rotated_targetwise_plus_nuisance,rotated_target_complement,18,3,14,"complement_1","complement_12",-1.2748542611499e-16
FingerData,R2_left_right,rotated_targetwise_plus_nuisance,rotated_target_complement,18,3,15,"complement_1","complement_13",2.02457262362075e-16
FingerData,R2_left_right,rotated_targetwise_plus_nuisance,rotated_target_complement,18,3,16,"complement_1","complement_14",2.03244596290414e-16
FingerData,R2_left_right,rotated_targetwise_plus_nuisance,rotated_target_complement,18,3,17,"complement_1","complement_15",6.91694875377174e-16
FingerData,R2_left_right,rotated_targetwise_plus_nuisance,rotated_target_complement,18,3,18,"complement_1","complement_16",1.61179688210231e-16
FingerData,R2_left_right,rotated_targetwise_plus_nuisance,rotated_target_complement,18,4,1,"complement_2","target_1",1.01459786045653e-16
FingerData,R2_left_right,rotated_targetwise_plus_nuisance,rotated_target_complement,18,4,2,"complement_2","target_2",8.91907317296863e-16
FingerData,R2_left_right,rotated_targetwise_plus_nuisance,rotated_target_complement,18,4,3,"complement_2","complement_1",2.89373716747211e-16
FingerData,R2_left_right,rotated_targetwise_plus_nuisance,rotated_target_complement,18,4,4,"complement_2","complement_2",0.00536753236450949
FingerData,R2_left_right,rotated_targetwise_plus_nuisance,rotated_target_complement,18,4,5,"complement_2","complement_3",7.39775965741611e-16
FingerData,R2_left_right,rotated_targetwise_plus_nuisance,rotated_target_complement,18,4,6,"complement_2","complement_4",3.35040337262588e-16
FingerData,R2_left_right,rotated_targetwise_plus_nuisance,rotated_target_complement,18,4,7,"complement_2","complement_5",3.66189115901698e-16
FingerData,R2_left_right,rotated_targetwise_plus_nuisance,rotated_target_complement,18,4,8,"complement_2","complement_6",-1.12495075482249e-15
FingerData,R2_left_right,rotated_targetwise_plus_nuisance,rotated_target_complement,18,4,9,"complement_2","complement_7",5.36651706862041e-16
FingerData,R2_left_right,rotated_targetwise_plus_nuisance,rotated_target_complement,18,4,10,"complement_2","complement_8",7.04345995244563e-16
FingerData,R2_left_right,rotated_targetwise_plus_nuisance,rotated_target_complement,18,4,11,"complement_2","complement_9",7.5260960154776e-16
FingerData,R2_left_right,rotated_targetwise_plus_nuisance,rotated_target_complement,18,4,12,"complement_2","complement_10",9.8215589002457e-17
FingerData,R2_left_right,rotated_targetwise_plus_nuisance,rotated_target_complement,18,4,13,"complement_2","complement_11",-9.26728908072236e-16
FingerData,R2_left_right,rotated_targetwise_plus_nuisance,rotated_target_complement,18,4,14,"complement_2","complement_12",9.38233722118321e-16
FingerData,R2_left_right,rotated_targetwise_plus_nuisance,rotated_target_complement,18,4,15,"complement_2","complement_13",-3.62572293584973e-16
FingerData,R2_left_right,rotated_targetwise_plus_nuisance,rotated_target_complement,18,4,16,"complement_2","complement_14",5.31461923179232e-16
FingerData,R2_left_right,rotated_targetwise_plus_nuisance,rotated_target_complement,18,4,17,"complement_2","complement_15",1.01727400988878e-16
FingerData,R2_left_right,rotated_targetwise_plus_nuisance,rotated_target_complement,18,4,18,"complement_2","complement_16",1.64732887178045e-16
FingerData,R2_left_right,rotated_targetwise_plus_nuisance,rotated_target_complement,18,5,1,"complement_3","target_1",-1.24898891547198e-17
FingerData,R2_left_right,rotated_targetwise_plus_nuisance,rotated_target_complement,18,5,2,"complement_3","target_2",-2.05186961671801e-15
FingerData,R2_left_right,rotated_targetwise_plus_nuisance,rotated_target_complement,18,5,3,"complement_3","complement_1",1.09090223716893e-15
FingerData,R2_left_right,rotated_targetwise_plus_nuisance,rotated_target_complement,18,5,4,"complement_3","complement_2",7.39775965741611e-16
FingerData,R2_left_right,rotated_targetwise_plus_nuisance,rotated_target_complement,18,5,5,"complement_3","complement_3",0.00536753236451082
FingerData,R2_left_right,rotated_targetwise_plus_nuisance,rotated_target_complement,18,5,6,"complement_3","complement_4",-5.17389109637796e-16
FingerData,R2_left_right,rotated_targetwise_plus_nuisance,rotated_target_complement,18,5,7,"complement_3","complement_5",4.69614329028378e-18
FingerData,R2_left_right,rotated_targetwise_plus_nuisance,rotated_target_complement,18,5,8,"complement_3","complement_6",-2.98036488787023e-17
FingerData,R2_left_right,rotated_targetwise_plus_nuisance,rotated_target_complement,18,5,9,"complement_3","complement_7",2.20506678400432e-16
FingerData,R2_left_right,rotated_targetwise_plus_nuisance,rotated_target_complement,18,5,10,"complement_3","complement_8",-3.00548055309919e-16
FingerData,R2_left_right,rotated_targetwise_plus_nuisance,rotated_target_complement,18,5,11,"complement_3","complement_9",1.58320235300033e-15
FingerData,R2_left_right,rotated_targetwise_plus_nuisance,rotated_target_complement,18,5,12,"complement_3","complement_10",-7.20974883969166e-16
FingerData,R2_left_right,rotated_targetwise_plus_nuisance,rotated_target_complement,18,5,13,"complement_3","complement_11",-6.27816346966155e-16
FingerData,R2_left_right,rotated_targetwise_plus_nuisance,rotated_target_complement,18,5,14,"complement_3","complement_12",-2.94009705857023e-16
FingerData,R2_left_right,rotated_targetwise_plus_nuisance,rotated_target_complement,18,5,15,"complement_3","complement_13",1.96064372602455e-16
FingerData,R2_left_right,rotated_targetwise_plus_nuisance,rotated_target_complement,18,5,16,"complement_3","complement_14",-2.62671288030567e-16
FingerData,R2_left_right,rotated_targetwise_plus_nuisance,rotated_target_complement,18,5,17,"complement_3","complement_15",-6.82990037809692e-16
FingerData,R2_left_right,rotated_targetwise_plus_nuisance,rotated_target_complement,18,5,18,"complement_3","complement_16",5.07882512789009e-16
FingerData,R2_left_right,rotated_targetwise_plus_nuisance,rotated_target_complement,18,6,1,"complement_4","target_1",-1.3438302585539e-16
FingerData,R2_left_right,rotated_targetwise_plus_nuisance,rotated_target_complement,18,6,2,"complement_4","target_2",-1.44421102547258e-15
FingerData,R2_left_right,rotated_targetwise_plus_nuisance,rotated_target_complement,18,6,3,"complement_4","complement_1",-3.90395259131695e-16
FingerData,R2_left_right,rotated_targetwise_plus_nuisance,rotated_target_complement,18,6,4,"complement_4","complement_2",3.35040337262588e-16
FingerData,R2_left_right,rotated_targetwise_plus_nuisance,rotated_target_complement,18,6,5,"complement_4","complement_3",-5.17389109637796e-16
FingerData,R2_left_right,rotated_targetwise_plus_nuisance,rotated_target_complement,18,6,6,"complement_4","complement_4",0.00536753236450993
FingerData,R2_left_right,rotated_targetwise_plus_nuisance,rotated_target_complement,18,6,7,"complement_4","complement_5",-7.48532919181952e-16
FingerData,R2_left_right,rotated_targetwise_plus_nuisance,rotated_target_complement,18,6,8,"complement_4","complement_6",-4.82739945653389e-17
FingerData,R2_left_right,rotated_targetwise_plus_nuisance,rotated_target_complement,18,6,9,"complement_4","complement_7",-4.97694986802576e-16
FingerData,R2_left_right,rotated_targetwise_plus_nuisance,rotated_target_complement,18,6,10,"complement_4","complement_8",-5.86350813995344e-16
FingerData,R2_left_right,rotated_targetwise_plus_nuisance,rotated_target_complement,18,6,11,"complement_4","complement_9",-7.04695344654154e-17
FingerData,R2_left_right,rotated_targetwise_plus_nuisance,rotated_target_complement,18,6,12,"complement_4","complement_10",-3.61224562383923e-16
FingerData,R2_left_right,rotated_targetwise_plus_nuisance,rotated_target_complement,18,6,13,"complement_4","complement_11",-2.89254584572235e-16
FingerData,R2_left_right,rotated_targetwise_plus_nuisance,rotated_target_complement,18,6,14,"complement_4","complement_12",6.72256475092642e-16
FingerData,R2_left_right,rotated_targetwise_plus_nuisance,rotated_target_complement,18,6,15,"complement_4","complement_13",9.30212829765667e-17
FingerData,R2_left_right,rotated_targetwise_plus_nuisance,rotated_target_complement,18,6,16,"complement_4","complement_14",-3.45113546633198e-16
FingerData,R2_left_right,rotated_targetwise_plus_nuisance,rotated_target_complement,18,6,17,"complement_4","complement_15",2.06078011360446e-18
FingerData,R2_left_right,rotated_targetwise_plus_nuisance,rotated_target_complement,18,6,18,"complement_4","complement_16",4.0207996542766e-16
FingerData,R2_left_right,rotated_targetwise_plus_nuisance,rotated_target_complement,18,7,1,"complement_5","target_1",3.64103664521797e-17
FingerData,R2_left_right,rotated_targetwise_plus_nuisance,rotated_target_complement,18,7,2,"complement_5","target_2",5.73314878994495e-17
FingerData,R2_left_right,rotated_targetwise_plus_nuisance,rotated_target_complement,18,7,3,"complement_5","complement_1",4.28619516382663e-16
FingerData,R2_left_right,rotated_targetwise_plus_nuisance,rotated_target_complement,18,7,4,"complement_5","complement_2",3.66189115901698e-16
FingerData,R2_left_right,rotated_targetwise_plus_nuisance,rotated_target_complement,18,7,5,"complement_5","complement_3",4.69614329028378e-18
FingerData,R2_left_right,rotated_targetwise_plus_nuisance,rotated_target_complement,18,7,6,"complement_5","complement_4",-7.48532919181952e-16
FingerData,R2_left_right,rotated_targetwise_plus_nuisance,rotated_target_complement,18,7,7,"complement_5","complement_5",0.00536753236451126
FingerData,R2_left_right,rotated_targetwise_plus_nuisance,rotated_target_complement,18,7,8,"complement_5","complement_6",7.35076275941529e-16
FingerData,R2_left_right,rotated_targetwise_plus_nuisance,rotated_target_complement,18,7,9,"complement_5","complement_7",3.28337231584601e-16
FingerData,R2_left_right,rotated_targetwise_plus_nuisance,rotated_target_complement,18,7,10,"complement_5","complement_8",2.99613340872718e-16
FingerData,R2_left_right,rotated_targetwise_plus_nuisance,rotated_target_complement,18,7,11,"complement_5","complement_9",-6.06061010667348e-16
FingerData,R2_left_right,rotated_targetwise_plus_nuisance,rotated_target_complement,18,7,12,"complement_5","complement_10",2.24802334674785e-16
FingerData,R2_left_right,rotated_targetwise_plus_nuisance,rotated_target_complement,18,7,13,"complement_5","complement_11",5.33869785552119e-16
FingerData,R2_left_right,rotated_targetwise_plus_nuisance,rotated_target_complement,18,7,14,"complement_5","complement_12",1.94670638892755e-17
FingerData,R2_left_right,rotated_targetwise_plus_nuisance,rotated_target_complement,18,7,15,"complement_5","complement_13",-4.27616722047809e-16
FingerData,R2_left_right,rotated_targetwise_plus_nuisance,rotated_target_complement,18,7,16,"complement_5","complement_14",4.0325401427151e-16
FingerData,R2_left_right,rotated_targetwise_plus_nuisance,rotated_target_complement,18,7,17,"complement_5","complement_15",-1.09910615530899e-15
FingerData,R2_left_right,rotated_targetwise_plus_nuisance,rotated_target_complement,18,7,18,"complement_5","complement_16",-4.28474138527778e-16
FingerData,R2_left_right,rotated_targetwise_plus_nuisance,rotated_target_complement,18,8,1,"complement_6","target_1",5.72192335112062e-17
FingerData,R2_left_right,rotated_targetwise_plus_nuisance,rotated_target_complement,18,8,2,"complement_6","target_2",-5.85271672633616e-17
FingerData,R2_left_right,rotated_targetwise_plus_nuisance,rotated_target_complement,18,8,3,"complement_6","complement_1",9.00151392255674e-16
FingerData,R2_left_right,rotated_targetwise_plus_nuisance,rotated_target_complement,18,8,4,"complement_6","complement_2",-1.12495075482249e-15
FingerData,R2_left_right,rotated_targetwise_plus_nuisance,rotated_target_complement,18,8,5,"complement_6","complement_3",-2.98036488787023e-17
FingerData,R2_left_right,rotated_targetwise_plus_nuisance,rotated_target_complement,18,8,6,"complement_6","complement_4",-4.82739945653389e-17
FingerData,R2_left_right,rotated_targetwise_plus_nuisance,rotated_target_complement,18,8,7,"complement_6","complement_5",7.35076275941529e-16
FingerData,R2_left_right,rotated_targetwise_plus_nuisance,rotated_target_complement,18,8,8,"complement_6","complement_6",0.00536753236451126
FingerData,R2_left_right,rotated_targetwise_plus_nuisance,rotated_target_complement,18,8,9,"complement_6","complement_7",4.96414710320838e-16
FingerData,R2_left_right,rotated_targetwise_plus_nuisance,rotated_target_complement,18,8,10,"complement_6","complement_8",-4.90793504881887e-16
FingerData,R2_left_right,rotated_targetwise_plus_nuisance,rotated_target_complement,18,8,11,"complement_6","complement_9",-3.65313371026515e-16
FingerData,R2_left_right,rotated_targetwise_plus_nuisance,rotated_target_complement,18,8,12,"complement_6","complement_10",-1.62780485537999e-16
FingerData,R2_left_right,rotated_targetwise_plus_nuisance,rotated_target_complement,18,8,13,"complement_6","complement_11",-1.29062341719284e-15
FingerData,R2_left_right,rotated_targetwise_plus_nuisance,rotated_target_complement,18,8,14,"complement_6","complement_12",-7.46126477471812e-16
FingerData,R2_left_right,rotated_targetwise_plus_nuisance,rotated_target_complement,18,8,15,"complement_6","complement_13",3.11139330652687e-16
FingerData,R2_left_right,rotated_targetwise_plus_nuisance,rotated_target_complement,18,8,16,"complement_6","complement_14",-2.36602548093674e-16
FingerData,R2_left_right,rotated_targetwise_plus_nuisance,rotated_target_complement,18,8,17,"complement_6","complement_15",3.42383222188023e-16
FingerData,R2_left_right,rotated_targetwise_plus_nuisance,rotated_target_complement,18,8,18,"complement_6","complement_16",5.00841118388087e-16
FingerData,R2_left_right,rotated_targetwise_plus_nuisance,rotated_target_complement,18,9,1,"complement_7","target_1",-3.28467179381787e-18
FingerData,R2_left_right,rotated_targetwise_plus_nuisance,rotated_target_complement,18,9,2,"complement_7","target_2",-3.981585733624e-16
FingerData,R2_left_right,rotated_targetwise_plus_nuisance,rotated_target_complement,18,9,3,"complement_7","complement_1",1.97069170442044e-16
FingerData,R2_left_right,rotated_targetwise_plus_nuisance,rotated_target_complement,18,9,4,"complement_7","complement_2",5.36651706862041e-16
FingerData,R2_left_right,rotated_targetwise_plus_nuisance,rotated_target_complement,18,9,5,"complement_7","complement_3",2.20506678400432e-16
FingerData,R2_left_right,rotated_targetwise_plus_nuisance,rotated_target_complement,18,9,6,"complement_7","complement_4",-4.97694986802576e-16
FingerData,R2_left_right,rotated_targetwise_plus_nuisance,rotated_target_complement,18,9,7,"complement_7","complement_5",3.28337231584601e-16
FingerData,R2_left_right,rotated_targetwise_plus_nuisance,rotated_target_complement,18,9,8,"complement_7","complement_6",4.96414710320838e-16
FingerData,R2_left_right,rotated_targetwise_plus_nuisance,rotated_target_complement,18,9,9,"complement_7","complement_7",0.00536753236450949
FingerData,R2_left_right,rotated_targetwise_plus_nuisance,rotated_target_complement,18,9,10,"complement_7","complement_8",1.4645475412483e-16
FingerData,R2_left_right,rotated_targetwise_plus_nuisance,rotated_target_complement,18,9,11,"complement_7","complement_9",4.64595863830607e-16
FingerData,R2_left_right,rotated_targetwise_plus_nuisance,rotated_target_complement,18,9,12,"complement_7","complement_10",7.26181497487152e-16
FingerData,R2_left_right,rotated_targetwise_plus_nuisance,rotated_target_complement,18,9,13,"complement_7","complement_11",7.44804508047633e-16
FingerData,R2_left_right,rotated_targetwise_plus_nuisance,rotated_target_complement,18,9,14,"complement_7","complement_12",-3.82756840242119e-17
FingerData,R2_left_right,rotated_targetwise_plus_nuisance,rotated_target_complement,18,9,15,"complement_7","complement_13",-3.45294120216247e-16
FingerData,R2_left_right,rotated_targetwise_plus_nuisance,rotated_target_complement,18,9,16,"complement_7","complement_14",-1.13308213076461e-16
FingerData,R2_left_right,rotated_targetwise_plus_nuisance,rotated_target_complement,18,9,17,"complement_7","complement_15",-5.01649765759912e-16
FingerData,R2_left_right,rotated_targetwise_plus_nuisance,rotated_target_complement,18,9,18,"complement_7","complement_16",8.77150966776758e-16
FingerData,R2_left_right,rotated_targetwise_plus_nuisance,rotated_target_complement,18,10,1,"complement_8","target_1",1.80612495677202e-17
FingerData,R2_left_right,rotated_targetwise_plus_nuisance,rotated_target_complement,18,10,2,"complement_8","target_2",5.85274243811785e-16
FingerData,R2_left_right,rotated_targetwise_plus_nuisance,rotated_target_complement,18,10,3,"complement_8","complement_1",6.39127157280533e-17
FingerData,R2_left_right,rotated_targetwise_plus_nuisance,rotated_target_complement,18,10,4,"complement_8","complement_2",7.04345995244563e-16
FingerData,R2_left_right,rotated_targetwise_plus_nuisance,rotated_target_complement,18,10,5,"complement_8","complement_3",-3.00548055309919e-16
FingerData,R2_left_right,rotated_targetwise_plus_nuisance,rotated_target_complement,18,10,6,"complement_8","complement_4",-5.86350813995344e-16
FingerData,R2_left_right,rotated_targetwise_plus_nuisance,rotated_target_complement,18,10,7,"complement_8","complement_5",2.99613340872718e-16
FingerData,R2_left_right,rotated_targetwise_plus_nuisance,rotated_target_complement,18,10,8,"complement_8","complement_6",-4.90793504881887e-16
FingerData,R2_left_right,rotated_targetwise_plus_nuisance,rotated_target_complement,18,10,9,"complement_8","complement_7",1.4645475412483e-16
FingerData,R2_left_right,rotated_targetwise_plus_nuisance,rotated_target_complement,18,10,10,"complement_8","complement_8",0.00536753236451393
FingerData,R2_left_right,rotated_targetwise_plus_nuisance,rotated_target_complement,18,10,11,"complement_8","complement_9",-7.24421938574565e-16
FingerData,R2_left_right,rotated_targetwise_plus_nuisance,rotated_target_complement,18,10,12,"complement_8","complement_10",-1.14051992052908e-15
FingerData,R2_left_right,rotated_targetwise_plus_nuisance,rotated_target_complement,18,10,13,"complement_8","complement_11",-1.07366027622628e-15
FingerData,R2_left_right,rotated_targetwise_plus_nuisance,rotated_target_complement,18,10,14,"complement_8","complement_12",7.65876174690286e-17
FingerData,R2_left_right,rotated_targetwise_plus_nuisance,rotated_target_complement,18,10,15,"complement_8","complement_13",-1.65417565440432e-17
FingerData,R2_left_right,rotated_targetwise_plus_nuisance,rotated_target_complement,18,10,16,"complement_8","complement_14",-1.03455940370452e-16
FingerData,R2_left_right,rotated_targetwise_plus_nuisance,rotated_target_complement,18,10,17,"complement_8","complement_15",7.71200100828026e-17
FingerData,R2_left_right,rotated_targetwise_plus_nuisance,rotated_target_complement,18,10,18,"complement_8","complement_16",-2.07534828121135e-16
FingerData,R2_left_right,rotated_targetwise_plus_nuisance,rotated_target_complement,18,11,1,"complement_9","target_1",6.12693593432207e-17
FingerData,R2_left_right,rotated_targetwise_plus_nuisance,rotated_target_complement,18,11,2,"complement_9","target_2",1.07847849472426e-15
FingerData,R2_left_right,rotated_targetwise_plus_nuisance,rotated_target_complement,18,11,3,"complement_9","complement_1",2.09741894386648e-16
FingerData,R2_left_right,rotated_targetwise_plus_nuisance,rotated_target_complement,18,11,4,"complement_9","complement_2",7.5260960154776e-16
FingerData,R2_left_right,rotated_targetwise_plus_nuisance,rotated_target_complement,18,11,5,"complement_9","complement_3",1.58320235300033e-15
FingerData,R2_left_right,rotated_targetwise_plus_nuisance,rotated_target_complement,18,11,6,"complement_9","complement_4",-7.04695344654154e-17
FingerData,R2_left_right,rotated_targetwise_plus_nuisance,rotated_target_complement,18,11,7,"complement_9","complement_5",-6.06061010667348e-16
FingerData,R2_left_right,rotated_targetwise_plus_nuisance,rotated_target_complement,18,11,8,"complement_9","complement_6",-3.65313371026515e-16
FingerData,R2_left_right,rotated_targetwise_plus_nuisance,rotated_target_complement,18,11,9,"complement_9","complement_7",4.64595863830607e-16
FingerData,R2_left_right,rotated_targetwise_plus_nuisance,rotated_target_complement,18,11,10,"complement_9","complement_8",-7.24421938574565e-16
FingerData,R2_left_right,rotated_targetwise_plus_nuisance,rotated_target_complement,18,11,11,"complement_9","complement_9",0.00536753236451037
FingerData,R2_left_right,rotated_targetwise_plus_nuisance,rotated_target_complement,18,11,12,"complement_9","complement_10",6.65927543544316e-16
FingerData,R2_left_right,rotated_targetwise_plus_nuisance,rotated_target_complement,18,11,13,"complement_9","complement_11",9.91289930827334e-17
FingerData,R2_left_right,rotated_targetwise_plus_nuisance,rotated_target_complement,18,11,14,"complement_9","complement_12",-4.96100110094621e-16
FingerData,R2_left_right,rotated_targetwise_plus_nuisance,rotated_target_complement,18,11,15,"complement_9","complement_13",-4.87207856582274e-16
FingerData,R2_left_right,rotated_targetwise_plus_nuisance,rotated_target_complement,18,11,16,"complement_9","complement_14",-6.26815621742715e-17
FingerData,R2_left_right,rotated_targetwise_plus_nuisance,rotated_target_complement,18,11,17,"complement_9","complement_15",3.11306251029396e-16
FingerData,R2_left_right,rotated_targetwise_plus_nuisance,rotated_target_complement,18,11,18,"complement_9","complement_16",2.32449200815383e-16
FingerData,R2_left_right,rotated_targetwise_plus_nuisance,rotated_target_complement,18,12,1,"complement_10","target_1",3.51437256788559e-17
FingerData,R2_left_right,rotated_targetwise_plus_nuisance,rotated_target_complement,18,12,2,"complement_10","target_2",-8.95243088495302e-16
FingerData,R2_left_right,rotated_targetwise_plus_nuisance,rotated_target_complement,18,12,3,"complement_10","complement_1",-4.01425096375127e-16
FingerData,R2_left_right,rotated_targetwise_plus_nuisance,rotated_target_complement,18,12,4,"complement_10","complement_2",9.8215589002457e-17
FingerData,R2_left_right,rotated_targetwise_plus_nuisance,rotated_target_complement,18,12,5,"complement_10","complement_3",-7.20974883969166e-16
FingerData,R2_left_right,rotated_targetwise_plus_nuisance,rotated_target_complement,18,12,6,"complement_10","complement_4",-3.61224562383923e-16
FingerData,R2_left_right,rotated_targetwise_plus_nuisance,rotated_target_complement,18,12,7,"complement_10","complement_5",2.24802334674785e-16
FingerData,R2_left_right,rotated_targetwise_plus_nuisance,rotated_target_complement,18,12,8,"complement_10","complement_6",-1.62780485537999e-16
FingerData,R2_left_right,rotated_targetwise_plus_nuisance,rotated_target_complement,18,12,9,"complement_10","complement_7",7.26181497487152e-16
FingerData,R2_left_right,rotated_targetwise_plus_nuisance,rotated_target_complement,18,12,10,"complement_10","complement_8",-1.14051992052908e-15
FingerData,R2_left_right,rotated_targetwise_plus_nuisance,rotated_target_complement,18,12,11,"complement_10","complement_9",6.65927543544316e-16
FingerData,R2_left_right,rotated_targetwise_plus_nuisance,rotated_target_complement,18,12,12,"complement_10","complement_10",0.00536753236451037
FingerData,R2_left_right,rotated_targetwise_plus_nuisance,rotated_target_complement,18,12,13,"complement_10","complement_11",-4.79022163737504e-17
FingerData,R2_left_right,rotated_targetwise_plus_nuisance,rotated_target_complement,18,12,14,"complement_10","complement_12",3.80387731581077e-17
FingerData,R2_left_right,rotated_targetwise_plus_nuisance,rotated_target_complement,18,12,15,"complement_10","complement_13",-5.01276204805636e-17
FingerData,R2_left_right,rotated_targetwise_plus_nuisance,rotated_target_complement,18,12,16,"complement_10","complement_14",-1.59694203666817e-16
FingerData,R2_left_right,rotated_targetwise_plus_nuisance,rotated_target_complement,18,12,17,"complement_10","complement_15",8.32277580418538e-17
FingerData,R2_left_right,rotated_targetwise_plus_nuisance,rotated_target_complement,18,12,18,"complement_10","complement_16",-3.78858526738189e-16
FingerData,R2_left_right,rotated_targetwise_plus_nuisance,rotated_target_complement,18,13,1,"complement_11","target_1",3.49241065358113e-17
FingerData,R2_left_right,rotated_targetwise_plus_nuisance,rotated_target_complement,18,13,2,"complement_11","target_2",3.08997781967273e-16
FingerData,R2_left_right,rotated_targetwise_plus_nuisance,rotated_target_complement,18,13,3,"complement_11","complement_1",-2.51969446176455e-16
FingerData,R2_left_right,rotated_targetwise_plus_nuisance,rotated_target_complement,18,13,4,"complement_11","complement_2",-9.26728908072236e-16
FingerData,R2_left_right,rotated_targetwise_plus_nuisance,rotated_target_complement,18,13,5,"complement_11","complement_3",-6.27816346966155e-16
FingerData,R2_left_right,rotated_targetwise_plus_nuisance,rotated_target_complement,18,13,6,"complement_11","complement_4",-2.89254584572235e-16
FingerData,R2_left_right,rotated_targetwise_plus_nuisance,rotated_target_complement,18,13,7,"complement_11","complement_5",5.33869785552119e-16
FingerData,R2_left_right,rotated_targetwise_plus_nuisance,rotated_target_complement,18,13,8,"complement_11","complement_6",-1.29062341719284e-15
FingerData,R2_left_right,rotated_targetwise_plus_nuisance,rotated_target_complement,18,13,9,"complement_11","complement_7",7.44804508047633e-16
FingerData,R2_left_right,rotated_targetwise_plus_nuisance,rotated_target_complement,18,13,10,"complement_11","complement_8",-1.07366027622628e-15
FingerData,R2_left_right,rotated_targetwise_plus_nuisance,rotated_target_complement,18,13,11,"complement_11","complement_9",9.91289930827334e-17
FingerData,R2_left_right,rotated_targetwise_plus_nuisance,rotated_target_complement,18,13,12,"complement_11","complement_10",-4.79022163737504e-17
FingerData,R2_left_right,rotated_targetwise_plus_nuisance,rotated_target_complement,18,13,13,"complement_11","complement_11",0.00536753236451037
FingerData,R2_left_right,rotated_targetwise_plus_nuisance,rotated_target_complement,18,13,14,"complement_11","complement_12",6.0065676533621e-16
FingerData,R2_left_right,rotated_targetwise_plus_nuisance,rotated_target_complement,18,13,15,"complement_11","complement_13",-1.457414970009e-15
FingerData,R2_left_right,rotated_targetwise_plus_nuisance,rotated_target_complement,18,13,16,"complement_11","complement_14",2.63191474164107e-16
FingerData,R2_left_right,rotated_targetwise_plus_nuisance,rotated_target_complement,18,13,17,"complement_11","complement_15",-1.35297813144039e-16
FingerData,R2_left_right,rotated_targetwise_plus_nuisance,rotated_target_complement,18,13,18,"complement_11","complement_16",-5.65313954544893e-16
FingerData,R2_left_right,rotated_targetwise_plus_nuisance,rotated_target_complement,18,14,1,"complement_12","target_1",1.4249715338617e-16
FingerData,R2_left_right,rotated_targetwise_plus_nuisance,rotated_target_complement,18,14,2,"complement_12","target_2",-1.32670204963566e-16
FingerData,R2_left_right,rotated_targetwise_plus_nuisance,rotated_target_complement,18,14,3,"complement_12","complement_1",-1.2748542611499e-16
FingerData,R2_left_right,rotated_targetwise_plus_nuisance,rotated_target_complement,18,14,4,"complement_12","complement_2",9.38233722118321e-16
FingerData,R2_left_right,rotated_targetwise_plus_nuisance,rotated_target_complement,18,14,5,"complement_12","complement_3",-2.94009705857023e-16
FingerData,R2_left_right,rotated_targetwise_plus_nuisance,rotated_target_complement,18,14,6,"complement_12","complement_4",6.72256475092642e-16
FingerData,R2_left_right,rotated_targetwise_plus_nuisance,rotated_target_complement,18,14,7,"complement_12","complement_5",1.94670638892755e-17
FingerData,R2_left_right,rotated_targetwise_plus_nuisance,rotated_target_complement,18,14,8,"complement_12","complement_6",-7.46126477471812e-16
FingerData,R2_left_right,rotated_targetwise_plus_nuisance,rotated_target_complement,18,14,9,"complement_12","complement_7",-3.82756840242119e-17
FingerData,R2_left_right,rotated_targetwise_plus_nuisance,rotated_target_complement,18,14,10,"complement_12","complement_8",7.65876174690286e-17
FingerData,R2_left_right,rotated_targetwise_plus_nuisance,rotated_target_complement,18,14,11,"complement_12","complement_9",-4.96100110094621e-16
FingerData,R2_left_right,rotated_targetwise_plus_nuisance,rotated_target_complement,18,14,12,"complement_12","complement_10",3.80387731581077e-17
FingerData,R2_left_right,rotated_targetwise_plus_nuisance,rotated_target_complement,18,14,13,"complement_12","complement_11",6.0065676533621e-16
FingerData,R2_left_right,rotated_targetwise_plus_nuisance,rotated_target_complement,18,14,14,"complement_12","complement_12",0.00536753236451037
FingerData,R2_left_right,rotated_targetwise_plus_nuisance,rotated_target_complement,18,14,15,"complement_12","complement_13",-1.40372416334113e-16
FingerData,R2_left_right,rotated_targetwise_plus_nuisance,rotated_target_complement,18,14,16,"complement_12","complement_14",-4.33448869657147e-16
FingerData,R2_left_right,rotated_targetwise_plus_nuisance,rotated_target_complement,18,14,17,"complement_12","complement_15",5.43640395997959e-16
FingerData,R2_left_right,rotated_targetwise_plus_nuisance,rotated_target_complement,18,14,18,"complement_12","complement_16",-4.71895620061616e-17
FingerData,R2_left_right,rotated_targetwise_plus_nuisance,rotated_target_complement,18,15,1,"complement_13","target_1",2.03119842045609e-17
FingerData,R2_left_right,rotated_targetwise_plus_nuisance,rotated_target_complement,18,15,2,"complement_13","target_2",7.79997510168694e-17
FingerData,R2_left_right,rotated_targetwise_plus_nuisance,rotated_target_complement,18,15,3,"complement_13","complement_1",2.02457262362075e-16
FingerData,R2_left_right,rotated_targetwise_plus_nuisance,rotated_target_complement,18,15,4,"complement_13","complement_2",-3.62572293584973e-16
FingerData,R2_left_right,rotated_targetwise_plus_nuisance,rotated_target_complement,18,15,5,"complement_13","complement_3",1.96064372602455e-16
FingerData,R2_left_right,rotated_targetwise_plus_nuisance,rotated_target_complement,18,15,6,"complement_13","complement_4",9.30212829765667e-17
FingerData,R2_left_right,rotated_targetwise_plus_nuisance,rotated_target_complement,18,15,7,"complement_13","complement_5",-4.27616722047809e-16
FingerData,R2_left_right,rotated_targetwise_plus_nuisance,rotated_target_complement,18,15,8,"complement_13","complement_6",3.11139330652687e-16
FingerData,R2_left_right,rotated_targetwise_plus_nuisance,rotated_target_complement,18,15,9,"complement_13","complement_7",-3.45294120216247e-16
FingerData,R2_left_right,rotated_targetwise_plus_nuisance,rotated_target_complement,18,15,10,"complement_13","complement_8",-1.65417565440432e-17
FingerData,R2_left_right,rotated_targetwise_plus_nuisance,rotated_target_complement,18,15,11,"complement_13","complement_9",-4.87207856582274e-16
FingerData,R2_left_right,rotated_targetwise_plus_nuisance,rotated_target_complement,18,15,12,"complement_13","complement_10",-5.01276204805636e-17
FingerData,R2_left_right,rotated_targetwise_plus_nuisance,rotated_target_complement,18,15,13,"complement_13","complement_11",-1.457414970009e-15
FingerData,R2_left_right,rotated_targetwise_plus_nuisance,rotated_target_complement,18,15,14,"complement_13","complement_12",-1.40372416334113e-16
FingerData,R2_left_right,rotated_targetwise_plus_nuisance,rotated_target_complement,18,15,15,"complement_13","complement_13",0.00536753236450949
FingerData,R2_left_right,rotated_targetwise_plus_nuisance,rotated_target_complement,18,15,16,"complement_13","complement_14",-6.60293451043698e-16
FingerData,R2_left_right,rotated_targetwise_plus_nuisance,rotated_target_complement,18,15,17,"complement_13","complement_15",3.122963467721e-16
FingerData,R2_left_right,rotated_targetwise_plus_nuisance,rotated_target_complement,18,15,18,"complement_13","complement_16",3.3122915327068e-17
FingerData,R2_left_right,rotated_targetwise_plus_nuisance,rotated_target_complement,18,16,1,"complement_14","target_1",-3.68990166927873e-17
FingerData,R2_left_right,rotated_targetwise_plus_nuisance,rotated_target_complement,18,16,2,"complement_14","target_2",-1.8823606627956e-15
FingerData,R2_left_right,rotated_targetwise_plus_nuisance,rotated_target_complement,18,16,3,"complement_14","complement_1",2.03244596290414e-16
FingerData,R2_left_right,rotated_targetwise_plus_nuisance,rotated_target_complement,18,16,4,"complement_14","complement_2",5.31461923179232e-16
FingerData,R2_left_right,rotated_targetwise_plus_nuisance,rotated_target_complement,18,16,5,"complement_14","complement_3",-2.62671288030567e-16
FingerData,R2_left_right,rotated_targetwise_plus_nuisance,rotated_target_complement,18,16,6,"complement_14","complement_4",-3.45113546633198e-16
FingerData,R2_left_right,rotated_targetwise_plus_nuisance,rotated_target_complement,18,16,7,"complement_14","complement_5",4.0325401427151e-16
FingerData,R2_left_right,rotated_targetwise_plus_nuisance,rotated_target_complement,18,16,8,"complement_14","complement_6",-2.36602548093674e-16
FingerData,R2_left_right,rotated_targetwise_plus_nuisance,rotated_target_complement,18,16,9,"complement_14","complement_7",-1.13308213076461e-16
FingerData,R2_left_right,rotated_targetwise_plus_nuisance,rotated_target_complement,18,16,10,"complement_14","complement_8",-1.03455940370452e-16
FingerData,R2_left_right,rotated_targetwise_plus_nuisance,rotated_target_complement,18,16,11,"complement_14","complement_9",-6.26815621742715e-17
FingerData,R2_left_right,rotated_targetwise_plus_nuisance,rotated_target_complement,18,16,12,"complement_14","complement_10",-1.59694203666817e-16
FingerData,R2_left_right,rotated_targetwise_plus_nuisance,rotated_target_complement,18,16,13,"complement_14","complement_11",2.63191474164107e-16
FingerData,R2_left_right,rotated_targetwise_plus_nuisance,rotated_target_complement,18,16,14,"complement_14","complement_12",-4.33448869657147e-16
FingerData,R2_left_right,rotated_targetwise_plus_nuisance,rotated_target_complement,18,16,15,"complement_14","complement_13",-6.60293451043698e-16
FingerData,R2_left_right,rotated_targetwise_plus_nuisance,rotated_target_complement,18,16,16,"complement_14","complement_14",0.00536753236451171
FingerData,R2_left_right,rotated_targetwise_plus_nuisance,rotated_target_complement,18,16,17,"complement_14","complement_15",3.30577711150528e-16
FingerData,R2_left_right,rotated_targetwise_plus_nuisance,rotated_target_complement,18,16,18,"complement_14","complement_16",-1.88139596809435e-17
FingerData,R2_left_right,rotated_targetwise_plus_nuisance,rotated_target_complement,18,17,1,"complement_15","target_1",5.998200073922e-17
FingerData,R2_left_right,rotated_targetwise_plus_nuisance,rotated_target_complement,18,17,2,"complement_15","target_2",-2.90212004121767e-15
FingerData,R2_left_right,rotated_targetwise_plus_nuisance,rotated_target_complement,18,17,3,"complement_15","complement_1",6.91694875377174e-16
FingerData,R2_left_right,rotated_targetwise_plus_nuisance,rotated_target_complement,18,17,4,"complement_15","complement_2",1.01727400988878e-16
FingerData,R2_left_right,rotated_targetwise_plus_nuisance,rotated_target_complement,18,17,5,"complement_15","complement_3",-6.82990037809692e-16
FingerData,R2_left_right,rotated_targetwise_plus_nuisance,rotated_target_complement,18,17,6,"complement_15","complement_4",2.06078011360446e-18
FingerData,R2_left_right,rotated_targetwise_plus_nuisance,rotated_target_complement,18,17,7,"complement_15","complement_5",-1.09910615530899e-15
FingerData,R2_left_right,rotated_targetwise_plus_nuisance,rotated_target_complement,18,17,8,"complement_15","complement_6",3.42383222188023e-16
FingerData,R2_left_right,rotated_targetwise_plus_nuisance,rotated_target_complement,18,17,9,"complement_15","complement_7",-5.01649765759912e-16
FingerData,R2_left_right,rotated_targetwise_plus_nuisance,rotated_target_complement,18,17,10,"complement_15","complement_8",7.71200100828026e-17
FingerData,R2_left_right,rotated_targetwise_plus_nuisance,rotated_target_complement,18,17,11,"complement_15","complement_9",3.11306251029396e-16
FingerData,R2_left_right,rotated_targetwise_plus_nuisance,rotated_target_complement,18,17,12,"complement_15","complement_10",8.32277580418538e-17
FingerData,R2_left_right,rotated_targetwise_plus_nuisance,rotated_target_complement,18,17,13,"complement_15","complement_11",-1.35297813144039e-16
FingerData,R2_left_right,rotated_targetwise_plus_nuisance,rotated_target_complement,18,17,14,"complement_15","complement_12",5.43640395997959e-16
FingerData,R2_left_right,rotated_targetwise_plus_nuisance,rotated_target_complement,18,17,15,"complement_15","complement_13",3.122963467721e-16
FingerData,R2_left_right,rotated_targetwise_plus_nuisance,rotated_target_complement,18,17,16,"complement_15","complement_14",3.30577711150528e-16
FingerData,R2_left_right,rotated_targetwise_plus_nuisance,rotated_target_complement,18,17,17,"complement_15","complement_15",0.00536753236451171
FingerData,R2_left_right,rotated_targetwise_plus_nuisance,rotated_target_complement,18,17,18,"complement_15","complement_16",3.70520949931159e-16
FingerData,R2_left_right,rotated_targetwise_plus_nuisance,rotated_target_complement,18,18,1,"complement_16","target_1",-1.25877783459154e-17
FingerData,R2_left_right,rotated_targetwise_plus_nuisance,rotated_target_complement,18,18,2,"complement_16","target_2",9.54896050732917e-17
FingerData,R2_left_right,rotated_targetwise_plus_nuisance,rotated_target_complement,18,18,3,"complement_16","complement_1",1.61179688210231e-16
FingerData,R2_left_right,rotated_targetwise_plus_nuisance,rotated_target_complement,18,18,4,"complement_16","complement_2",1.64732887178045e-16
FingerData,R2_left_right,rotated_targetwise_plus_nuisance,rotated_target_complement,18,18,5,"complement_16","complement_3",5.07882512789009e-16
FingerData,R2_left_right,rotated_targetwise_plus_nuisance,rotated_target_complement,18,18,6,"complement_16","complement_4",4.0207996542766e-16
FingerData,R2_left_right,rotated_targetwise_plus_nuisance,rotated_target_complement,18,18,7,"complement_16","complement_5",-4.28474138527778e-16
FingerData,R2_left_right,rotated_targetwise_plus_nuisance,rotated_target_complement,18,18,8,"complement_16","complement_6",5.00841118388087e-16
FingerData,R2_left_right,rotated_targetwise_plus_nuisance,rotated_target_complement,18,18,9,"complement_16","complement_7",8.77150966776758e-16
FingerData,R2_left_right,rotated_targetwise_plus_nuisance,rotated_target_complement,18,18,10,"complement_16","complement_8",-2.07534828121135e-16
FingerData,R2_left_right,rotated_targetwise_plus_nuisance,rotated_target_complement,18,18,11,"complement_16","complement_9",2.32449200815383e-16
FingerData,R2_left_right,rotated_targetwise_plus_nuisance,rotated_target_complement,18,18,12,"complement_16","complement_10",-3.78858526738189e-16
FingerData,R2_left_right,rotated_targetwise_plus_nuisance,rotated_target_complement,18,18,13,"complement_16","complement_11",-5.65313954544893e-16
FingerData,R2_left_right,rotated_targetwise_plus_nuisance,rotated_target_complement,18,18,14,"complement_16","complement_12",-4.71895620061616e-17
FingerData,R2_left_right,rotated_targetwise_plus_nuisance,rotated_target_complement,18,18,15,"complement_16","complement_13",3.3122915327068e-17
FingerData,R2_left_right,rotated_targetwise_plus_nuisance,rotated_target_complement,18,18,16,"complement_16","complement_14",-1.88139596809435e-17
FingerData,R2_left_right,rotated_targetwise_plus_nuisance,rotated_target_complement,18,18,17,"complement_16","complement_15",3.70520949931159e-16
FingerData,R2_left_right,rotated_targetwise_plus_nuisance,rotated_target_complement,18,18,18,"complement_16","complement_16",0.00536753236451126
FingerData,R2_left_right,source_all,source,18,1,1,"B(2,1,1)","B(2,1,1)",0.00537396607105656
FingerData,R2_left_right,source_all,source,18,2,2,"B(3,1,1)","B(3,1,1)",0.00535912004036376
FingerData,R2_left_right,source_all,source,18,3,3,"B(1,2,1)","B(1,2,1)",0.00536870243470799
FingerData,R2_left_right,source_all,source,18,4,4,"B(3,2,1)","B(3,2,1)",0.0053614580505208
FingerData,R2_left_right,source_all,source,18,5,5,"B(1,3,1)","B(1,3,1)",0.00537440220753949
FingerData,R2_left_right,source_all,source,18,6,6,"B(2,3,1)","B(2,3,1)",0.00538375372594668
FingerData,R2_left_right,source_all,source,18,7,7,"B(2,1,2)","B(2,1,2)",0.00535820261545616
FingerData,R2_left_right,source_all,source,18,8,8,"B(3,1,2)","B(3,1,2)",0.00537087290305571
FingerData,R2_left_right,source_all,source,18,9,9,"B(1,2,2)","B(1,2,2)",0.00535681249334186
FingerData,R2_left_right,source_all,source,18,10,10,"B(3,2,2)","B(3,2,2)",0.00536012954531806
FingerData,R2_left_right,source_all,source,18,11,11,"B(1,3,2)","B(1,3,2)",0.00537537165466162
FingerData,R2_left_right,source_all,source,18,12,12,"B(2,3,2)","B(2,3,2)",0.00537084197003912
FingerData,R2_left_right,source_all,source,18,13,13,"B(2,1,3)","B(2,1,3)",0.00536623092905142
FingerData,R2_left_right,source_all,source,18,14,14,"B(3,1,3)","B(3,1,3)",0.00536495564209361
FingerData,R2_left_right,source_all,source,18,15,15,"B(1,2,3)","B(1,2,3)",0.00536630286370965
FingerData,R2_left_right,source_all,source,18,16,16,"B(3,2,3)","B(3,2,3)",0.00535261054292846
FingerData,R2_left_right,source_all,source,18,17,17,"B(1,3,3)","B(1,3,3)",0.00537431936752908
FingerData,R2_left_right,source_all,source,18,18,18,"B(2,3,3)","B(2,3,3)",0.0053716329343203
FingerData,R2_left_right,source_single,source,18,1,1,"B(2,1,1)","B(2,1,1)",0.0053678027599231
FingerData,R2_left_right,source_single,source,18,2,2,"B(3,1,1)","B(3,1,1)",0.0053678027599231
FingerData,R2_left_right,source_single,source,18,3,3,"B(1,2,1)","B(1,2,1)",0.0053678027599231
FingerData,R2_left_right,source_single,source,18,4,4,"B(3,2,1)","B(3,2,1)",0.0053678027599231
FingerData,R2_left_right,source_single,source,18,5,5,"B(1,3,1)","B(1,3,1)",0.0053678027599231
FingerData,R2_left_right,source_single,source,18,6,6,"B(2,3,1)","B(2,3,1)",0.0053678027599231
FingerData,R2_left_right,source_single,source,18,7,7,"B(2,1,2)","B(2,1,2)",0.0053678027599231
FingerData,R2_left_right,source_single,source,18,8,8,"B(3,1,2)","B(3,1,2)",0.0053678027599231
FingerData,R2_left_right,source_single,source,18,9,9,"B(1,2,2)","B(1,2,2)",0.0053678027599231
FingerData,R2_left_right,source_single,source,18,10,10,"B(3,2,2)","B(3,2,2)",0.0053678027599231
FingerData,R2_left_right,source_single,source,18,11,11,"B(1,3,2)","B(1,3,2)",0.0053678027599231
FingerData,R2_left_right,source_single,source,18,12,12,"B(2,3,2)","B(2,3,2)",0.0053678027599231
FingerData,R2_left_right,source_single,source,18,13,13,"B(2,1,3)","B(2,1,3)",0.0053678027599231
FingerData,R2_left_right,source_single,source,18,14,14,"B(3,1,3)","B(3,1,3)",0.0053678027599231
FingerData,R2_left_right,source_single,source,18,15,15,"B(1,2,3)","B(1,2,3)",0.0053678027599231
FingerData,R2_left_right,source_single,source,18,16,16,"B(3,2,3)","B(3,2,3)",0.0053678027599231
FingerData,R2_left_right,source_single,source,18,17,17,"B(1,3,3)","B(1,3,3)",0.0053678027599231
FingerData,R2_left_right,source_single,source,18,18,18,"B(2,3,3)","B(2,3,3)",0.0053678027599231
FingerData,R2_left_right,target_direct,target,2,1,1,"target_1","target_1",0.00360984682906285
FingerData,R2_left_right,target_direct,target,2,2,2,"target_2","target_2",0.00359691389123729
GeometryData,rOcc_to_rPar_regular_minus_random,rotated_all,rotated_target_complement,12,1,1,"target_1","target_1",0.00552818700194635
GeometryData,rOcc_to_rPar_regular_minus_random,rotated_all,rotated_target_complement,12,1,2,"target_1","complement_1",-7.01822739396555e-16
GeometryData,rOcc_to_rPar_regular_minus_random,rotated_all,rotated_target_complement,12,1,3,"target_1","complement_2",9.64710657030502e-16
GeometryData,rOcc_to_rPar_regular_minus_random,rotated_all,rotated_target_complement,12,1,4,"target_1","complement_3",2.98952124732862e-16
GeometryData,rOcc_to_rPar_regular_minus_random,rotated_all,rotated_target_complement,12,1,5,"target_1","complement_4",-4.90161987052894e-16
GeometryData,rOcc_to_rPar_regular_minus_random,rotated_all,rotated_target_complement,12,1,6,"target_1","complement_5",-9.73796866780383e-16
GeometryData,rOcc_to_rPar_regular_minus_random,rotated_all,rotated_target_complement,12,1,7,"target_1","complement_6",-2.53081498114382e-15
GeometryData,rOcc_to_rPar_regular_minus_random,rotated_all,rotated_target_complement,12,1,8,"target_1","complement_7",-3.13571390589463e-17
GeometryData,rOcc_to_rPar_regular_minus_random,rotated_all,rotated_target_complement,12,1,9,"target_1","complement_8",2.04192282446267e-15
GeometryData,rOcc_to_rPar_regular_minus_random,rotated_all,rotated_target_complement,12,1,10,"target_1","complement_9",-2.55342613693481e-16
GeometryData,rOcc_to_rPar_regular_minus_random,rotated_all,rotated_target_complement,12,1,11,"target_1","complement_10",5.32673048433631e-32
GeometryData,rOcc_to_rPar_regular_minus_random,rotated_all,rotated_target_complement,12,2,1,"complement_1","target_1",-7.01822739396555e-16
GeometryData,rOcc_to_rPar_regular_minus_random,rotated_all,rotated_target_complement,12,2,2,"complement_1","complement_1",0.00536808170231318
GeometryData,rOcc_to_rPar_regular_minus_random,rotated_all,rotated_target_complement,12,2,3,"complement_1","complement_2",1.58807449641648e-15
GeometryData,rOcc_to_rPar_regular_minus_random,rotated_all,rotated_target_complement,12,2,4,"complement_1","complement_3",-4.26309577714081e-15
GeometryData,rOcc_to_rPar_regular_minus_random,rotated_all,rotated_target_complement,12,2,5,"complement_1","complement_4",5.9203332061252e-15
GeometryData,rOcc_to_rPar_regular_minus_random,rotated_all,rotated_target_complement,12,2,6,"complement_1","complement_5",5.10062167374196e-15
GeometryData,rOcc_to_rPar_regular_minus_random,rotated_all,rotated_target_complement,12,2,7,"complement_1","complement_6",-5.97456241874087e-15
GeometryData,rOcc_to_rPar_regular_minus_random,rotated_all,rotated_target_complement,12,2,8,"complement_1","complement_7",1.04357191021712e-14
GeometryData,rOcc_to_rPar_regular_minus_random,rotated_all,rotated_target_complement,12,2,9,"complement_1","complement_8",1.85656368169496e-15
GeometryData,rOcc_to_rPar_regular_minus_random,rotated_all,rotated_target_complement,12,2,10,"complement_1","complement_9",-1.70702016936462e-15
GeometryData,rOcc_to_rPar_regular_minus_random,rotated_all,rotated_target_complement,12,2,11,"complement_1","complement_10",2.58215795203075e-15
GeometryData,rOcc_to_rPar_regular_minus_random,rotated_all,rotated_target_complement,12,3,1,"complement_2","target_1",9.64710657030502e-16
GeometryData,rOcc_to_rPar_regular_minus_random,rotated_all,rotated_target_complement,12,3,2,"complement_2","complement_1",1.58807449641648e-15
GeometryData,rOcc_to_rPar_regular_minus_random,rotated_all,rotated_target_complement,12,3,3,"complement_2","complement_2",0.00539197382216372
GeometryData,rOcc_to_rPar_regular_minus_random,rotated_all,rotated_target_complement,12,3,4,"complement_2","complement_3",-4.65063802613546e-15
GeometryData,rOcc_to_rPar_regular_minus_random,rotated_all,rotated_target_complement,12,3,5,"complement_2","complement_4",2.71092221384539e-15
GeometryData,rOcc_to_rPar_regular_minus_random,rotated_all,rotated_target_complement,12,3,6,"complement_2","complement_5",-1.30790179170617e-15
GeometryData,rOcc_to_rPar_regular_minus_random,rotated_all,rotated_target_complement,12,3,7,"complement_2","complement_6",1.84315532881141e-15
GeometryData,rOcc_to_rPar_regular_minus_random,rotated_all,rotated_target_complement,12,3,8,"complement_2","complement_7",-1.88912453021785e-15
GeometryData,rOcc_to_rPar_regular_minus_random,rotated_all,rotated_target_complement,12,3,9,"complement_2","complement_8",1.90633435227964e-16
GeometryData,rOcc_to_rPar_regular_minus_random,rotated_all,rotated_target_complement,12,3,10,"complement_2","complement_9",1.2428718333689e-15
GeometryData,rOcc_to_rPar_regular_minus_random,rotated_all,rotated_target_complement,12,3,11,"complement_2","complement_10",-9.80197642064037e-16
GeometryData,rOcc_to_rPar_regular_minus_random,rotated_all,rotated_target_complement,12,4,1,"complement_3","target_1",2.98952124732862e-16
GeometryData,rOcc_to_rPar_regular_minus_random,rotated_all,rotated_target_complement,12,4,2,"complement_3","complement_1",-4.26309577714081e-15
GeometryData,rOcc_to_rPar_regular_minus_random,rotated_all,rotated_target_complement,12,4,3,"complement_3","complement_2",-4.65063802613546e-15
GeometryData,rOcc_to_rPar_regular_minus_random,rotated_all,rotated_target_complement,12,4,4,"complement_3","complement_3",0.00536780252378222
GeometryData,rOcc_to_rPar_regular_minus_random,rotated_all,rotated_target_complement,12,4,5,"complement_3","complement_4",-3.33380567257891e-15
GeometryData,rOcc_to_rPar_regular_minus_random,rotated_all,rotated_target_complement,12,4,6,"complement_3","complement_5",1.6502151628153e-15
GeometryData,rOcc_to_rPar_regular_minus_random,rotated_all,rotated_target_complement,12,4,7,"complement_3","complement_6",-1.24844304776678e-15
GeometryData,rOcc_to_rPar_regular_minus_random,rotated_all,rotated_target_complement,12,4,8,"complement_3","complement_7",-3.49834290351615e-15
GeometryData,rOcc_to_rPar_regular_minus_random,rotated_all,rotated_target_complement,12,4,9,"complement_3","complement_8",2.55977735987109e-15
GeometryData,rOcc_to_rPar_regular_minus_random,rotated_all,rotated_target_complement,12,4,10,"complement_3","complement_9",9.85646643185564e-16
GeometryData,rOcc_to_rPar_regular_minus_random,rotated_all,rotated_target_complement,12,4,11,"complement_3","complement_10",2.7991168986523e-15
GeometryData,rOcc_to_rPar_regular_minus_random,rotated_all,rotated_target_complement,12,5,1,"complement_4","target_1",-4.90161987052894e-16
GeometryData,rOcc_to_rPar_regular_minus_random,rotated_all,rotated_target_complement,12,5,2,"complement_4","complement_1",5.9203332061252e-15
GeometryData,rOcc_to_rPar_regular_minus_random,rotated_all,rotated_target_complement,12,5,3,"complement_4","complement_2",2.71092221384539e-15
GeometryData,rOcc_to_rPar_regular_minus_random,rotated_all,rotated_target_complement,12,5,4,"complement_4","complement_3",-3.33380567257891e-15
GeometryData,rOcc_to_rPar_regular_minus_random,rotated_all,rotated_target_complement,12,5,5,"complement_4","complement_4",0.00536182031760468
GeometryData,rOcc_to_rPar_regular_minus_random,rotated_all,rotated_target_complement,12,5,6,"complement_4","complement_5",6.09849712853107e-15
GeometryData,rOcc_to_rPar_regular_minus_random,rotated_all,rotated_target_complement,12,5,7,"complement_4","complement_6",-3.89151638337264e-16
GeometryData,rOcc_to_rPar_regular_minus_random,rotated_all,rotated_target_complement,12,5,8,"complement_4","complement_7",1.84319342535835e-15
GeometryData,rOcc_to_rPar_regular_minus_random,rotated_all,rotated_target_complement,12,5,9,"complement_4","complement_8",-3.32815391852697e-15
GeometryData,rOcc_to_rPar_regular_minus_random,rotated_all,rotated_target_complement,12,5,10,"complement_4","complement_9",-3.65450478771769e-15
GeometryData,rOcc_to_rPar_regular_minus_random,rotated_all,rotated_target_complement,12,5,11,"complement_4","complement_10",2.70804057554081e-15
GeometryData,rOcc_to_rPar_regular_minus_random,rotated_all,rotated_target_complement,12,6,1,"complement_5","target_1",-9.73796866780383e-16
GeometryData,rOcc_to_rPar_regular_minus_random,rotated_all,rotated_target_complement,12,6,2,"complement_5","complement_1",5.10062167374196e-15
GeometryData,rOcc_to_rPar_regular_minus_random,rotated_all,rotated_target_complement,12,6,3,"complement_5","complement_2",-1.30790179170617e-15
GeometryData,rOcc_to_rPar_regular_minus_random,rotated_all,rotated_target_complement,12,6,4,"complement_5","complement_3",1.6502151628153e-15
GeometryData,rOcc_to_rPar_regular_minus_random,rotated_all,rotated_target_complement,12,6,5,"complement_5","complement_4",6.09849712853107e-15
GeometryData,rOcc_to_rPar_regular_minus_random,rotated_all,rotated_target_complement,12,6,6,"complement_5","complement_5",0.00537131173296856
GeometryData,rOcc_to_rPar_regular_minus_random,rotated_all,rotated_target_complement,12,6,7,"complement_5","complement_6",-1.64263987277822e-15
GeometryData,rOcc_to_rPar_regular_minus_random,rotated_all,rotated_target_complement,12,6,8,"complement_5","complement_7",1.35096358425858e-15
GeometryData,rOcc_to_rPar_regular_minus_random,rotated_all,rotated_target_complement,12,6,9,"complement_5","complement_8",1.76964409518603e-15
GeometryData,rOcc_to_rPar_regular_minus_random,rotated_all,rotated_target_complement,12,6,10,"complement_5","complement_9",-3.27053934209306e-15
GeometryData,rOcc_to_rPar_regular_minus_random,rotated_all,rotated_target_complement,12,6,11,"complement_5","complement_10",-5.43698792923911e-15
GeometryData,rOcc_to_rPar_regular_minus_random,rotated_all,rotated_target_complement,12,7,1,"complement_6","target_1",-2.53081498114382e-15
GeometryData,rOcc_to_rPar_regular_minus_random,rotated_all,rotated_target_complement,12,7,2,"complement_6","complement_1",-5.97456241874087e-15
GeometryData,rOcc_to_rPar_regular_minus_random,rotated_all,rotated_target_complement,12,7,3,"complement_6","complement_2",1.84315532881141e-15
GeometryData,rOcc_to_rPar_regular_minus_random,rotated_all,rotated_target_complement,12,7,4,"complement_6","complement_3",-1.24844304776678e-15
GeometryData,rOcc_to_rPar_regular_minus_random,rotated_all,rotated_target_complement,12,7,5,"complement_6","complement_4",-3.89151638337264e-16
GeometryData,rOcc_to_rPar_regular_minus_random,rotated_all,rotated_target_complement,12,7,6,"complement_6","complement_5",-1.64263987277822e-15
GeometryData,rOcc_to_rPar_regular_minus_random,rotated_all,rotated_target_complement,12,7,7,"complement_6","complement_6",0.0053841577927809
GeometryData,rOcc_to_rPar_regular_minus_random,rotated_all,rotated_target_complement,12,7,8,"complement_6","complement_7",9.71911115106968e-16
GeometryData,rOcc_to_rPar_regular_minus_random,rotated_all,rotated_target_complement,12,7,9,"complement_6","complement_8",4.88050615468634e-15
GeometryData,rOcc_to_rPar_regular_minus_random,rotated_all,rotated_target_complement,12,7,10,"complement_6","complement_9",8.79421089133546e-16
GeometryData,rOcc_to_rPar_regular_minus_random,rotated_all,rotated_target_complement,12,7,11,"complement_6","complement_10",1.91635241602964e-16
GeometryData,rOcc_to_rPar_regular_minus_random,rotated_all,rotated_target_complement,12,8,1,"complement_7","target_1",-3.13571390589463e-17
GeometryData,rOcc_to_rPar_regular_minus_random,rotated_all,rotated_target_complement,12,8,2,"complement_7","complement_1",1.04357191021712e-14
GeometryData,rOcc_to_rPar_regular_minus_random,rotated_all,rotated_target_complement,12,8,3,"complement_7","complement_2",-1.88912453021785e-15
GeometryData,rOcc_to_rPar_regular_minus_random,rotated_all,rotated_target_complement,12,8,4,"complement_7","complement_3",-3.49834290351615e-15
GeometryData,rOcc_to_rPar_regular_minus_random,rotated_all,rotated_target_complement,12,8,5,"complement_7","complement_4",1.84319342535835e-15
GeometryData,rOcc_to_rPar_regular_minus_random,rotated_all,rotated_target_complement,12,8,6,"complement_7","complement_5",1.35096358425858e-15
GeometryData,rOcc_to_rPar_regular_minus_random,rotated_all,rotated_target_complement,12,8,7,"complement_7","complement_6",9.71911115106968e-16
GeometryData,rOcc_to_rPar_regular_minus_random,rotated_all,rotated_target_complement,12,8,8,"complement_7","complement_7",0.00534117816832591
GeometryData,rOcc_to_rPar_regular_minus_random,rotated_all,rotated_target_complement,12,8,9,"complement_7","complement_8",5.68892437342124e-15
GeometryData,rOcc_to_rPar_regular_minus_random,rotated_all,rotated_target_complement,12,8,10,"complement_7","complement_9",-2.05014740824327e-15
GeometryData,rOcc_to_rPar_regular_minus_random,rotated_all,rotated_target_complement,12,8,11,"complement_7","complement_10",1.38016356347967e-16
GeometryData,rOcc_to_rPar_regular_minus_random,rotated_all,rotated_target_complement,12,9,1,"complement_8","target_1",2.04192282446267e-15
GeometryData,rOcc_to_rPar_regular_minus_random,rotated_all,rotated_target_complement,12,9,2,"complement_8","complement_1",1.85656368169496e-15
GeometryData,rOcc_to_rPar_regular_minus_random,rotated_all,rotated_target_complement,12,9,3,"complement_8","complement_2",1.90633435227964e-16
GeometryData,rOcc_to_rPar_regular_minus_random,rotated_all,rotated_target_complement,12,9,4,"complement_8","complement_3",2.55977735987109e-15
GeometryData,rOcc_to_rPar_regular_minus_random,rotated_all,rotated_target_complement,12,9,5,"complement_8","complement_4",-3.32815391852697e-15
GeometryData,rOcc_to_rPar_regular_minus_random,rotated_all,rotated_target_complement,12,9,6,"complement_8","complement_5",1.76964409518603e-15
GeometryData,rOcc_to_rPar_regular_minus_random,rotated_all,rotated_target_complement,12,9,7,"complement_8","complement_6",4.88050615468634e-15
GeometryData,rOcc_to_rPar_regular_minus_random,rotated_all,rotated_target_complement,12,9,8,"complement_8","complement_7",5.68892437342124e-15
GeometryData,rOcc_to_rPar_regular_minus_random,rotated_all,rotated_target_complement,12,9,9,"complement_8","complement_8",0.00537315547776629
GeometryData,rOcc_to_rPar_regular_minus_random,rotated_all,rotated_target_complement,12,9,10,"complement_8","complement_9",-7.98533280537913e-16
GeometryData,rOcc_to_rPar_regular_minus_random,rotated_all,rotated_target_complement,12,9,11,"complement_8","complement_10",-5.09790972667805e-16
GeometryData,rOcc_to_rPar_regular_minus_random,rotated_all,rotated_target_complement,12,10,1,"complement_9","target_1",-2.55342613693481e-16
GeometryData,rOcc_to_rPar_regular_minus_random,rotated_all,rotated_target_complement,12,10,2,"complement_9","complement_1",-1.70702016936462e-15
GeometryData,rOcc_to_rPar_regular_minus_random,rotated_all,rotated_target_complement,12,10,3,"complement_9","complement_2",1.2428718333689e-15
GeometryData,rOcc_to_rPar_regular_minus_random,rotated_all,rotated_target_complement,12,10,4,"complement_9","complement_3",9.85646643185564e-16
GeometryData,rOcc_to_rPar_regular_minus_random,rotated_all,rotated_target_complement,12,10,5,"complement_9","complement_4",-3.65450478771769e-15
GeometryData,rOcc_to_rPar_regular_minus_random,rotated_all,rotated_target_complement,12,10,6,"complement_9","complement_5",-3.27053934209306e-15
GeometryData,rOcc_to_rPar_regular_minus_random,rotated_all,rotated_target_complement,12,10,7,"complement_9","complement_6",8.79421089133546e-16
GeometryData,rOcc_to_rPar_regular_minus_random,rotated_all,rotated_target_complement,12,10,8,"complement_9","complement_7",-2.05014740824327e-15
GeometryData,rOcc_to_rPar_regular_minus_random,rotated_all,rotated_target_complement,12,10,9,"complement_9","complement_8",-7.98533280537913e-16
GeometryData,rOcc_to_rPar_regular_minus_random,rotated_all,rotated_target_complement,12,10,10,"complement_9","complement_9",0.00536202617304937
GeometryData,rOcc_to_rPar_regular_minus_random,rotated_all,rotated_target_complement,12,11,1,"complement_10","target_1",5.32673048433631e-32
GeometryData,rOcc_to_rPar_regular_minus_random,rotated_all,rotated_target_complement,12,11,2,"complement_10","complement_1",2.58215795203075e-15
GeometryData,rOcc_to_rPar_regular_minus_random,rotated_all,rotated_target_complement,12,11,3,"complement_10","complement_2",-9.80197642064037e-16
GeometryData,rOcc_to_rPar_regular_minus_random,rotated_all,rotated_target_complement,12,11,4,"complement_10","complement_3",2.7991168986523e-15
GeometryData,rOcc_to_rPar_regular_minus_random,rotated_all,rotated_target_complement,12,11,5,"complement_10","complement_4",2.70804057554081e-15
GeometryData,rOcc_to_rPar_regular_minus_random,rotated_all,rotated_target_complement,12,11,6,"complement_10","complement_5",-5.43698792923911e-15
GeometryData,rOcc_to_rPar_regular_minus_random,rotated_all,rotated_target_complement,12,11,7,"complement_10","complement_6",1.91635241602964e-16
GeometryData,rOcc_to_rPar_regular_minus_random,rotated_all,rotated_target_complement,12,11,8,"complement_10","complement_7",1.38016356347967e-16
GeometryData,rOcc_to_rPar_regular_minus_random,rotated_all,rotated_target_complement,12,11,9,"complement_10","complement_8",-5.09790972667805e-16
GeometryData,rOcc_to_rPar_regular_minus_random,rotated_all,rotated_target_complement,12,11,11,"complement_10","complement_10",0.00537692512234322
GeometryData,rOcc_to_rPar_regular_minus_random,rotated_all,rotated_target_complement,12,12,12,"complement_11","complement_11",0.00536101726068683
GeometryData,rOcc_to_rPar_regular_minus_random,rotated_targetwise_plus_nuisance,rotated_target_complement,12,1,1,"target_1","target_1",0.00549296871275828
GeometryData,rOcc_to_rPar_regular_minus_random,rotated_targetwise_plus_nuisance,rotated_target_complement,12,1,2,"target_1","complement_1",2.75728011655135e-16
GeometryData,rOcc_to_rPar_regular_minus_random,rotated_targetwise_plus_nuisance,rotated_target_complement,12,1,3,"target_1","complement_2",3.17510769992685e-17
GeometryData,rOcc_to_rPar_regular_minus_random,rotated_targetwise_plus_nuisance,rotated_target_complement,12,1,4,"target_1","complement_3",-1.17121198919558e-16
GeometryData,rOcc_to_rPar_regular_minus_random,rotated_targetwise_plus_nuisance,rotated_target_complement,12,1,5,"target_1","complement_4",-2.40760430894371e-16
GeometryData,rOcc_to_rPar_regular_minus_random,rotated_targetwise_plus_nuisance,rotated_target_complement,12,1,6,"target_1","complement_5",1.46680210786379e-16
GeometryData,rOcc_to_rPar_regular_minus_random,rotated_targetwise_plus_nuisance,rotated_target_complement,12,1,7,"target_1","complement_6",1.93909729918448e-16
GeometryData,rOcc_to_rPar_regular_minus_random,rotated_targetwise_plus_nuisance,rotated_target_complement,12,1,8,"target_1","complement_7",-1.96273560650685e-16
GeometryData,rOcc_to_rPar_regular_minus_random,rotated_targetwise_plus_nuisance,rotated_target_complement,12,1,9,"target_1","complement_8",1.28054315604892e-15
GeometryData,rOcc_to_rPar_regular_minus_random,rotated_targetwise_plus_nuisance,rotated_target_complement,12,1,10,"target_1","complement_9",-6.53971316877825e-16
GeometryData,rOcc_to_rPar_regular_minus_random,rotated_targetwise_plus_nuisance,rotated_target_complement,12,1,11,"target_1","complement_10",-8.7104320328518e-33
GeometryData,rOcc_to_rPar_regular_minus_random,rotated_targetwise_plus_nuisance,rotated_target_complement,12,2,1,"complement_1","target_1",2.75728011655135e-16
GeometryData,rOcc_to_rPar_regular_minus_random,rotated_targetwise_plus_nuisance,rotated_target_complement,12,2,2,"complement_1","complement_1",0.00536744089797558
GeometryData,rOcc_to_rPar_regular_minus_random,rotated_targetwise_plus_nuisance,rotated_target_complement,12,2,3,"complement_1","complement_2",6.903266534256e-16
GeometryData,rOcc_to_rPar_regular_minus_random,rotated_targetwise_plus_nuisance,rotated_target_complement,12,2,4,"complement_1","complement_3",-1.33141479720732e-15
GeometryData,rOcc_to_rPar_regular_minus_random,rotated_targetwise_plus_nuisance,rotated_target_complement,12,2,5,"complement_1","complement_4",2.47203960868698e-16
GeometryData,rOcc_to_rPar_regular_minus_random,rotated_targetwise_plus_nuisance,rotated_target_complement,12,2,6,"complement_1","complement_5",1.34410552786985e-15
GeometryData,rOcc_to_rPar_regular_minus_random,rotated_targetwise_plus_nuisance,rotated_target_complement,12,2,7,"complement_1","complement_6",-3.34608768770041e-15
GeometryData,rOcc_to_rPar_regular_minus_random,rotated_targetwise_plus_nuisance,rotated_target_complement,12,2,8,"complement_1","complement_7",1.25447988858832e-15
GeometryData,rOcc_to_rPar_regular_minus_random,rotated_targetwise_plus_nuisance,rotated_target_complement,12,2,9,"complement_1","complement_8",1.41681400892052e-15
GeometryData,rOcc_to_rPar_regular_minus_random,rotated_targetwise_plus_nuisance,rotated_target_complement,12,2,10,"complement_1","complement_9",-6.56021989138988e-16
GeometryData,rOcc_to_rPar_regular_minus_random,rotated_targetwise_plus_nuisance,rotated_target_complement,12,2,11,"complement_1","complement_10",1.6213910833101e-15
GeometryData,rOcc_to_rPar_regular_minus_random,rotated_targetwise_plus_nuisance,rotated_target_complement,12,3,1,"complement_2","target_1",3.17510769992685e-17
GeometryData,rOcc_to_rPar_regular_minus_random,rotated_targetwise_plus_nuisance,rotated_target_complement,12,3,2,"complement_2","complement_1",6.903266534256e-16
GeometryData,rOcc_to_rPar_regular_minus_random,rotated_targetwise_plus_nuisance,rotated_target_complement,12,3,3,"complement_2","complement_2",0.00536744089797914
GeometryData,rOcc_to_rPar_regular_minus_random,rotated_targetwise_plus_nuisance,rotated_target_complement,12,3,4,"complement_2","complement_3",3.20950091177203e-16
GeometryData,rOcc_to_rPar_regular_minus_random,rotated_targetwise_plus_nuisance,rotated_target_complement,12,3,5,"complement_2","complement_4",4.74458591788379e-17
GeometryData,rOcc_to_rPar_regular_minus_random,rotated_targetwise_plus_nuisance,rotated_target_complement,12,3,6,"complement_2","complement_5",-9.9769812731968e-16
GeometryData,rOcc_to_rPar_regular_minus_random,rotated_targetwise_plus_nuisance,rotated_target_complement,12,3,7,"complement_2","complement_6",-1.4367196484915e-15
GeometryData,rOcc_to_rPar_regular_minus_random,rotated_targetwise_plus_nuisance,rotated_target_complement,12,3,8,"complement_2","complement_7",-1.84854110250751e-15
GeometryData,rOcc_to_rPar_regular_minus_random,rotated_targetwise_plus_nuisance,rotated_target_complement,12,3,9,"complement_2","complement_8",-1.29206608551613e-17
GeometryData,rOcc_to_rPar_regular_minus_random,rotated_targetwise_plus_nuisance,rotated_target_complement,12,3,10,"complement_2","complement_9",4.25739667913601e-16
GeometryData,rOcc_to_rPar_regular_minus_random,rotated_targetwise_plus_nuisance,rotated_target_complement,12,3,11,"complement_2","complement_10",-6.03940973984633e-16
GeometryData,rOcc_to_rPar_regular_minus_random,rotated_targetwise_plus_nuisance,rotated_target_complement,12,4,1,"complement_3","target_1",-1.17121198919558e-16
GeometryData,rOcc_to_rPar_regular_minus_random,rotated_targetwise_plus_nuisance,rotated_target_complement,12,4,2,"complement_3","complement_1",-1.33141479720732e-15
GeometryData,rOcc_to_rPar_regular_minus_random,rotated_targetwise_plus_nuisance,rotated_target_complement,12,4,3,"complement_3","complement_2",3.20950091177203e-16
GeometryData,rOcc_to_rPar_regular_minus_random,rotated_targetwise_plus_nuisance,rotated_target_complement,12,4,4,"complement_3","complement_3",0.00536744089797825
GeometryData,rOcc_to_rPar_regular_minus_random,rotated_targetwise_plus_nuisance,rotated_target_complement,12,4,5,"complement_3","complement_4",-9.13784276444577e-16
GeometryData,rOcc_to_rPar_regular_minus_random,rotated_targetwise_plus_nuisance,rotated_target_complement,12,4,6,"complement_3","complement_5",1.02692241258394e-15
GeometryData,rOcc_to_rPar_regular_minus_random,rotated_targetwise_plus_nuisance,rotated_target_complement,12,4,7,"complement_3","complement_6",-2.6783541679472e-16
GeometryData,rOcc_to_rPar_regular_minus_random,rotated_targetwise_plus_nuisance,rotated_target_complement,12,4,8,"complement_3","complement_7",-5.54184519621388e-16
GeometryData,rOcc_to_rPar_regular_minus_random,rotated_targetwise_plus_nuisance,rotated_target_complement,12,4,9,"complement_3","complement_8",2.1715425334946e-15
GeometryData,rOcc_to_rPar_regular_minus_random,rotated_targetwise_plus_nuisance,rotated_target_complement,12,4,10,"complement_3","complement_9",-1.76166030495155e-16
GeometryData,rOcc_to_rPar_regular_minus_random,rotated_targetwise_plus_nuisance,rotated_target_complement,12,4,11,"complement_3","complement_10",1.33965397917368e-15
GeometryData,rOcc_to_rPar_regular_minus_random,rotated_targetwise_plus_nuisance,rotated_target_complement,12,5,1,"complement_4","target_1",-2.40760430894371e-16
GeometryData,rOcc_to_rPar_regular_minus_random,rotated_targetwise_plus_nuisance,rotated_target_complement,12,5,2,"complement_4","complement_1",2.47203960868698e-16
GeometryData,rOcc_to_rPar_regular_minus_random,rotated_targetwise_plus_nuisance,rotated_target_complement,12,5,3,"complement_4","complement_2",4.74458591788379e-17
GeometryData,rOcc_to_rPar_regular_minus_random,rotated_targetwise_plus_nuisance,rotated_target_complement,12,5,4,"complement_4","complement_3",-9.13784276444577e-16
GeometryData,rOcc_to_rPar_regular_minus_random,rotated_targetwise_plus_nuisance,rotated_target_complement,12,5,5,"complement_4","complement_4",0.00536744089798091
GeometryData,rOcc_to_rPar_regular_minus_random,rotated_targetwise_plus_nuisance,rotated_target_complement,12,5,6,"complement_4","complement_5",2.06354167763823e-15
GeometryData,rOcc_to_rPar_regular_minus_random,rotated_targetwise_plus_nuisance,rotated_target_complement,12,5,7,"complement_4","complement_6",-4.73192939313527e-16
GeometryData,rOcc_to_rPar_regular_minus_random,rotated_targetwise_plus_nuisance,rotated_target_complement,12,5,8,"complement_4","complement_7",5.15177972430422e-17
GeometryData,rOcc_to_rPar_regular_minus_random,rotated_targetwise_plus_nuisance,rotated_target_complement,12,5,9,"complement_4","complement_8",-9.79144842173133e-16
GeometryData,rOcc_to_rPar_regular_minus_random,rotated_targetwise_plus_nuisance,rotated_target_complement,12,5,10,"complement_4","complement_9",-1.52852959604633e-15
GeometryData,rOcc_to_rPar_regular_minus_random,rotated_targetwise_plus_nuisance,rotated_target_complement,12,5,11,"complement_4","complement_10",1.04465465770315e-15
GeometryData,rOcc_to_rPar_regular_minus_random,rotated_targetwise_plus_nuisance,rotated_target_complement,12,6,1,"complement_5","target_1",1.46680210786379e-16
GeometryData,rOcc_to_rPar_regular_minus_random,rotated_targetwise_plus_nuisance,rotated_target_complement,12,6,2,"complement_5","complement_1",1.34410552786985e-15
GeometryData,rOcc_to_rPar_regular_minus_random,rotated_targetwise_plus_nuisance,rotated_target_complement,12,6,3,"complement_5","complement_2",-9.9769812731968e-16
GeometryData,rOcc_to_rPar_regular_minus_random,rotated_targetwise_plus_nuisance,rotated_target_complement,12,6,4,"complement_5","complement_3",1.02692241258394e-15
GeometryData,rOcc_to_rPar_regular_minus_random,rotated_targetwise_plus_nuisance,rotated_target_complement,12,6,5,"complement_5","complement_4",2.06354167763823e-15
GeometryData,rOcc_to_rPar_regular_minus_random,rotated_targetwise_plus_nuisance,rotated_target_complement,12,6,6,"complement_5","complement_5",0.00536744089797381
GeometryData,rOcc_to_rPar_regular_minus_random,rotated_targetwise_plus_nuisance,rotated_target_complement,12,6,7,"complement_5","complement_6",-1.98176433834364e-16
GeometryData,rOcc_to_rPar_regular_minus_random,rotated_targetwise_plus_nuisance,rotated_target_complement,12,6,8,"complement_5","complement_7",4.24082757157297e-16
GeometryData,rOcc_to_rPar_regular_minus_random,rotated_targetwise_plus_nuisance,rotated_target_complement,12,6,9,"complement_5","complement_8",1.06223869873804e-15
GeometryData,rOcc_to_rPar_regular_minus_random,rotated_targetwise_plus_nuisance,rotated_target_complement,12,6,10,"complement_5","complement_9",-2.16040872072083e-16
GeometryData,rOcc_to_rPar_regular_minus_random,rotated_targetwise_plus_nuisance,rotated_target_complement,12,6,11,"complement_5","complement_10",-2.93378920139595e-15
GeometryData,rOcc_to_rPar_regular_minus_random,rotated_targetwise_plus_nuisance,rotated_target_complement,12,7,1,"complement_6","target_1",1.93909729918448e-16
GeometryData,rOcc_to_rPar_regular_minus_random,rotated_targetwise_plus_nuisance,rotated_target_complement,12,7,2,"complement_6","complement_1",-3.34608768770041e-15
GeometryData,rOcc_to_rPar_regular_minus_random,rotated_targetwise_plus_nuisance,rotated_target_complement,12,7,3,"complement_6","complement_2",-1.4367196484915e-15
GeometryData,rOcc_to_rPar_regular_minus_random,rotated_targetwise_plus_nuisance,rotated_target_complement,12,7,4,"complement_6","complement_3",-2.6783541679472e-16
GeometryData,rOcc_to_rPar_regular_minus_random,rotated_targetwise_plus_nuisance,rotated_target_complement,12,7,5,"complement_6","complement_4",-4.73192939313527e-16
GeometryData,rOcc_to_rPar_regular_minus_random,rotated_targetwise_plus_nuisance,rotated_target_complement,12,7,6,"complement_6","complement_5",-1.98176433834364e-16
GeometryData,rOcc_to_rPar_regular_minus_random,rotated_targetwise_plus_nuisance,rotated_target_complement,12,7,7,"complement_6","complement_6",0.00536744089797558
GeometryData,rOcc_to_rPar_regular_minus_random,rotated_targetwise_plus_nuisance,rotated_target_complement,12,7,8,"complement_6","complement_7",-1.46159171284084e-15
GeometryData,rOcc_to_rPar_regular_minus_random,rotated_targetwise_plus_nuisance,rotated_target_complement,12,7,9,"complement_6","complement_8",-6.62984313217224e-16
GeometryData,rOcc_to_rPar_regular_minus_random,rotated_targetwise_plus_nuisance,rotated_target_complement,12,7,10,"complement_6","complement_9",-4.21271397623124e-17
GeometryData,rOcc_to_rPar_regular_minus_random,rotated_targetwise_plus_nuisance,rotated_target_complement,12,7,11,"complement_6","complement_10",6.52909161064469e-17
GeometryData,rOcc_to_rPar_regular_minus_random,rotated_targetwise_plus_nuisance,rotated_target_complement,12,8,1,"complement_7","target_1",-1.96273560650685e-16
GeometryData,rOcc_to_rPar_regular_minus_random,rotated_targetwise_plus_nuisance,rotated_target_complement,12,8,2,"complement_7","complement_1",1.25447988858832e-15
GeometryData,rOcc_to_rPar_regular_minus_random,rotated_targetwise_plus_nuisance,rotated_target_complement,12,8,3,"complement_7","complement_2",-1.84854110250751e-15
GeometryData,rOcc_to_rPar_regular_minus_random,rotated_targetwise_plus_nuisance,rotated_target_complement,12,8,4,"complement_7","complement_3",-5.54184519621388e-16
GeometryData,rOcc_to_rPar_regular_minus_random,rotated_targetwise_plus_nuisance,rotated_target_complement,12,8,5,"complement_7","complement_4",5.15177972430422e-17
GeometryData,rOcc_to_rPar_regular_minus_random,rotated_targetwise_plus_nuisance,rotated_target_complement,12,8,6,"complement_7","complement_5",4.24082757157297e-16
GeometryData,rOcc_to_rPar_regular_minus_random,rotated_targetwise_plus_nuisance,rotated_target_complement,12,8,7,"complement_7","complement_6",-1.46159171284084e-15
GeometryData,rOcc_to_rPar_regular_minus_random,rotated_targetwise_plus_nuisance,rotated_target_complement,12,8,8,"complement_7","complement_7",0.00536744089798358
GeometryData,rOcc_to_rPar_regular_minus_random,rotated_targetwise_plus_nuisance,rotated_target_complement,12,8,9,"complement_7","complement_8",-1.09088794390601e-15
GeometryData,rOcc_to_rPar_regular_minus_random,rotated_targetwise_plus_nuisance,rotated_target_complement,12,8,10,"complement_7","complement_9",-2.69532936519353e-15
GeometryData,rOcc_to_rPar_regular_minus_random,rotated_targetwise_plus_nuisance,rotated_target_complement,12,8,11,"complement_7","complement_10",6.61788085218596e-17
GeometryData,rOcc_to_rPar_regular_minus_random,rotated_targetwise_plus_nuisance,rotated_target_complement,12,9,1,"complement_8","target_1",1.28054315604892e-15
GeometryData,rOcc_to_rPar_regular_minus_random,rotated_targetwise_plus_nuisance,rotated_target_complement,12,9,2,"complement_8","complement_1",1.41681400892052e-15
GeometryData,rOcc_to_rPar_regular_minus_random,rotated_targetwise_plus_nuisance,rotated_target_complement,12,9,3,"complement_8","complement_2",-1.29206608551613e-17
GeometryData,rOcc_to_rPar_regular_minus_random,rotated_targetwise_plus_nuisance,rotated_target_complement,12,9,4,"complement_8","complement_3",2.1715425334946e-15
GeometryData,rOcc_to_rPar_regular_minus_random,rotated_targetwise_plus_nuisance,rotated_target_complement,12,9,5,"complement_8","complement_4",-9.79144842173133e-16
GeometryData,rOcc_to_rPar_regular_minus_random,rotated_targetwise_plus_nuisance,rotated_target_complement,12,9,6,"complement_8","complement_5",1.06223869873804e-15
GeometryData,rOcc_to_rPar_regular_minus_random,rotated_targetwise_plus_nuisance,rotated_target_complement,12,9,7,"complement_8","complement_6",-6.62984313217224e-16
GeometryData,rOcc_to_rPar_regular_minus_random,rotated_targetwise_plus_nuisance,rotated_target_complement,12,9,8,"complement_8","complement_7",-1.09088794390601e-15
GeometryData,rOcc_to_rPar_regular_minus_random,rotated_targetwise_plus_nuisance,rotated_target_complement,12,9,9,"complement_8","complement_8",0.00536744089798091
GeometryData,rOcc_to_rPar_regular_minus_random,rotated_targetwise_plus_nuisance,rotated_target_complement,12,9,10,"complement_8","complement_9",-5.54498279422113e-16
GeometryData,rOcc_to_rPar_regular_minus_random,rotated_targetwise_plus_nuisance,rotated_target_complement,12,9,11,"complement_8","complement_10",-4.78800051447277e-16
GeometryData,rOcc_to_rPar_regular_minus_random,rotated_targetwise_plus_nuisance,rotated_target_complement,12,10,1,"complement_9","target_1",-6.53971316877825e-16
GeometryData,rOcc_to_rPar_regular_minus_random,rotated_targetwise_plus_nuisance,rotated_target_complement,12,10,2,"complement_9","complement_1",-6.56021989138988e-16
GeometryData,rOcc_to_rPar_regular_minus_random,rotated_targetwise_plus_nuisance,rotated_target_complement,12,10,3,"complement_9","complement_2",4.25739667913601e-16
GeometryData,rOcc_to_rPar_regular_minus_random,rotated_targetwise_plus_nuisance,rotated_target_complement,12,10,4,"complement_9","complement_3",-1.76166030495155e-16
GeometryData,rOcc_to_rPar_regular_minus_random,rotated_targetwise_plus_nuisance,rotated_target_complement,12,10,5,"complement_9","complement_4",-1.52852959604633e-15
GeometryData,rOcc_to_rPar_regular_minus_random,rotated_targetwise_plus_nuisance,rotated_target_complement,12,10,6,"complement_9","complement_5",-2.16040872072083e-16
GeometryData,rOcc_to_rPar_regular_minus_random,rotated_targetwise_plus_nuisance,rotated_target_complement,12,10,7,"complement_9","complement_6",-4.21271397623124e-17
GeometryData,rOcc_to_rPar_regular_minus_random,rotated_targetwise_plus_nuisance,rotated_target_complement,12,10,8,"complement_9","complement_7",-2.69532936519353e-15
GeometryData,rOcc_to_rPar_regular_minus_random,rotated_targetwise_plus_nuisance,rotated_target_complement,12,10,9,"complement_9","complement_8",-5.54498279422113e-16
GeometryData,rOcc_to_rPar_regular_minus_random,rotated_targetwise_plus_nuisance,rotated_target_complement,12,10,10,"complement_9","complement_9",0.00536744089797558
GeometryData,rOcc_to_rPar_regular_minus_random,rotated_targetwise_plus_nuisance,rotated_target_complement,12,11,1,"complement_10","target_1",-8.7104320328518e-33
GeometryData,rOcc_to_rPar_regular_minus_random,rotated_targetwise_plus_nuisance,rotated_target_complement,12,11,2,"complement_10","complement_1",1.6213910833101e-15
GeometryData,rOcc_to_rPar_regular_minus_random,rotated_targetwise_plus_nuisance,rotated_target_complement,12,11,3,"complement_10","complement_2",-6.03940973984633e-16
GeometryData,rOcc_to_rPar_regular_minus_random,rotated_targetwise_plus_nuisance,rotated_target_complement,12,11,4,"complement_10","complement_3",1.33965397917368e-15
GeometryData,rOcc_to_rPar_regular_minus_random,rotated_targetwise_plus_nuisance,rotated_target_complement,12,11,5,"complement_10","complement_4",1.04465465770315e-15
GeometryData,rOcc_to_rPar_regular_minus_random,rotated_targetwise_plus_nuisance,rotated_target_complement,12,11,6,"complement_10","complement_5",-2.93378920139595e-15
GeometryData,rOcc_to_rPar_regular_minus_random,rotated_targetwise_plus_nuisance,rotated_target_complement,12,11,7,"complement_10","complement_6",6.52909161064469e-17
GeometryData,rOcc_to_rPar_regular_minus_random,rotated_targetwise_plus_nuisance,rotated_target_complement,12,11,8,"complement_10","complement_7",6.61788085218596e-17
GeometryData,rOcc_to_rPar_regular_minus_random,rotated_targetwise_plus_nuisance,rotated_target_complement,12,11,9,"complement_10","complement_8",-4.78800051447277e-16
GeometryData,rOcc_to_rPar_regular_minus_random,rotated_targetwise_plus_nuisance,rotated_target_complement,12,11,11,"complement_10","complement_10",0.00536744089797914
GeometryData,rOcc_to_rPar_regular_minus_random,rotated_targetwise_plus_nuisance,rotated_target_complement,12,12,12,"complement_11","complement_11",0.00536744089798002
GeometryData,rOcc_to_rPar_regular_minus_random,source_all,source,12,1,1,"B(2,1,1)","B(2,1,1)",0.00536814707905009
GeometryData,rOcc_to_rPar_regular_minus_random,source_all,source,12,2,2,"B(1,2,1)","B(1,2,1)",0.00536439056373617
GeometryData,rOcc_to_rPar_regular_minus_random,source_all,source,12,3,3,"B(2,1,2)","B(2,1,2)",0.00539028940099406
GeometryData,rOcc_to_rPar_regular_minus_random,source_all,source,12,4,4,"B(1,2,2)","B(1,2,2)",0.00536471167200858
GeometryData,rOcc_to_rPar_regular_minus_random,source_all,source,12,5,5,"B(2,1,3)","B(2,1,3)",0.00537191125997083
GeometryData,rOcc_to_rPar_regular_minus_random,source_all,source,12,6,6,"B(1,2,3)","B(1,2,3)",0.00536681126183502
GeometryData,rOcc_to_rPar_regular_minus_random,source_all,source,12,7,7,"B(2,1,4)","B(2,1,4)",0.00543709148573868
GeometryData,rOcc_to_rPar_regular_minus_random,source_all,source,12,8,8,"B(1,2,4)","B(1,2,4)",0.00535452054651486
GeometryData,rOcc_to_rPar_regular_minus_random,source_all,source,12,9,9,"B(2,1,5)","B(2,1,5)",0.00536772243714445
GeometryData,rOcc_to_rPar_regular_minus_random,source_all,source,12,10,10,"B(1,2,5)","B(1,2,5)",0.00536553864198019
GeometryData,rOcc_to_rPar_regular_minus_random,source_all,source,12,11,11,"B(2,1,6)","B(2,1,6)",0.00537107138629977
GeometryData,rOcc_to_rPar_regular_minus_random,source_all,source,12,12,12,"B(1,2,6)","B(1,2,6)",0.00536555149814077
GeometryData,rOcc_to_rPar_regular_minus_random,source_single,source,12,1,1,"B(2,1,1)","B(2,1,1)",0.00538498047008318
GeometryData,rOcc_to_rPar_regular_minus_random,source_single,source,12,2,2,"B(1,2,1)","B(1,2,1)",0.00538498047008318
GeometryData,rOcc_to_rPar_regular_minus_random,source_single,source,12,3,3,"B(2,1,2)","B(2,1,2)",0.00538498047008318
GeometryData,rOcc_to_rPar_regular_minus_random,source_single,source,12,4,4,"B(1,2,2)","B(1,2,2)",0.00538498047008318
GeometryData,rOcc_to_rPar_regular_minus_random,source_single,source,12,5,5,"B(2,1,3)","B(2,1,3)",0.00538498047008318
GeometryData,rOcc_to_rPar_regular_minus_random,source_single,source,12,6,6,"B(1,2,3)","B(1,2,3)",0.00538498047008318
GeometryData,rOcc_to_rPar_regular_minus_random,source_single,source,12,7,7,"B(2,1,4)","B(2,1,4)",0.00538498047008318
GeometryData,rOcc_to_rPar_regular_minus_random,source_single,source,12,8,8,"B(1,2,4)","B(1,2,4)",0.00538498047008318
GeometryData,rOcc_to_rPar_regular_minus_random,source_single,source,12,9,9,"B(2,1,5)","B(2,1,5)",0.00538498047008318
GeometryData,rOcc_to_rPar_regular_minus_random,source_single,source,12,10,10,"B(1,2,5)","B(1,2,5)",0.00538498047008318
GeometryData,rOcc_to_rPar_regular_minus_random,source_single,source,12,11,11,"B(2,1,6)","B(2,1,6)",0.00538498047008318
GeometryData,rOcc_to_rPar_regular_minus_random,source_single,source,12,12,12,"B(1,2,6)","B(1,2,6)",0.00538498047008318
GeometryData,rOcc_to_rPar_regular_minus_random,target_direct,target,1,1,1,"target_1","target_1",0.00489351474330668
